100-yard dash,1972-73,,Mike McFarland,Chicago (Parker),:09.5
,1973-74,,Joe Stewart,Evanston (Twp.),:09.7
,1974-75,A,Neil Johnson,Prophetstown,:09.77
,1974-75,AA,Marvin Edmonds,East St. Louis (Sr.),:09.37
,1975-76,A,Steve Safranski,Granville (Putnam County),:09.95
,1975-76,AA,Tim Graf,Joliet (East),:09.54
,1976-77,A,Mike Simpson,Casey,:10.02
,1976-77,AA,George Carter,Chicago Heights (Bloom Twp.),:09.61
,1977-78,A,Mike Simpson,Casey,:09.85
,1977-78,AA,Steve Turner,Chicago (Lindblom),:09.74
,1978-79,A,Dan Jeffers,Rochester,:09.98
,1978-79,AA,Bob McGee,Evanston (Twp.),:09.51
100-meter dash,1979-80,A,Steve Buchholz,Paxton,:10.97
,1979-80,AA,Darryl Canady,Chicago (St. Ignatius College Prep),:10.55
,1980-81,A,Mike Conley,Chicago (Luther South),:10.64
,1980-81,AA,Wallace Spearmon,Blue Island (Eisenhower),:09.95
,1981-82,A,Rodney Harris,Chicago (Providence-St. Mel),:10.86
,1981-82,AA,Albert Robinson,Chicago (Hales Franciscan),:10.39
,1982-83,A,Rodney Harris,Chicago (Providence-St. Mel),:10.70
,1982-83,AA,Kelly Reed,Chicago (Kenwood),:10.53
,1983-84,A,Rodney Harris,Chicago (Providence-St. Mel),:10.45
,1983-84,AA,Thomas Adams,Rock Island (H.S.),:10.40
,1984-85,A,Eric Childs,Cairo,:10.79
,1984-85,AA,Aaron Mayo,Chicago Heights (Bloom Trail),:10.39
,1985-86,A,Cary Chandler,Chicago (Luther South),:10.96
,1985-86,AA,Keith Thomas,Chicago (Kenwood),:10.37
,1986-87,A,Dave Eaton,Galena (H.S.),:11.00
,1986-87,AA,Kenny Robinson,East St. Louis (Sr.),:10.88
,1987-88,A,Lubeech Graves,Cairo,:10.78
,1987-88,AA,Steve Kelly,Joliet (West),:10.59
,1988-89,A,Lubeech Graves,Cairo,:10.65
,1988-89,AA,Tim Newsome,Rock Island (H.S.),:10.59
,1989-90,A,Lubeech Graves,Cairo,:10.47
,1989-90,AA,Mario McDonald,Waukegan (West),:10.55
,1990-91,A,Eric Dabner,Decatur (St. Teresa),:10.60
,1990-91,AA,Kerwin Badie,Hillside (Proviso West),:10.66
,1991-92,A,Chris Harper,Chicago (University),:10.64
,1991-92,AA,Kerwin Badie,Hillside (Proviso West),:10.38
,1992-93,A,Bill Jordan,Kewanee (Wethersfield),:11.15
,1992-93,AA,Tony Simmons,Chicago (St. Rita),:10.92
,1993-94,A,Jonte Edwards,Rockford (Christian Life),:10.71
,1993-94,AA,Corey Day,Bolingbrook,:10.42
,1994-95,A,Joe Hosey,Burlington (Central),:11.17
,1994-95,AA,Chris Watson,Chicago (Leo),:10.91
,1995-96,A,Babatunde Ridley,Carlinville,:10.72
,1995-96,AA,Anthony Moorman,Roselle (Lake Park),:10.72
,1996-97,A,Brandon Murphy,Macomb,:10.90
,1996-97,AA,Anthony Moorman,Roselle (Lake Park),:10.56
,1997-98,A,Charlie Baltimore,Carlyle,:10.77
,1997-98,AA,Detar Anderson,East St. Louis (Sr.),:10.49
,1998-99,A,D.J. Glynn,Spring Valley (Hall),:10.93
,1998-99,AA,Ronel Muskeyvalley,Rock Island (H.S.),:10.94
,1999-00,A,Ryan Shields,Chicago (Leo),:11.06
,1999-00,AA,Kenny Mannie,Chicago Heights (Bloom Twp.),:11.00
,2000-01,A,Ryan Shields,Chicago (Leo),:10.64
,2000-01,AA,Ron Mitchell,South Holland (Thornwood),:10.60
,2001-02,A,Ryan Shields,Chicago (Leo),:10.77
,2001-02,AA,Tyreese Andrews,Chicago Heights (Bloom Twp.),:10.75
,2002-03,A,Rondell Williams,Chicago (Phillips),:10.86
,2002-03,AA,Charles Howell,Plainfield (H.S.),:10.49
,2003-04,A,Jose Oquendo,Rock Falls,:10.69
,2003-04,AA,Adam Harris,Wheaton (North),:10.68
,2004-05,A,Jeff Farnell,Lombard (Montini),:10.84
,2004-05,AA,Adam Harris,Wheaton (North),:10.50
,2005-06,A,Sammy Biggs,Morrison,:11.27
,2005-06,AA,Demarcus Brooks,Springfield (Southeast),:11.07
,2006-07,A,Zack Atkins,DuQuoin (H.S.),:10.88
,2006-07,AA,Demarcus Brooks,Springfield (Southeast),:10.57
,2007-08,A,Tommie Taylor,Herrin (H.S.),:10.99
,2007-08,AA,Demarcus Brooks,Springfield (Southeast),:10.68
,2008-09,1A,Jordan Thomas,Oregon,:11.01
,2008-09,2A,Justin Smith,Springfield (Lanphier),:10.70
,2008-09,3A,Colin Hepburn,Glenview (Glenbrook South),:10.50
,2009-10,1A,Jaelen McWilliams,Murphysboro,:11.04
,2009-10,2A,DeVantre Whitelow,Centralia,:10.82
,2009-10,3A,Colin Hepburn,Glenview (Glenbrook South),:10.74
,2010-11,1A,Bruce Gray,Chicago (Leo),:10.79
,,,Jonathan Hutchison,Peoria (P. Christian),:10.79
,2010-11,2A,DeVantre Whitelow,Centralia,:10.63
,2010-11,3A,Timothy Faust,Harvey (Thornton),:10.49
,2011-12,1A,Dontae Pryor,Kewanee (H.S.),10.61
,2011-12,2A,Reggie Bratton,Jacksonville (H.S.),10.63
,2011-12,3A,Tavaris Binion,Darien (Hinsdale South),10.53
,2012-13,1A,Tarence Roby,Rockford (Lutheran),10.93
,2012-13,2A,Reggie Bratton,Jacksonville (H.S.),10.68R
,2012-13,3A,Cole Henderson,Pekin,10.63
,2013-14,1A,Brett Charlton,Eureka,10.9
,2013-14,2A,Demoria Harris,Chicago (Dunbar),10.83
,2013-14,3A,Cole Henderson,Pekin,10.53
,2014-15,1A,Marcus Sitko,Staunton,10.65
,2014-15,2A,Josh Eiker,Galesburg (H.S.),10.57
,2014-15,3A,Kahmari Montgomery,Plainfield (Central),10.5
,2015-16,1A,Connor Icenogle,Williamsville,10.74
,2015-16,2A,Adam Nelson,Troy (Triad),10.72
,2015-16,3A,Josh Eiker,Galesburg (H.S.),10.48
,2016-17,1A,Easton Bianchi,Sterling (Newman Central Catholic),10.86
,2016-17,2A,Rodrick McMiller,Chicago (Perspectives/Leadership),10.85
,2016-17,3A,Declan Rustay,Hoffman Estates (H.S.),10.54
,2017-18,1A,Easton Bianchi,Sterling (Newman Central Catholic),10.6
,2017-18,2A,Ronald Reed,Decatur (MacArthur),10.72
,2017-18,3A,Marcellus Moore,Plainfield (North),10.31
,2018-19,1A,Cody Klein,Pana (H.S.),10.85
,2018-19,2A,Finnigan Schirmer,Marengo,10.62
,2018-19,3A,Marcellus Moore,Plainfield (North),10.39
,2020-21,1A,Tony Phillips,Kankakee (McNamara),10.87
,2020-21,2A,Kyle Burgoni,Tolono (Unity),10.72
,2020-21,3A,Brandon Battle,Edwardsville (H.S.),10.61
,2021-22,1A,Tony Phillips,Kankakee (McNamara),10.7
,2021-22,2A,Chris Nelson,Herrin (H.S.),10.7
,2021-22,3A,Reece Young,Wheaton (W. Warrenville South),10.58
,2022-23,1A,Peyton Locke,Taylor Ridge (Rockridge),10.86
,2022-23,2A,Braydon Waller,Chicago Heights (Marian),10.75
,2022-23,3A,Daniel Lacy,Champaign (Centennial),10.69
880-yard run,1972-73,,Charles White,Harvey (Thornton),01:51.0
,1973-74,,Dennis Kern,Chicago (Lane),01:52.0
,1974-75,A,Ron Ackerman,Maple Park (Kaneland),01:53.2
,1974-75,AA,Steve Schellenberger,Arlington Heights (Forest View),01:51.9
,1975-76,A,Scott Bartelt,Polo,01:55.0
,1975-76,AA,Steve Schellenberger,Arlington Heights (Forest View),01:49.9
,1976-77,A,Harvey Thomas,Lebanon,01:55.0
,1976-77,AA,David Ayoub,Peoria (H.S.),01:48.9
,1977-78,A,Mike Jackson,Blue Mound,01:54.2
,1977-78,AA,Jim Spivey,Bensenville (Fenton),01:50.3
,1978-79,A,Mike Jackson,Blue Mound,01:53.6
,1978-79,AA,Tony Guercio,Naperville (North),01:54.3
800-meter run,1979-80,A,Gary Hudson,Oakland,01:57.7
,1979-80,AA,Tony Guercio,Naperville (North),01:51.2
,1980-81,A,Mike Clark,Tonica,01:54.7
,1980-81,AA,Darren Kern,Chicago (King),01:51.5
,1981-82,A,Curt Stiner,Moweaqua,01:54.3
,1981-82,AA,Mike Elliott,Belvidere (H.S.),01:52.5
,1982-83,A,Dan Davis,Mt. Morris,01:56.0
,1982-83,AA,Mark Bittle,Harrisburg,01:53.6
,1983-84,A,Jim Maton,Shelbyville,01:54.1
,1983-84,AA,Leodis Fields,East St. Louis (Lincoln),01:52.9
,1984-85,A,Jerry Funk,Forreston,01:54.3
,1984-85,AA,James White,Elmhurst (York),01:53.1
,1985-86,A,Rob Carter,Clinton,01:53.6
,1985-86,AA,Rich Kolasa,Oak Forest,01:51.8
,1986-87,A,Rob Carter,Clinton,01:53.2
,1986-87,AA,Aaron Rogers,Chicago (C. Vocational),01:51.6
,1987-88,A,Rob Carter,Clinton,01:53.0
,1987-88,AA,Aaron Rogers,Chicago (C. Vocational),01:50.3
,1988-89,A,Kyle Johnson,Gillespie,01:55.5
,1988-89,AA,Donte Moore,Mt. Vernon (H.S.),01:54.0
,1989-90,A,Jeremy Skinner,Shelbyville,01:55.1
,1989-90,AA,Marlon Jones,Bartonville (Limestone),01:51.1
,1990-91,A,Joel Denault,Herscher,01:55.3
,1990-91,AA,Joel Brooks,Chicago Heights (Bloom Twp.),01:52.2
,1991-92,A,Jacob Parker,Mounds (Meridian),01:57.5
,1991-92,AA,Chris Ellis,Chicago (C. Vocational),01:55.4
,1992-93,A,Brian Allen,St. Joseph (S.J.-Ogden),01:55.5
,1992-93,AA,Keith West,Niles (Notre Dame),01:54.4
,1993-94,A,Chris Jones,Lisle (Sr.),01:56.8
,1993-94,AA,Craig Gundlach,Elmhurst (York),01:53.8
,1994-95,A,Jim Donovan,Normal (University),01:55.8
,1994-95,AA,Klint Wescom,Machesney Park (Harlem),01:53.5
,1995-96,A,Jamie Nelson,Monmouth (H.S.),01:57.8
,1995-96,AA,Kyle Leonard,New Lenox (Lincoln-Way),01:52.6
,1996-97,A,Ron Kingma,Lansing (Illiana Christian),01:57.7
,1996-97,AA,Jason Van Swol,New Lenox (Lincoln-Way),01:52.6
,1997-98,A,David Thomas,Chicago (Leo),01:56.8
,1997-98,AA,Jason Van Swol,New Lenox (Lincoln-Way),01:49.7
,1998-99,A,Patton Segraves,Harrisburg,01:56.2
,1998-99,AA,Nick Setta,Lockport (Twp.),01:52.2
,1999-00,A,Jack Blake,Wheaton (St. Francis),01:56.1
,1999-00,AA,Tim Hobbs,Elmhurst (York),01:52.2
,2000-01,A,Aaron King,Knoxville,01:54.3
,2000-01,AA,Tim Hobbs,Elmhurst (York),01:51.8
,2001-02,A,Zach Glavash,Chillicothe (Illinois Valley Central),01:54.4
,2001-02,AA,Tramell Smith,Villa Park (Willowbrook),01:50.7
,2002-03,A,Zach Glavash,Chillicothe (Illinois Valley Central),01:56.0
,2002-03,AA,Jeremy Kruidenier,Champaign (Central),01:54.6
,2003-04,A,Chris Wesson,Burlington (Central),01:55.3
,2003-04,AA,Durrell Williams,Aurora (Waubonsie Valley),01:53.3
,2004-05,A,Charlie Hatch,Nashville,01:53.8
,2004-05,AA,Stephen Williams,Marion (H.S.),01:51.8
,2005-06,A,Rodney Oyler,Macon (Meridian),01:57.0
,2005-06,AA,Stephen Williams,Marion (H.S.),01:51.6
,2006-07,A,Lance Ward,Greenville,01:56.0
,2006-07,AA,Mat Smoody,Palatine (H.S.),01:52.6
,2007-08,A,Parker Thompson,Tremont,01:55.2
,2007-08,AA,Mat Smoody,Palatine (H.S.),01:50.7
,2008-09,1A,Peter Callahan,Winnetka (North Shore Country Day),01:51.2
,2008-09,2A,Godfrey Kawewe,Carbondale (H.S.),01:56.3
,2008-09,3A,Ryan Lynn,Park Ridge (Maine South),01:51.1
,2009-10,1A,Griffin Nykaza,Beecher,01:57.9
,2009-10,2A,Ryan Todd,Jerseyville (Jersey),01:56.2
,2009-10,3A,Dominique Manley,Collinsville,01:52.3
,2010-11,1A,Josh Jones,Herscher,01:54.6
,2010-11,2A,Michael Simon,Springfield (H.S.),01:55.8
,2010-11,3A,Alex Brend,Lake Zurich,01:52.2
,2011-12,1A,Eric Leonard,Niantic (Sangamon Valley),01:54.6
,2011-12,2A,Luke Zygmunt,Grayslake (Central),01:55.2
,2011-12,3A,Michal Filipczak,Park Ridge (Maine South),01:52.0
,2012-13,1A,Michael Brown,Carmi (C.-White County),01:55.5
,2012-13,2A,John Wold,Glen Ellyn (Glenbard South),1:54.66R
,2012-13,3A,Johnny Leverenz,Danville (H.S.),01:53.3
,2013-14,1A,Michael Brown,Carmi (C.-White County),01:54.3
,2013-14,2A,J. D. LaFayette,Normal (University),1:51.48R
,2013-14,3A,Johnny Leverenz,Danville (H.S.),01:52.0
,2014-15,1A,Andrew Gardewine,Effingham (St. Anthony),01:55.8
,2014-15,2A,Connor Stine,Stanford (Olympia),01:54.4
,2014-15,3A,Ty Moss,Naperville (Neuqua Valley),01:51.8
,2015-16,1A,Michael Bennett,Dwight,01:54.1
,2015-16,2A,Sean Zerrusen,Effingham (H.S.),01:55.4
,2015-16,3A,Chris Torpy,Orland Park (Sandburg),01:50.9
,2016-17,1A,Riley Wells,Rockford (R. Christian),01:52.8
,2016-17,2A,Jake Gillum,Metamora,01:53.7
,2016-17,3A,Chris Conrad,O'Fallon (H.S.),01:49.9
,2017-18,1A,Riley Wells,Rockford (R. Christian),01:53.7
,2017-18,2A,Jared Schuckman,Normal (University),01:53.9
,2017-18,3A,Joshua English,Blue Island (Eisenhower),01:51.9
,2018-19,1A,Boston Stewart,Decatur (St. Teresa),01:54.9
,2018-19,2A,Riley Wells,Rockford (R. Christian),01:56.0
,2018-19,3A,Thomas Shilgalis,Naperville (Central),01:54.9
,2020-21,1A,Eli Mojonnier,Bismarck (B.-Henning-Rossville-Alvin),01:57.3
,2020-21,2A,Brock Drengenberg,Dixon (H.S.),01:54.7
,2020-21,3A,Daniel Watcke,Hinsdale (Central),01:54.2
,2021-22,1A,Eli Mojonnier,Bismarck (B.-Henning-Rossville-Alvin),01:54.3
,2021-22,2A,Garrett Slack,Lincoln,01:51.4
,2021-22,3A,Brett Wasick,Bolingbrook,01:52.6
,2022-23,1A,Julian Aske,Evanston (Beacon Academy),01:53.5
,2022-23,2A,Patrick Hilby,Aurora (Central Catholic),01:50.5
,2022-23,3A,Dan Watcke,Hinsdale (Central),01:52.2
1-mile run,1972-73,,Bill Fritz,Glen Ellyn (Glenbard West),04:11.4
,1973-74,,Bill Fritz,Glen Ellyn (Glenbard West),04:12.4
,1974-75,A,Reo Rorem,Gilman,04:26.4
,1974-75,AA,Kip Smith,Oak Park (O.P.-River Forest),04:11.1
,1975-76,A,Reo Rorem,Gilman,04:18.6
,1975-76,AA,Ron Wartgow,Belvidere (H.S.),04:07.8
,1976-77,A,Tom Clennon,Minooka,04:21.4
,1976-77,AA,Bob Hicks,Orland Park (Sandburg),04:08.6
,1977-78,A,Brad Maue,Breese (Mater Dei),04:23.9
,1977-78,AA,Tom Graves,Orland Park (Sandburg),04:09.4
,1978-79,A,Mark Nordman,Elmhurst (Timothy Christian),04:23.3
,1978-79,AA,Tom Stevens,Deerfield,04:10.3
1600-meter run,1979-80,A,Kevin O'Grady,Beecher,04:21.1
,1979-80,AA,Tim Vandergrift,Villa Park (Willowbrook),04:13.5
,1980-81,A,Greg Hill,Freeburg,04:16.6
,1980-81,AA,Rick Schroer,Elmhurst (York),04:15.4
,1981-82,A,John Jacobson,Cornell,04:20.2
,1981-82,AA,Mark Jerger,Elmhurst (York),04:15.2
,1982-83,A,John Jacobson,Cornell,04:19.0
,1982-83,AA,Brent McLain,Benton,04:11.4
,1983-84,A,Don Schafer,Melrose Park (Walther Lutheran),04:22.1
,1983-84,AA,Tim Phillips,Arlington Heights (St. Viator),04:08.4
,1984-85,A,Adam Suarez,Princeton,04:18.9
,1984-85,AA,Mark Deady,Lincolnshire (Stevenson),04:07.4
,1985-86,A,Wayne Bloemer,Teutopolis,04:17.4
,1985-86,AA,Jeff Henry,Oswego (H.S.),04:12.4
,1986-87,A,Todd Lopeman,Pontiac,04:18.1
,1986-87,AA,Len Sitko,Niles (Notre Dame),04:12.6
,1987-88,A,Doug Light,Toledo (Cumberland),04:20.2
,1987-88,AA,Nick Schwartz,Centralia,04:14.8
,1988-89,A,Marty Wondaal,Lansing (Illiana Christian),04:26.1
,1988-89,AA,Kevin Hedenberg,Schaumburg (H.S.),04:13.7
,1989-90,A,Phil Swenson,Leland,04:24.3
,1989-90,AA,Rick Miller,Schaumburg (H.S.),04:14.8
,1990-91,A,Brad Blakey,West Frankfort (Frankfort),04:28.2
,1990-91,AA,Nick Thiel,Naperville (North),04:12.0
,1991-92,A,Steve Faley,Wheaton (St. Francis),04:25.4
,1991-92,AA,Steve Watson,Herrin (H.S.),04:17.4
,1992-93,A,Brian Allen,St. Joseph (S.J.-Ogden),04:23.1
,1992-93,AA,Elliott Nott,Normal (Community),04:16.5
,1993-94,A,Jason McKinney,Georgetown (G.-Ridge Farm),04:23.2
,1993-94,AA,Erik Dieckman,Palatine (H.S.),04:14.7
,1994-95,A,Matt McClelland,Rushville,04:20.7
,1994-95,AA,Lou Petricca,Mt. Prospect (Prospect),04:14.6
,1995-96,A,Matt McClelland,Rushville,04:22.0
,1995-96,AA,Marius Bakken,Elmhurst (York),04:12.4
,1996-97,A,Shawn Sullivan,Kankakee (McNamara),04:26.4
,1996-97,AA,Mark Pilja,Naperville (North),04:14.9
,1997-98,A,Andy Derks,Rochester,04:25.1
,1997-98,AA,Jonathan Berning,Chicago (Marist),04:15.7
,1998-99,A,Joel Bourque,Kewanee (H.S.),04:19.0
,1998-99,AA,Donald Sage,Elmhurst (York),04:13.0
,1999-00,A,Dustin Franckey,Eureka,04:21.5
,1999-00,AA,Donald Sage,Elmhurst (York),04:07.6
,2000-01,A,Matt Field,West Chicago (Wheaton Academy),04:24.3
,2000-01,AA,Ian Cronin,Lincolnshire (Stevenson),04:10.5
,2001-02,A,Jason Bill,Manlius (Bureau Valley),04:18.2
,2001-02,AA,Stephen Pifer,Edwardsville (H.S.),04:10.1
,2002-03,A,Mike Kelley,Winnebago,04:20.6
,2002-03,AA,Stephen Pifer,Edwardsville (H.S.),04:14.3
,2003-04,A,Chris George,Normal (University),04:23.4
,2003-04,AA,Matt Withrow,Tinley Park (Andrew),04:19.1
,2004-05,A,Dorian Ulrey,Port Byron (Riverdale),04:13.8
,2004-05,AA,Sean McNamara,Elmhurst (York),04:13.9
,2005-06,A,Dorian Ulrey,Port Byron (Riverdale),04:09.3
,2005-06,AA,Evan Jager,Algonquin (Jacobs),04:11.2
,2006-07,A,Parker Thompson,Tremont,04:20.6
,2006-07,AA,Tom Robbins,Wilmette (Loyola Academy),04:10.5
,2007-08,A,Peter Callahan,Winnetka (North Shore Country Day),04:20.5
,2007-08,AA,Kyle Engnell,Lockport (Twp.),04:12.3
,2008-09,1A,Peter Callahan,Winnetka (North Shore Country Day),04:15.3
,2008-09,2A,Greg Whittle,Galesburg (H.S.),04:20.5
,2008-09,3A,Jeff Thode,Hoffman Estates (Conant),04:05.2
,2009-10,1A,Justin Rehfeldt,Rockford (R. Christian),04:26.0
,2009-10,2A,John Crain,Dunlap,04:18.3
,2009-10,3A,Alec Bollman,Palatine (H.S.),04:13.8
,2010-11,1A,Justin Rehfeldt,Rockford (R. Christian),04:22.3
,2010-11,2A,Paul Zeman,Belvidere (North),04:18.3
,2010-11,3A,Jack Driggs,Elmhurst (York),04:13.3
,2011-12,1A,Grant Nykaza,Beecher,04:18.3
,2011-12,2A,Michael Clevenger,Decatur (MacArthur),04:18.5
,2011-12,3A,Leland Later,Winnetka (New Trier),04:10.0
,2012-13,1A,Grant Nykaza,Beecher,04:23.3
,2012-13,2A,Chris Martin,Mascoutah,04:18.6
,2012-13,3A,Jack Keelan,Chicago (St. Ignatius College Prep),04:12.1
,2013-14,1A,Jon Davis,Fithian (Oakwood),04:20.1
,2013-14,2A,Ben Mohrdieck,Vernon Hills,04:20.7
,2013-14,3A,Patrick Perrier,O'Fallon (H.S.),04:10.3
,2014-15,1A,Jon Davis,Fithian (Oakwood),04:15.4
,2014-15,2A,Alexander Bruno,Normal (University),04:14.5
,2014-15,3A,Pavlo Hutsalyuk,Chicago (Lane),04:08.2
,2015-16,1A,Jon Davis,Fithian (Oakwood),04:19.7
,2015-16,2A,Nick Wondaal,Lansing (Illiana Christian),04:18.2
,2015-16,3A,Sean Torpy,Orland Park (Sandburg),04:15.1
,2016-17,1A,Tanner Chada,Hinckley (H.-Big Rock),04:18.3
,2016-17,2A,Jake Gillum,Metamora,04:14.3
,2016-17,3A,Soren Knudsen,Minooka,04:10.5
,2017-18,1A,Logan Hall,Arthur (A.-Lovington-Atwood-Hammond),04:22.4
,2017-18,2A,Jared Schuckman,Normal (University),04:20.0
,2017-18,3A,Dylan Jacobs,Orland Park (Sandburg),04:11.6
,2018-19,1A,Christopher Collet,Seneca,04:24.7
,2018-19,2A,Daniel Chen,Aurora (Illinois Math and Science Academy),04:20.9
,2018-19,3A,Andrew O'Keefe,Granite City,04:13.5
,2020-21,1A,Mathew Olech,Elgin (Harvest Christian Academy),04:21.6
,2020-21,2A,Drew rogers,Herscher,04:13.3
,2020-21,3A,Jacob Myers,Lake Zurich,04:10.6
,2021-22,1A,Isaac Teel,Pinckneyville,04:17.6
,2021-22,2A,Wilson Georges,Bartonville (Limestone),04:08.6
,2021-22,3A,Ryan Watts,Edwardsville (H.S.),04:11.2
,2022-23,1A,Tommy Murray,Port Byron (Riverdale),04:19.2
,2022-23,2A,Gavin Genisio,Benton,04:08.7
,2022-23,3A,Aden Bandukwala,Hinsdale (Central),04:10.4
high jump,1972-73,,U.S. Davidson,Champaign (Centennial),7-Jun
,1973-74,,Nat Page,Evanston (Twp.),6-101?2
,1974-75,A,Rich Rames,Vandalia,5-Jun
,1974-75,AA,Nat Page,Evanston (Twp.),Jul-00
,1975-76,A,Jay Allen,Normal (University),5-Jun
,1975-76,AA,Bob Cervenka,Downers Grove (North),8-Jun
,1976-77,A,Lonnie Hewitt,Buda (Western),8-Jun
,1976-77,AA,Gail Olson,Sycamore (H.S.),7-31?4
,1977-78,A,Lonnie Hewitt,Buda (Western),8-Jun
,1977-78,AA,Gail Olson,Sycamore (H.S.),2-Jul
,1978-79,A,Lonnie Hewitt,Buda (Western),6-Jun
,1978-79,AA,Tyke Peacock,Urbana (H.S.),1-Jul
,1979-80,A,Larry Harpman,Oneida (ROVA),6-81?4
,1979-80,AA,John Steele,Oak Park (O.P.-River Forest),9-Jun
,1980-81,A,Mike Greer,Rochester,6-91?4
,1980-81,AA,Dan Williams,Hillside (Proviso West),6-101?4
,1981-82,A,Kevin Mercer,Glasford (Illini Bluffs),8-Jun
,1981-82,AA,Louis Callaway,Flossmoor (Homewood-F.),1-Jul
,1982-83,A,Tom Stitt,Lisle (Sr.),10-Jun
,1982-83,AA,Tim Benka,Park Ridge (Maine East),10-Jun
,1983-84,A,Tom Smith,Heyworth,Jul-00
,1983-84,AA,Paul Wiechern,South Holland (Thornwood),8-Jun
,1984-85,A,Tom Smith,Heyworth,7-31?2
,1984-85,AA,Lanny Dillavou,Downers Grove (South),11-Jun
,1985-86,A,Steve Mammoser,Newton,10-Jun
,1985-86,AA,Bruce Reynolds,Naperville (North),10-Jun
,1986-87,A,Kevin Clements,El Paso,9-Jun
,1986-87,AA,Robert Stegall,Olympia Fields (Rich Central),10-Jun
,1987-88,A,Kevin Clements,El Paso,1-Jul
,1987-88,AA,Jason James,Mt. Vernon (H.S.),Jul-00
,1988-89,A,Heath Weddle,Monticello,7-Jun
,1988-89,AA,Mike Williams,Flossmoor (Homewood-F.),9-Jun
,1989-90,A,Heath Weddle,Monticello,8-Jun
,1989-90,AA,Jason James,Mt. Vernon (H.S.),Jul-00
,1990-91,A,Van Reed,Metropolis (Massac County),2-Jul
,1990-91,AA,Cameron Wright,Marion (H.S.),1-Jul
,1991-92,A,Brent Wright,Herscher,6-Jun
,1991-92,AA,Chris Martin,St. Charles (H.S.),11-Jun
,1992-93,A,Neil Lindley,Marshall,9-Jun
,1992-93,AA,Shannon King,Waukegan (H.S.),1-Jul
,1993-94,A,Neil Lindley,Marshall,9-Jun
,1993-94,AA,Shannon King,Waukegan (H.S.),3-Jul
,1994-95,A,Damon Lampley,Harrisburg,9-Jun
,1994-95,AA,Bashir Yamini,Dolton (Thornridge),9-Jun
,1995-96,A,Craig Lyon,Maple Park (Kaneland),6-Jun
,1995-96,AA,T.J. Jumper,Springfield (Lanphier),11-Jun
,1996-97,A,Cort Mills,Monmouth (H.S.),9-Jun
,1996-97,AA,Quiande Moore,Zion (Z.-Benton),10-Jun
,1997-98,A,Steve Royer,Virden,6-Jun
,1997-98,AA,Quiande Moore,Zion (Z.-Benton),Jul-00
,1998-99,A,D.J. Glynn,Spring Valley (Hall),7-Jun
,1998-99,AA,Nick Blaesing,St. Charles (H.S.),8-Jun
,1999-00,A,Todd Green,Wayne City,8-Jun
,1999-00,AA,Chris Staron,Lombard (Glenbard East),7-Jun
,2000-01,A,Casey Becker,Pawnee,6-Jun
,2000-01,AA,Chris Staron,Lombard (Glenbard East),10-Jun
,2001-02,A,Casey Becker,Pawnee,7-Jun
,2001-02,AA,Charley Kurlinkus,Rockton (Hononegah),9-Jun
,2002-03,A,Jon Reagan,Freeburg,10-Jun
,2002-03,AA,Mike Petrone,Carbondale (H.S.),10-Jun
,2003-04,A,Jon Reagan,Freeburg,10-Jun
,2003-04,AA,Kyle Hudson,Mattoon,10-Jun
,2004-05,A,Eric Thompson,Herrin (H.S.),8-Jun
,2004-05,AA,Blair Majcina,Frankfort (Lincoln-Way East),Jul-00
,2005-06,A,Eric Thompson,Herrin (H.S.),9-Jun
,2005-06,AA,Major Clay,Springfield (Lanphier),10-Jun
,2006-07,A,Eric Thompson,Herrin (H.S.),11-Jun
,2006-07,AA,Major Clay,Springfield (Lanphier),9-Jun
,2007-08,A,Matt Hassler,Spring Valley (Hall),7-Jun
,2007-08,AA,Mykhail Chambers,Urbana (H.S.),8-Jun
,2008-09,1A,Zach Riley,Herrin (H.S.),Jul-00
,2008-09,2A,Ikechi Nnamani,Normal (University),8-Jun
,2008-09,3A,Jamario Taylor,Aurora (East),Jul-00
,2009-10,1A,Zack Riley,Herrin (H.S.),8-Jun
,2009-10,2A,Nick Sinon,Maple Park (Kaneland),9-Jun
,2009-10,3A,James Davenport,Aurora (Waubonsie Valley),10-Jun
,2010-11,1A,Oumaru Abdulahi,Mooseheart,8-Jun
,2010-11,2A,Joe Boesso,Glen Ellyn (Glenbard South),7-Jun
,2010-11,3A,Carl Heinz,Oak Park (O.P.-River Forest),10-Jun
,2011-12,1A,Kyle Landon,Chester,6-10.00
,2011-12,2A,Justin Kretchmer,Waterloo (H.S.),6-08.00
,2011-12,3A,Carl Heinz,Oak Park (O.P.-River Forest),7-01.00
,2012-13,1A,Kyle Landon,Chester,6-10.00
,2012-13,2A,Alex King,Metropolis (Massac County),7-01.00R
,2012-13,3A,Jonathan Wells,Fox Lake (Grant),6-11.00
,2013-14,1A,Derek Wegman,Downs (Tri-Valley),6-09.00
,2013-14,2A,Logan Zeman,LaSalle (L.-Peru),6-08.00
,2013-14,3A,Jonathan Wells,Fox Lake (Grant),7-00.00
,2014-15,1A,Noah Adams,Macon (Meridian),6-10.00
,2014-15,2A,Hunter Johnson,West Frankfort (Frankfort),6-09.00
,2014-15,3A,Kenny Brown,Oak Park (O.P.-River Forest),6-09.00
,2015-16,1A,Tyler Owen,Georgetown (G.-Ridge Farm),6-10.00
,2015-16,2A,Darryl Sullivan,Marion (H.S.),7-01.50
,2015-16,3A,Camron Donatlan,Aurora (West Aurora),6-10.00
,2016-17,1A,Nathan Kiger,Palestine,6-07.00
,2016-17,2A,Nicholas Jackson,Champaign (Central),6-09.00
,2016-17,3A,Camron Donatlan,Aurora (West Aurora),7-00.00
,2017-18,1A,Jorden Tedford,Warrensburg (W.-Latham),6-08.00
,2017-18,2A,Austin Rauch,Clinton,6-10.00
,2017-18,3A,Brandon Ellis,Gurnee (Warren),6-10.00
,2018-19,1A,Jorden Tedford,Warrensburg (W.-Latham),6-10.00
,2018-19,2A,Trevor Heffren,Eureka,6-09.00
,2018-19,3A,Alex Babbington,Plainfield (East),6-09.00
,2020-21,1A,Jadon Robertson,Cowden (C.-Herrick),1.99
,2020-21,2A,CJ Shoaf,Mahomet (M.-Seymour),2.07
,2020-21,3A,Rob Pulliam,Moline (H.S.),2.06
,2021-22,1A,Mason Kooi,Springfield (Lutheran),2.08
,2021-22,2A,Teegan Davis,Princeton,1.99
,2021-22,3A,Matt Cless,Evanston (Twp.),2.02
,2022-23,1A,Mason Kooi,Springfield (Lutheran),2.05m
,2022-23,2A,Drew Tucker,Metamora,2.02m
,2022-23,3A,Voldy Makabu,Champaign (Centennial),2.04m
pole vault,1972-73,,Tim Johnson,Chicago Heights (Bloom Twp.),14-9
,1973-74,,Tim Johnson,Chicago Heights (Bloom Twp.),14-9
,1974-75,A,Bill Lawson,Carthage (Hancock Central),14-6
,1974-75,AA,Ken Harding,DeKalb,15-11?2
,1975-76,A,Jerry Champlain,Stillman Valley,14-0
,1975-76,AA,Mike McCrindle,Chicago Heights (Bloom Twp.),15-0
,1976-77,A,Marc Briney,Rushville,13-9
,1976-77,AA,Jim Sarros,Chicago Heights (Bloom Twp.),15-21?4
,1977-78,A,Marc Briney,Rushville,14-0
,1977-78,AA,Matt Stewart,DeKalb,14-9
,1978-79,A,Tim Winder,Woodlawn,14-71?4
,1978-79,AA,Darryl Robertson,Aurora (West),15-31?4
,1979-80,A,Dave Gilbert,Prophetstown,14-8
,1979-80,AA,Bob Dandino,Chicago Heights (Bloom Twp.),16-01?4
,1980-81,A,Scott Rattin,St. Anne,14-0
,1980-81,AA,Rod Cregier,St. Charles (H.S.),15-0
,1981-82,A,Jim Russell,Wheaton (St. Francis),14-91?4
,1981-82,AA,Scott Spangler,DeKalb,15-6
,1982-83,A,Lonny Vickery,Kankakee (McNamara),14-3
,1982-83,AA,Jay Hearn,Ottawa (Twp.),15-0
,1983-84,A,Dan Kelleher,Sherrard,14-0
,1983-84,AA,Mike Murray,Sterling (H.S.),15-0
,1984-85,A,Neil Christopher,Pontiac,14-1
,1984-85,AA,Mike Murray,Sterling (H.S.),16-1
,1985-86,A,Erick Wahlgren,Princeton,14-0
,1985-86,AA,Jeff Shurtz,Benton,15-3
,1986-87,A,Jon Kelly,Beardstown,14-6
,1986-87,AA,Lonnie Barnes,Marion (H.S.),15-0
,1987-88,A,Andy Crippen,Sherrard,15-9
,1987-88,AA,Greg Fenza,Ottawa (Twp.),16-0
,1988-89,A,Jamie Marek,Clifton (Central),16-2
,1988-89,AA,John Foskett,Joliet (West),14-9
,1989-90,A,Jerry Oksas,Maple Park (Kaneland),14-6
,1989-90,AA,Clint Smothers,Marion (H.S.),15-6
,1990-91,A,Kris Koehler,Shelbyville,14-0
,1990-91,AA,Daren McDonough,Edwardsville (H.S.),15-9
,1991-92,A,Ben Williams,Mahomet (M.-Seymour),14-0
,1991-92,AA,Daren McDonough,Edwardsville (H.S.),17-01?2
,1992-93,A,Bill Herbert,Braidwood (Reed-Custer),14-6
,1992-93,AA,Nathan Plager,Rockford (East),15-0
,1993-94,A,Matt Lasley,Anna (A.-Jonesboro),15-0
,1993-94,AA,Greg Lippert,Belleville (East),15-0
,1994-95,A,Bryan Clark,Mahomet (M.-Seymour),15-0
,1994-95,AA,Dan Burgess,Quincy (Sr.),15-3
,1995-96,A,Matt Lasley,Anna (A.-Jonesboro),15-0
,1995-96,AA,Doug Densmore,Sterling (H.S.),14-9
,1996-97,A,Jake Pauli,Farmington,15-6
,1996-97,AA,Burt Holloway,Roselle (Lake Park),14-9
,1997-98,A,Marty Keifer,Maple Park (Kaneland),15-7
,1997-98,AA,Josh Cuttone,Roselle (Lake Park),14-9
,1998-99,A,Kurt Long,Maple Park (Kaneland),14-9
,1998-99,AA,Garrett Nelson,Rockford (Guilford),15-6
,1999-00,A,Josh Wakey,Herscher,14-9
,1999-00,AA,Mark Zilch,Roselle (Lake Park),15-0
,2000-01,A,Josh Wakey,Herscher,15-3
,2000-01,AA,Mark Zilch,Roselle (Lake Park),15-3
,2001-02,A,Dan Christensen,Sandwich,14-6
,2001-02,AA,Ben Brokaw,Dixon (H.S.),15-0
,2002-03,A,Josh Cullers,Harrisburg,15-0
,2002-03,AA,John Adamczyk,Palatine (Fremd),15-9
,2003-04,A,Andrew Zollner,Sparta,14-9
,2003-04,AA,John Adamczyk,Palatine (Fremd),15-6
,2004-05,A,Adam Tate,Oregon,14-3
,2004-05,AA,Jake Winder,Plainfield (South),15-6
,2005-06,A,Tyler Pence,Chillicothe (Illinois Valley Central),15-6
,2005-06,AA,Phil Hanson,Pontiac,16-6
,2006-07,A,Cody Doerflein,DuQuoin (H.S.),15-0
,2006-07,AA,Mitchell Erickson,Chicago Heights (Marian),16-9
,2007-08,A,Cody Doerflein,DuQuoin (H.S.),15-3
,2007-08,AA,Josh Winder,Plainfield (Central),16-9
,2008-09,1A,Scott Mammoser,Newton,15-6
,2008-09,2A,Logan Pflibsen,Streator (Twp.),15-6
,2008-09,3A,Mick Viken,Rolling Meadows,16-10
,2009-10,1A,Matt Bane,Rochester,16-0
,2009-10,2A,Logan Pflibsen,Streator (Twp.),17-1
,2009-10,3A,Zach Ziemek,Roselle (Lake Park),15-0
,2010-11,1A,Mitch Mammoser,Newton,15-3
,2010-11,2A,Brandon Carrel,Urbana (H.S.),14-6
,2010-11,3A,Zach Ziemek,Roselle (Lake Park),16-6
,2011-12,1A,Mitch Mammoser,Newton,15-11.00
,2011-12,2A,Jon Walsh,Woodstock (North),15-06.00
,2011-12,3A,Nick Sgarbossa,Elmhurst (York),16-03.00
,2012-13,1A,Adam Coulon,Downs (Tri-Valley),15-09.00
,2012-13,2A,Tyler Ginger,Stanford (Olympia),15-03.00
,2012-13,3A,Luke Winder,Plainfield (Central),16-03.00
,2013-14,1A,Jack Denby,Carlinville,16-03.00
,2013-14,2A,Tyler Jourdan,Salem,15-06.00
,2013-14,3A,Luke Winder,Plainfield (Central),17-03.00
,2014-15,1A,Riley Smith,Casey (C.-Westfield),16-03.00
,2014-15,2A,Danny Walker,Maple Park (Kaneland),14-09.00
,2014-15,3A,Jake LaRocca,Palatine (H.S.),16-00.00
,2015-16,1A,Curtis Gordon,Vandalia,16-00.00
,2015-16,2A,Arthur Atwell,Geneseo,15-00.00
,2015-16,3A,Zachery Bradford,Bloomington (H.S.),16-01.00
,2016-17,1A,Cameron Witts,Williamsville,14-09.00
,2016-17,2A,Tyler Carrel,Urbana (H.S.),15-10.00
,2016-17,3A,Zachery Bradford,Bloomington (H.S.),17-04.00
,2017-18,1A,Kyle Kruhtoff,Erie,15-06.00
,2017-18,2A,Callan Whitehouse,Mahomet (M.-Seymour),16-00.00
,2017-18,3A,Zachery Bradford,Bloomington (H.S.),17-06.00
,2018-19,1A,Kyle Kruthoff,Erie,16-08.00
,2018-19,2A,Chandlar Ifft,Fairbury (Prairie Central),16-00.00
,2018-19,3A,Zachary Frye,Roselle (Lake Park),15-03.00
,2020-21,1A,Ridge Willard,Bloomington (Cornerstone Christian Academy),4.6
,2020-21,2A,Colton Naffziger,Normal (University),4.95
,2020-21,3A,Liam McGill,Bloomington (H.S.),4.82
,2021-22,1A,Ridge Willard,Bloomington (Cornerstone Christian Academy),4.45
,2021-22,2A,Paul Migas,Lake Villa (Lakes),4.7
,2021-22,3A,Charles Cruse,Normal (Community),4.88
,2022-23,1A,Isaiah Whitaker,Bloomington (Central Catholic),5.10m
,2022-23,2A,Paul Migas,Lake Villa (Lakes),4.91m
,2022-23,3A,Tyler Petersen,Bloomington (H.S.),4.75m
,,,,,
,,,,,
100-yard dash,,,,,
,,,,,
,1892-93,,Herbert Jamison,Peoria (H.S.),:102?5
,1893-94,,George Mattis,Champaign (H.S.),:104?5
,1894-95,,Eli Randall,Chicago (South Division),:104?5
,1895-96,,Will Maclin,DuQuoin (H.S.),:102?5
,1896-97,,Will Maclin,DuQuoin (H.S.),:104?5
,1897-98,,John Bertram,Lewistown,:101?5
,1898-99,,Cliff Bell,Biggsville,:102?5
,1899-00,,Cliff Bell,Biggsville,:103?5
,1900-01,,M.B. Wellington,Chicago (Marshall),:102?5
,1901-02,,Paul Henderson,Chicago (South Division),:104?5
,1902-03,,Walter Eckersall,Chicago (Hyde Park),:10
,1903-04,,Rufus F. (Dick) Seay,Anna,:102?5
,1904-05,,Walter Merrill,Chicago (Englewood),:102?5
,1905-06,,Arch Richards,Aurora (West),:10
,1906-07,,Grant Randolph,Oak Park (O.P.-River Forest),:102?5
,1907-08,,Frank Kuhn,Chicago (Phillips),:103?5
,1908-09,,John Martin,Oak Park (O.P.-River Forest),:101?5
,1909-10,,Duerson Knight,Chicago (University),:102?5
,1910-11,,Jo Loomis,Chicago (University),
,1911-12,,Paul Johnson,Chicago (Bowen),:103?5
,1912-13,,Joseph Irish,Oak Park (O.P.-River Forest),:104?5
,1913-14,A,W.J. Carter,Chicago (University),:101?5
,1913-14,B,Harry Davis,Centralia,:101?5
,1914-15,A,Carl Floete,Chicago (University),:103?5
,1914-15,B,C. Hayden,Momence,:102?5
,1915-16,A,Paul Powers,Decatur (H.S.),:102?5
,1915-16,B,Nesbit,Carbondale (H.S.),:103?5
,1915-16,C,H. Zerwer,Chicago (Lewis Institute),:103?5
,1918-19,A,Frank Coffin,Oak Park (O.P.-River Forest),:101?5
,1918-19,B,"Edward ""Buck"" Southard",Edwardsville (H.S.),:101?5
,1919-20,A,Morris Myers,Chicago (Crane),:102?5
,1919-20,B,Robert Ayers,Hinsdale (Twp.),:104?5
,1920-21,A,John Baxter,Champaign (H.S.),:101?5
,1920-21,B,"Harold ""Red"" Grange",Wheaton (H.S.),:102?5
,1921-22,A,John Cameron,Evanston (Twp.),:101?5
,1921-22,B,Joe Dicenzo,Toluca,:103?5
,1922-23,A,Eugene Goodwillie,Chicago (University),:101?5
,1922-23,B,Joe Dicenzo,Toluca,:101?5
,1923-24,A,Barron Rockwell,Highland Park (Deerfield-Shields),:103?5
,1923-24,B,Bill Knoop,Chesterfield,:103?5
,1924-25,A,Warren Harris,East St. Louis (Sr.),:104?5
,1924-25,B,George McDonough,Carrollton,:11
,1925-26,,Jimmy Patterson,Chicago (Tilden),wrong distance
,1926-27,,Allen Claire East,Chicago (Hyde Park),:10.4
,1927-28,,Ralph Metcalfe,Chicago (Tilden),:09.8
,1928-29,,Ralph Metcalfe,Chicago (Tilden),:09.9
,1929-30,,Ralph Metcalfe,Chicago (Tilden),:09.8
,1930-31,,Crain Portman,Urbana (H.S.),:10.4
,1931-32,,Randall Herman,Oak Park (O.P.-River Forest),:09.7
,1932-33,,Bob Grieve,Glen Ellyn (Glenbard),:10
,1933-34,,Robert Packard,Rockford (H.S.),:09.9
,1934-35,,Robert Packard,Rockford (H.S.),:10
,1935-36,,Bill Terwilliger,DeKalb,:10.0
,1936-37,,"Floss ""Flip"" Anders",Moline (H.S.),:10
,1937-38,,Arthur Schlauder,Downers Grove (H.S.),:10
,1938-39,,"Leicester ""Lee"" Farmer",Maywood (Proviso),:10.30
,1939-40,,"Leicester ""Lee"" Farmer",Maywood (Proviso),:10
,1940-41,,John Zedrow,Naperville (H.S.),:09.9
,1941-42,,George Geyer,Oak Park (O.P.-River Forest),:10.1
,1942-43,,"Claude ""Buddy"" Young",Chicago (Phillips),:10.2
,1943-44,,Tom Boswell,Evanston (Twp.),:10.1
,1944-45,,Jim Fuchs,Chicago (Hyde Park),:10.4
,1945-46,,Bob O'Brien,Des Plaines (Maine),:10.1
,1946-47,,William Konrad,Oak Park (O.P.-River Forest),:10.0
,1947-48,,Leonard Sykes,Chicago (Phillips),:10.4
,1948-49,,Bob Ulrich,Hinsdale (Twp.),:10.1
,1949-50,,James Golliday,Chicago (Phillips),:09.6
,1950-51,,Ira Murchison,Chicago (Phillips),:10.0
,1951-52,,Vernon Sprehe,Nashville,:10.2
,1952-53,,Ned Lenoir,Chicago (Phillips),:10.0
,1953-54,,James Franzen,Highland Park,:10.1
,1954-55,,Vernon Estes,North Chicago,:10.3
,1955-56,,Leroy Jackson,Chicago Heights (Bloom Twp.),:09.9
,1956-57,,Leroy Jackson,Chicago Heights (Bloom Twp.),:10.0
,1957-58,,Leroy Jackson,Chicago Heights (Bloom Twp.),:10.3
,1958-59,,Bob Doty,St. Elmo,:10.0
,1959-60,,B.B. Gator,Alton (Sr.),:10.4
,1960-61,,Theo Cox,Zion (Z.-Benton),:09.9
,1961-62,,Tom Atkinson,LaGrange (Lyons),:10.1
,1962-63,,Bill Zillman,Hinsdale (Twp.),:09.8
,1963-64,,Dick Robinson,Winnetka (New Trier),:10.3
,1964-65,,Bruce Aiken,Taylorville,:10.5
,1965-66,,Allen Deppe,Campbell Hill (Trico),:09.9
,1966-67,,Mike Goodrich,East St. Louis (Sr.),:09.7
,1967-68,,Robert Pincham,Chicago (Harlan),:09.8
,1968-69,,Merlyn Hood,East Moline (United),:09.7
,1969-70,,Howard Jones,Evanston (Twp.),:09.5
,1970-71,,Howard Jones,Evanston (Twp.),:09.6
,1971-72,,Howard Jones,Evanston (Twp.),:09.5
,,,,,
880-yard run,1892-93,,Arthur Bell,Chicago (Lake View),2:16
,1893-94,,Edward Bohman,Chicago (Lake View),2:152?5
,1894-95,,Clayton Teetzel,Chicago (Englewood),2:14
,1895-96,,Campbell,Jacksonville (H.S.),2:063?5
,1896-97,,Roswell Bogue,Chicago (Hyde Park),2:091?5
,1897-98,,John Maloney,Chicago (Englewood),2:124?5
,1898-99,,Charles Borden,Chicago (Hyde Park),2:101?5
,1899-00,,Frank Lindsay,Decatur (H.S.),2:15
,1900-01,,Thomas Webster,Chicago (Englewood),2:04
,1901-02,,John L. Barker,Evanston (Twp.),2:044?5
,1902-03,,George Shipley,Oak Park (O.P.-River Forest),2:063?5
,1903-04,,Phillip Comstock,Chicago (Hyde Park),2:05
,1904-05,,Arthur Rose,Oak Park (O.P.-River Forest),NT
,1905-06,,David Hanchett,Aurora (West),2:054?5
,,,A.W. Bohnsack,Chicago (Lake View),2:032?5
,1906-07,,Percival,Champaign (H.S.),2:031?5
,,,William Timblin,Chicago (McKinley),2:022?5
,1907-08,,(Robert) Ray Barnes,Oak Park (O.P.-River Forest),2:061?5
,,,James Barron,Oak Park (O.P.-River Forest),2:041?5
,1908-09,,Leroy Campbell,Chicago (University),2:062?5
,,,Charles Yates,Galesburg (H.S.),2:044?5
,1909-10,,Darwin Tate,Chicago (Englewood),2:05
,1910-11,,Will Noonan,Decatur (H.S.),2:023?5
,,,Ronald Fairfield,Oak Park (O.P.-River Forest),2:063?5
,1911-12,,Dow Harvey,Aurora (West),2:08
,,,Pringle,Pittsfield,2:062?5
,1912-13,,Floyd Smart,LaGrange (Lyons),2:05
,,,Earl Chalk,Rock Island (H.S.),2:062?5
,1913-14,A,Phil Spink,Chicago (University),1:594?5
,1913-14,B,Cliff Ketchum,Aurora (West),2:06
,1914-15,A,Ralph Shankland,Chicago (Hyde Park),2:05
,1914-15,B,R. Eades,Palmyra,2:054?5
,,,Don Butler,Sullivan,2:064?5
,1915-16,A,Richard Rees,Aurora (East),2:043?5
,1915-16,B,Gustafson,Georgetown,2:084?5
,1915-16,C,Mueller,Evanston (E. Academy),2:092?5
,1918-19,A,Donald Carter,Chicago (Hyde Park),2:043?5
,1918-19,B,Perry Shaw,Delavan,2:08
,1919-20,A,Edward Ryan,Elgin (H.S.),2:07
,,,Floyd Howell,Galesburg (H.S.),2:071?5
,1919-20,B,Ralph McElvain,Auburn,2:071?5
,,,Edwin Mieher,Carlinville,2:094?5
,1920-21,A,Art Doolen,Champaign (H.S.),2:062?5
,,,Harry Berry,LaGrange (Lyons),2:08
,1920-21,B,Truman Chiles,Modesto,2:093?5
,,,Buckels,Pontiac,2:122?5
,1921-22,A,Bill Reeves,Evanston (Twp.),2:043?5
,,,Groves,Marion (H.S.),2:062?5
,1921-22,B,Truman Chiles,DeLand,2:014?5
,,,Clyde Hendrix,Elmwood,2:06
,1922-23,A,Karl Deemer,Freeport (H.S.),2:05
,,,Stocking,Rockford (H.S.),2:012?5
,1922-23,B,Truman Chiles,DeLand,2:024?5
,,,H. Moore,Olney (H.S.),2:04
,1923-24,A,Floyd Geyer,East St. Louis (Sr.),2:05
,,,Clay McCullough,Maywood (Proviso),2:05
,1923-24,B,Ed Phelps,Carlinville,2:04
,,,Basting,Normal (University),2:052?5
,1924-25,A,Virgil Gist,Chicago (Hyde Park),2:052?5
,1924-25,B,Chet Wilmoth,Abingdon,2:064?5
,1925-26,,Paul Wilson,Champaign (H.S.),02:02.6
,,,Gene Jones,Elgin (H.S.),2:003?5
,1926-27,,Edward Farrell,Chicago (Crane),02:03.5
,,,Gene Jones,Elgin (H.S.),02:01.8
,1927-28,,J.B. Walter Gibbons,Harrisburg,02:02.1
,,,Dick Hammond,Highland Park (Deerfield-Shields),02:03.4
,1928-29,,Ralph Dickow,Chicago (Hyde Park),02:01.4
,,,Ken Breedlove,Oak Park (O.P.-River Forest),02:01.7
,1929-30,,Ray Schuett,Hinsdale (Twp.),02:01.6
,1930-31,,Marshall Miller,Des Plaines (Maine),02:01.8
,1931-32,,Adam Pierce,Aurora (West),01:59.6
,1932-33,,Wayne Rideout,Tuscola,01:59.4
,1933-34,,Bob Gebhardt,Sterling (H.S.),01:59.2
,1934-35,,Norbert Rohlwing,Arlington Heights (Arlington),02:01.4
,1935-36,,Marion Cole,Lawrenceville,02:00.5
,1936-37,,Marion Cole,Lawrenceville,01:59.8
,1937-38,,Bob Rehberg,Berwyn-Cicero (Morton),01:58.7
,1938-39,,Robert Kelley,Springfield (H.S.),01:59.6
,1939-40,,Bob Rehberg,Berwyn-Cicero (Morton),02:02.0
,1940-41,,Kenneth Seiz,Quincy (Sr.),01:56.6
,1941-42,,Bill Beile,Des Plaines (Maine),01:58.3
,1942-43,,Ralph Dowling,Chicago (Schurz),02:07.2
,1943-44,,Bill Augustine,Aurora (East),01:59.4
,1944-45,,Tom Callinan,Wheaton (H.S.),01:59.5
,1945-46,,George Twigg,Paris,01:59.8
,1946-47,,Carroll Schumaker,Dixon (H.S.),01:59.1
,1947-48,,Stacey Siders,Buffalo (Tri-City),02:00.9
,1948-49,,Henry Cryer,Chicago (DuSable),01:57.2
,1949-50,,Gene Maynard,LaHarpe,01:58.9
,1950-51,,"Harold ""Gene"" Ebersohl",Murphysboro,01:59.7
,1951-52,,Dunc MacGregor,Oak Park (O.P.-River Forest),02:00.1
,1952-53,,Ed DeLong,Waukegan (H.S.),02:00.3
,1953-54,,Ed DeLong,Waukegan (H.S.),01:57.1
,1954-55,,Mike Smith,Freeport (H.S.),01:58.7
,1955-56,,Mike Smith,Freeport (H.S.),01:56.1
,1956-57,,John Llorca,Chicago Heights (Bloom Twp.),01:59.4
,1957-58,,Lynn Griffin,Chicago Heights (Bloom Twp.),01:57.6
,1958-59,,Rudolph Morgan,Chicago (Phillips),01:55.1
,1959-60,,Jim Simmons,Chicago (Phillips),02:01.8
,1960-61,,Barney Peterson,Hillside (Proviso West),01:58.0
,1961-62,,Barney Peterson,Hillside (Proviso West),01:55.0
,1962-63,,John Laidlaw,Winnetka (New Trier),01:55.0
,1963-64,,Larry Kelly,Park Ridge (Maine East),01:50.4
,1964-65,,Craig Grant,Hillside (Proviso West),01:53.3
,1965-66,,Rick Wohlhuter,St. Charles (H.S.),01:52.0
,1966-67,,Rick Wohlhuter,St. Charles (H.S.),01:52.3
,1967-68,,Willie Thomas,Chicago (Englewood),01:53.0
,1968-69,,Willie Thomas,Chicago (Englewood),01:50.8
,1969-70,,Randy Veltkamp,Elmhurst (Timothy Christian),01:52.3
,1970-71,,Steve Cotsirilos,Oak Park (O.P.-River Forest),01:53.6
,1971-72,,Larry Bates,Evanston (Twp.),01:52.7
,,,,,
1-mile run,1892-93,,Arthur Bell,Chicago (Lake View),5:411?2
,1893-94,,Edward Bohman,Chicago (Lake View),5:374?5
,1894-95,,Jarvis Hurd,Urbana (H.S.),5:023?5
,1895-96,,Jarvis Hurd,Urbana (H.S.),4:462?5
,1896-97,,David Elder,Aurora (East),4:583?5
,1897-98,,David Elder,Aurora (East),4:594?5
,1898-99,,Charles Borden,Chicago (Hyde Park),4:543?5
,1899-00,,R. Glasco,Charleston,5:51
,1900-01,,Thomas Webster,Chicago (Englewood),4:40
,1901-02,,Carl Melin,Springfield (H.S.),4:50
,1902-03,,Harry Anderson,Chicago (South Division),4:41
,1903-04,,Arthur Rose,Oak Park (O.P.-River Forest),4:48
,1904-05,,Elmer Percival,Urbana (H.S.),4:443?5
,1905-06,,Allan Berkstresser,Mt. Carroll,4:38
,1906-07,,(Robert) Ray Barnes,Oak Park (O.P.-River Forest),4:432?5
,1907-08,,(Robert) Ray Barnes,Oak Park (O.P.-River Forest),4:412?5
,1908-09,,Gerald Holmes Davis,Averyville,4:382?5
,1909-10,,Walter Kraft,Oak Park (O.P.-River Forest),4:44
,1910-11,,Will Noonan,Decatur (H.S.),4:371?5
,1911-12,,Dow Harvey,Aurora (West),4:382?5
,1912-13,,Henderson,Ridge Farm,4:39
,1913-14,A,"Meredith ""Mike"" May",Chicago (Lane),4:384?5
,1913-14,B,Garnum,Pittsfield,4:373?5
,1914-15,A,George Otis,Chicago (Hyde Park),4:422?5
,1914-15,B,Merle Nott,LaGrange (Lyons),4:41
,1915-16,A,Merle Nott,LaGrange (Lyons),4:392?5
,1915-16,B,Gordon McGinnis,Aurora (West),4:431?5
,1915-16,C,E. Burgess,Evanston (E. Academy),5:142?5
,1918-19,A,William Bradford,LaGrange (Lyons),4:512?5
,1918-19,B,William E. Bevans,Alvin,5:05
,1919-20,A,Wiley Cox,Centralia,4:443?5
,1919-20,B,Howard Baird,Carlinville,4:532?5
,1920-21,A,Wiley Cox,Centralia,4:372?5
,1920-21,B,Bill Barrett,Hume,4:401?5
,1921-22,A,Wiley Cox,Centralia,4:382?5
,1921-22,B,Wortman,Shelbyville,4:47
,1922-23,A,Ermel McElwee,Urbana (H.S.),4:394?5
,1922-23,B,Charles Neville,Pinckneyville,4:42
,1923-24,A,Paul Lamb,Oak Park (O.P.-River Forest),4:401?5
,1923-24,B,Pat McClurg,Hillsboro,4:451?5
,1924-25,A,Gene Howrey,Danville (H.S.),4:38
,1924-25,B,Ralph Sheese,Aledo,4:434?5
,1925-26,,Bill Roche,DeKalb,04:37.6
,1926-27,,F. Lindall,Waukegan (H.S.),04:34.2
,1927-28,,Claude McElwee,Urbana (H.S.),04:33.3
,1928-29,,R. Husted,Martinsville,04:38.7
,,,D. Merrick,Peoria (Kingman),04:37.7
,1929-30,,Campisi,Rockford (H.S.),04:34.1
,1930-31,,Carruthers,Mt. Vernon (H.S.),04:34.7
,1931-32,,"Harold ""Pete"" Longman",Mt. Morris,04:25.6
,1932-33,,Blaine Rideout,Tuscola,04:25.2
,1933-34,,Charles Hussung,Sterling (H.S.),04:29.4
,1934-35,,Bodeau,Chicago (Tilden),04:31.8
,1935-36,,Irvin Tubb,Shelbyville,04:34.6
,1936-37,,Robert Espy,Urbana (H.S.),04:33.2
,1937-38,,Eddie Culp,Chicago (Englewood),04:29.3
,1938-39,,Hodge,Paris,04:33.6
,1939-40,,Donald Gladding,Urbana (H.S.),04:32.7
,1940-41,,Paul Houston,Rushville,04:27.1
,1941-42,,Bruce Brenneman,Urbana (H.S.),04:28.8
,1942-43,,Ralph Corse,Hurst (H.-Bush),04:34.7
,1943-44,,Dick Green,Kewanee (H.S.),04:33.9
,1944-45,,Bill Mack,Summit (Argo),04:31.8
,1945-46,,Ben Almageur,Monmouth (H.S.),4:29
,1946-47,,Warren Druetzler,LaGrange (Lyons),04:23.1
,1947-48,,Lawton Lamb,Onarga (Military),04:35.3
,1948-49,,Stacey Siders,Buffalo (Tri-City),04:28.5
,1949-50,,Steve Murphy,Chicago (Calumet),04:27.5
,1950-51,,Steve Murphy,Chicago (Calumet),04:25.4
,1951-52,,Charles Matheny,Paris,04:31.7
,1952-53,,Bob Pitchers,Equality,04:32.1
,1953-54,,Jim Bowers,DeKalb,04:28.8
,1954-55,,Ron Long,Mooseheart,04:25.5
,1955-56,,Jim Bowers,DeKalb,04:20.7
,1956-57,,Frank Ballinger,Mooseheart,04:27.2
,1957-58,,Frank Ballinger,Mooseheart,04:23.4
,1958-59,,Steve Newcomer,Leaf River,04:26.2
,1959-60,,Allen Carius,Morton,04:38.2
,1960-61,,Jim Weinert,Highland Park,04:16.2
,1961-62,,Jim Weinert,Highland Park,04:25.6
,1962-63,,Larry Wieczorek,Maywood (Proviso East),04:30.0
,1963-64,,Larry Wieczorek,Maywood (Proviso East),04:14.5
,1964-65,,Gordon Dreyfus,Palatine (H.S.),04:22.0
,1965-66,,Ken Ward,Maywood (Proviso East),04:20.0
,1966-67,,Dave Calvert,Rockford (Guilford),04:11.7
,1967-68,,Tom Swan,Princeton,04:13.3
,1968-69,,Ken Popejoy,Glen Ellyn (Glenbard West),04:16.2
,1969-70,,Andy Isla-Rubert,Hillside (Proviso West),04:07.1
,1970-71,,Dave Merrick,New Lenox (Lincoln-Way),04:07.4
,1971-72,,Craig Virgin,Lebanon,04:09.2
,,,,,
high jump,1892-93,,Forrest Lowes,Geneseo,1-May
,1893-94,,Clarence Herschberger,Peoria (H.S.),5-01?2
,1894-95,,Lee Hagler,Springfield (H.S.),5-35?8
,1895-96,,Earle Fitch,Chicago (English and Manual),3-May
,1896-97,,H. Hoover,Pontiac,6-May
,1897-98,,Oliver Bonney,Aurora (East),6-May
,1898-99,,Arthur Todd,Aurora (West),7-May
,1899-00,,Dave Daugherty,Biggsville,11-May
,1900-01,,Clarence Neiman,Decatur (H.S.),7-May
,1901-02,,Parrish,Paris,5-81?2
,1902-03,,James Turner,Elmwood,5-61?4
,1903-04,,Roy Horton,Pontiac,5-61?2
,1904-05,,Olin Richards,Chicago (Calumet),9-May
,1905-06,,Arthur Scheying,Chicago (North Division),6-May
,,,Edwin Hubble,Wheaton (H.S.),6-May
,1906-07,,Fred Degenhardt,Chicago (Hyde Park),5-73?4
,,,Lynch Conway,Peoria (H.S.),5-73?4
,1907-08,,Robert Lundgren,Aurora (West),8-May
,1908-09,,Robert Lundgren,Aurora (West),5-81?2
,1909-10,,Robert Wahl,"Milwaukee, Wis. (South Division)",9-May
,1910-11,,H.J. Phelps,Rochelle,9-May
,1911-12,,R. Honnold,Paris,5-91?4
,1912-13,,Kenneth Shepard,Chicago (Hyde Park),5-81?2
,,,George Allen,Clinton,5-81?2
,,,R. Williams,Quincy (Sr.),5-81?2
,1913-14,A,Earl Ryder,Springfield (H.S.),8-May
,,,Alexander Bush,Winnetka (New Trier),8-May
,1913-14,B,Fletcher,Ridge Farm,8-May
,1914-15,A,Arthur Gantz,Champaign (H.S.),8-May
,1914-15,B,Walter Addems,Manteno,9-May
,1915-16,A,Jack Pratt,Chicago (Lane),8-May
,1915-16,B,Walter Addems,Manteno,5-81?2
,1915-16,C,H. Armstrong,Evanston (E. Academy),7-May
,1918-19,A,Dave Evans,Evanston (Twp.),4-May
,1918-19,B,Ira Martin,Auburn,8-May
,1919-20,A,Stephen Ferns,Springfield (H.S.),7-May
,,,Homer Greer,Urbana (H.S.),7-May
,1919-20,B,Warren Wierman,Atwood,9-May
,,,"Harold ""Red"" Grange",Wheaton (H.S.),9-May
,1920-21,A,David Neumann,Chicago (University),9-May
,1920-21,B,Alvin Young,Carlinville,9-May
,1921-22,A,Bill Hoar,LaSalle (L.-Peru),7-May
,,,Albert Walworth,Oak Park (O.P.-River Forest),7-May
,1921-22,B,M. Eigsti,Berwyn-Cicero (Morton),5-91?2
,1922-23,A,Joseph Cody,Chicago (Englewood),5-83?4
,,,Robert Carson,Danville (H.S.),5-83?4
,1922-23,B,Leo Malosh,Bridgeport,5-103?4
,1923-24,A,Doty,Benton,5-91?2
,,,Philip Heckendorn,Oak Park (O.P.-River Forest),5-91?2
,1923-24,B,R. Olmstead,Victoria,5-111?2
,1924-25,A,"Theodore ""Ty"" Wachowski",Chicago (Harrison),5-113?8
,1924-25,B,Tommy Miller,Elmwood,5-91?8
,1925-26,,Richard Wiggins,Eldorado,6-35?8
,,,Tommy Miller,Elmwood,6-35?8
,1926-27,,Cole,Ewing,6-31?2
,1927-28,,George McHose,Havana,5-113?4
,1928-29,,Eldon Streid,Chenoa,5-113?4
,1929-30,,Oliver Olson,Wheaton (H.S.),Jun-00
,1930-31,,Eli Miller,Chicago (Roosevelt),2-Jun
,1931-32,,George Ray,Highland Park (Deerfield-Shields),5-113?4
,1932-33,,Lowell Spurgeon,Centralia,6-51?8
,1933-34,,Lowell Spurgeon,Centralia,3-Jun
,,,Chism,Chicago (Englewood),3-Jun
,1934-35,,David Waterbury,Centralia,6-13?8
,1935-36,,Donald Canham,Oak Park (O.P.-River Forest),4-Jun
,1936-37,,Paul Blue,Mahomet,1-Jun
,1937-38,,Bob Hornecker,LaSalle (L.-Peru),6-13?8
,,,Thomas Edwards,Norris City,6-13?8
,,,Robert McSweeney,Oak Park (O.P.-River Forest),6-13?8
,1938-39,,Dick Moreau,Winnetka (New Trier),4-Jun
,1939-40,,"Dwight ""Dike"" Eddleman",Centralia,2-Jun
,1940-41,,"Dwight ""Dike"" Eddleman",Centralia,5-113?4
,1941-42,,"Dwight ""Dike"" Eddleman",Centralia,4-Jun
,1942-43,,Harold Hartley,Ashley,3-Jun
,1943-44,,Jim McCurdy,Pinckneyville,3-Jun
,1944-45,,Frank Strand,Blue Island,Jun-00
,1945-46,,Kenneth McBride,Centralia,5-113?4
,,,Harold Newsome,Chicago (Schurz),5-113?4
,,,Don Calhoun,Evanston (Twp.),5-113?4
,1946-47,,Harold Newsome,Chicago (Schurz),1-Jun
,,,Dick Patterson,Rushville,1-Jun
,,,Al Brownfield,Waukegan (H.S.),1-Jun
,,,Roscoe Harrell,Waukegan (H.S.),1-Jun
,1947-48,,Robert Babecki,Chicago (Lane),6-23?8
,1948-49,,Bob Nickolaus,Centralia,5-113?4
,,,Wayne Vieth,LaGrange (Lyons),5-113?4
,1949-50,,Don Hillmer,Geneseo,5-111?2
,1950-51,,Ronald Mitchell,East St. Louis (Sr.),6-37?8
,1951-52,,Calvin Boyd,Oak Park (O.P.-River Forest),6-15?8
,1952-53,,Dick Williams,LaGrange (Lyons),6-23?4
,,,"Floyd ""Bud"" Smith",Mt. Carroll,6-23?4
,1953-54,,Al Urbanckas,Springfield (Cathedral),6-31?4
,1954-55,,William Palmer,Arlington Heights (Arlington),2-Jun
,,,Wilbur Dickson,Danville (H.S.),2-Jun
,,,Don Swanson,Moline (H.S.),2-Jun
,1955-56,,Wilbur Dickson,Danville (H.S.),6-31?4
,1956-57,,William Palmer,Arlington Heights (Arlington),6-51?4
,1957-58,,Homer Thurman,Chicago Heights (Bloom Twp.),3-Jun
,1958-59,,Wes Sidney,Winnetka (New Trier),3-Jun
,1959-60,,Dave Schmidt,Atwood,2-Jun
,,,Orbenie Giles,East Moline (United),2-Jun
,,,Charles Mohr,Park Ridge (Maine East),2-Jun
,1960-61,,Jeff Tyler,Rock Island (H.S.),4-Jun
,1961-62,,Scott Etnyre,Winnetka (New Trier),6-43?8
,1962-63,,John Rupert,Chicago Heights (Bloom Twp.),4-Jun
,1963-64,,Curtis Deal,Edwardsville (H.S.),6-41?2
,1964-65,,Curtis Deal,Edwardsville (H.S.),5-Jun
,1965-66,,Steve Campbell,Evanston (Twp.),5-Jun
,1966-67,,Ben Gaines,Evanston (Twp.),6-91?4
,1967-68,,Randy Crady,Chillicothe,6-61?4
,1968-69,,Galyn Sweet,Colfax (Octavia),6-Jun
,1969-70,,Galyn Sweet,Colfax (Octavia),6-101?4
,1970-71,,Bill Hancock,Glasford (Illini Bluffs),8-Jun
,1971-72,,John Stanek,Hillside (Proviso West),8-Jun
,,,,,
pole vault,1892-93,,Clarence Herschberger,Peoria (H.S.),8-Aug
,1893-94,,Clarence Herschberger,Peoria (H.S.),Sep-00
,1894-95,,W. Stevens,Mattoon,3-Sep
,1895-96,,Wayne Carter,Mattoon,6-Sep
,1896-97,,Gage Leake,Chicago (Englewood),6-Sep
,1897-98,,Harry Bascomb,Chicago (Hyde Park),7-Sep
,1898-99,,Harold Ives,Rantoul,7-Sep
,1899-00,,Chester Hoover,Taylorville,9-Sep
,1900-01,,Carl Colby,Pecatonica,4-Oct
,1901-02,,Paul Dickey,Chicago (South Division),10-11?2
,1902-03,,Corson Morris,Chicago (Englewood),10-61?4
,1903-04,,Roy Rennacher,Chicago (North Division),Oct-00
,1904-05,,W.L. Sauer,Chicago (Lake View),4-Oct
,1905-06,,Clyde Way,Chicago (Hyde Park),7-Oct
,1906-07,,Louis Enos,Alton (Sr.),10-115?8
,1907-08,,Louis Enos,Alton (Sr.),Nov-00
,,,Walter Kimball,LaGrange (Lyons),Nov-00
,1908-09,,Herman Dixon,Biggsville,3-Oct
,1909-10,,Edward Thomas,Chicago (Hyde Park),9-Oct
,1910-11,,Charles Bachman,Chicago (Englewood),Nov-00
,,,Eugene Schobinger,Chicago (Harvard),Nov-00
,,,Dennett Bell,Chicago (Hyde Park),Nov-00
,,,Percy Wagner,Chicago (Hyde Park),Nov-00
,1911-12,,Oliver Foster,Bellflower,6-Oct
,,,Charles Bachman,Chicago (Englewood),6-Oct
,,,Charles Bent,Chicago (University),6-Oct
,,,Frank Foss,Chicago (University),6-Oct
,,,George Hayworth,Georgetown,6-Oct
,,,John Cannon,Jacksonville (H.S.),6-Oct
,1912-13,,Frank Foss,Chicago (University),11-63?8
,1913-14,A,Jesse Kirkpatrick,Champaign (H.S.),3-Nov
,,,Max Hole,Chicago (University),3-Nov
,1913-14,B,Oscar Burgess,Fairfield,Nov-00
,,,George Hayworth,Georgetown,Nov-00
,1914-15,A,Percy Graham,Chicago (University),11-61?2
,1914-15,B,Sherman Landers,Oregon,11-91?2
,1915-16,A,Harry Eielson,Springfield (H.S.),3-Nov
,1915-16,B,Sherman Landers,Oregon,Oct-00
,1915-16,C,Edwin Myers,Lake Forest (L.F. Academy),3-Nov
,1918-19,A,Dean Brownell,Champaign (H.S.),6-Nov
,1918-19,B,Arthur Lee,LaSalle (L.-Peru),3-Nov
,1919-20,A,Allan Steele,Urbana (H.S.),Nov-00
,1919-20,B,Roland E. Griggs,Brimfield,3-Nov
,1920-21,A,Allen Vohs,LaSalle (L.-Peru),Nov-00
,1920-21,B,Roland E. Griggs,Brimfield,Nov-00
,1921-22,A,Oliver Barker,Evanston (Twp.),Nov-00
,1921-22,B,Allen Steel,Monticello,3-Nov
,1922-23,A,Richard Johns,LaSalle (L.-Peru),Nov-00
,1922-23,B,Martin Seed,Bridgeport,6-Nov
,,,L. Williams,White Hall,6-Nov
,1923-24,A,Richard Johns,LaSalle (L.-Peru),11-111?4
,1923-24,B,Lowell Hall,Hoopeston,Nov-00
,1924-25,A,H. Harrison,West Frankfort (Frankfort),6-Nov
,1924-25,B,Lyle C. Holl,Easton,6-Nov
,1925-26,,Eudell Watts,Kewanee (H.S.),9-Nov
,1926-27,,W. Morrison,Minonk,12-41?2
,1927-28,,Estel Lennington,Chenoa,Dec-00
,,,Millard Broughton,Chicago (Lane),Dec-00
,,,G. Bundren,Johnston City,Dec-00
,1928-29,,Ray Woolsey,Knoxville,11-61?2
,1929-30,,Hubert Skelly,Oak Park (O.P.-River Forest),12-73?4
,1930-31,,Bob Romeis,Elgin (H.S.),10-Nov
,,,Augie Beltzner,Joliet (Twp.),10-Nov
,,,Bob Swisher,Peoria (H.S.),10-Nov
,,,Irving Seeley,Urbana (H.S.),10-Nov
,1931-32,,Fred Stewart,Evanston (Twp.),6-Nov
,,,Augie Beltzner,Joliet (Twp.),6-Nov
,,,Kenneth Morris,Watseka,6-Nov
,1932-33,,Donald Anderson,Batavia,2-Dec
,,,Jim Kingsley,Winnetka (New Trier),2-Dec
,1933-34,,Jim Kingsley,Winnetka (New Trier),6-Dec
,1934-35,,Thomas R. Charles,Beardstown,4-Nov
,1935-36,,"Clark Shaughnessy, Jr.",Chicago (Hyde Park),4-Dec
,1936-37,,Virgil Robinson,Centralia,6-Dec
,1937-38,,Bill Williams,Oak Park (O.P.-River Forest),12-111?2
,1938-39,,Lopin,Rockford (H.S.),3-Dec
,1939-40,,Albert Hoeman,Dixon (H.S.),6-Nov
,,,George Nevius,Girard,6-Nov
,,,George Hall,Maywood (Proviso),6-Nov
,1940-41,,Frank Charnak,West Frankfort (Frankfort),12-43?4
,1941-42,,Bill Olliverson,Urbana (H.S.),8-Nov
,1942-43,,Roy Westgate,Oak Park (O.P.-River Forest),8-Dec
,1943-44,,Kendall Freeman,Sterling (H.S.),4-Dec
,1944-45,,Ed Ulvestad,Oak Park (O.P.-River Forest),4-Dec
,1945-46,,Don Laz,Aurora (West),3-Dec
,1946-47,,Neil King,Evanston (Twp.),3-Dec
,,,Wilbur Hawke,Mendota,3-Dec
,1947-48,,Jerry Pickell,Naperville (H.S.),9-Dec
,,,Dick Thielen,Sterling (H.S.),9-Dec
,1948-49,,"John ""Rocky"" Ryan",Tolono,3-Dec
,1949-50,,Jim Wright,Lawrenceville,13-01?8
,1950-51,,Dean McKown,LaGrange (Lyons),12-81?2
,1951-52,,Jack Agnew,Lincoln,6-Dec
,1952-53,,Gordon Bell,Oak Park (O.P.-River Forest),6-Dec
,1953-54,,Bobby Joe Mason,Centralia,4-Dec
,,,Les Murphy,Robinson,4-Dec
,,,Jack Sowers,West Frankfort (Frankfort),4-Dec
,1954-55,,Lewis Flinn,Princeton,6-Dec
,1955-56,,John Cada,Elmhurst (York),1-Dec
,,,Larry Mackey,Urbana (H.S.),1-Dec
,1956-57,,Larry Oertley,Bartonville (Limestone),2-Dec
,,,Dave Rudolph,Highland Park,2-Dec
,,,Bill Keel,Hinsdale (Twp.),2-Dec
,,,Tom Fann,Hurst (H.-Bush),2-Dec
,1957-58,,Bill Keel,Hinsdale (Twp.),6-Dec
,1958-59,,James Nelson,LaGrange (Lyons),8-Dec
,1959-60,,Gary Wolff,Centralia,13-01?2
,1960-61,,Ron Fulton,Kewanee (H.S.),Dec-00
,,,Ed Nilsen,Oak Park (O.P.-River Forest),Dec-00
,1961-62,,Don Duncan,Centralia,6-Dec
,,,Ron Preswood,Fithian (Oakwood),6-Dec
,,,Bob Radunzel,West Chicago (H.S.),6-Dec
,,,Scott Etnyre,Winnetka (New Trier),6-Dec
,1962-63,,Rich Ellison,Berwyn (Morton West),13-91?2
,1963-64,,Rich Ellison,Berwyn (Morton West),13-4
,1964-65,,Doug Macomber,Park Ridge (Maine South),14-31?2
,1965-66,,Chris Hill,Glen Ellyn (Glenbard West),14-0
,1966-67,,Howard Doulder,Oak Park (O.P.-River Forest),14-0
,1967-68,,Jan Johnson,Chicago Heights (Bloom Twp.),15-03?4
,1968-69,,Ralph Williams,Harvey (Thornton),14-0
,1969-70,,Denny Brue,Ottawa (Twp.),14-0
,1970-71,,Rusty Wells,Ottawa (Twp.),14-4
,1971-72,,Jeff Klawitter,Dolton (Thornridge),15-0
