"State","Year","Gender","Event","Class","Text","Mark","Mark.Note"
"New York",1974,"Girls","100y",NA,"100 yd","11.3",""
"New York",1974,"Girls","880y",NA,"880 yd","2:22.0",""
"New York",1975,"Girls","100y",NA,"100yd","11",""
"New York",1975,"Girls","880y",NA,"880 yd","2:18.1",""
"New York",1975,"Girls","Mile",NA,"Mile","5:07.4",""
"New York",1975,"Girls","High Jump",NA,"High Jump","5' 5 """,""
"New York",1976,"Girls","100y",NA,"100yd","10.9 ","*"
"New York",1976,"Girls","880y",NA,"880 yd","2:14.4 ","*"
"New York",1976,"Girls","Mile",NA,"Mile","4:57.4 ","*"
"New York",1976,"Girls","High Jump",NA,"High Jump","5' 6 "" ","*"
"New York",1977,"Girls","100y",NA,"100yd","11.2",""
"New York",1977,"Girls","880y",NA,"880 yd","2:15.0",""
"New York",1977,"Girls","Mile",NA,"Mile","4:56.5","*"
"New York",1977,"Girls","High Jump",NA,"High Jump","5' 6 "" ","**"
"New York",1978,"Girls","100y","Intersectional","100yd","11.1",""
"New York",1978,"Girls","880y","Intersectional","880 yd","2:13.3 ","*"
"New York",1978,"Girls","Mile","Intersectional","Mile","5:03.2",""
"New York",1978,"Girls","High Jump","Intersectional","High Jump","5' 9"" ""","**"
"New York",1979,"Girls","100y","Intersectional","100yd","11.9",""
"New York",1979,"Girls","880y","Intersectional","880 yd","2:10.5 ","**"
"New York",1979,"Girls","Mile","Intersectional","Mile","4:53.7 ","**"
"New York",1979,"Girls","High Jump","Intersectional","High Jump","5' 7 """,""
"New York",1980,"Girls","100m","Intersectional","100m","11.6","**"
"New York",1980,"Girls","800m","Intersectional","800m","2:10.9",""
"New York",1980,"Girls","1500m","Intersectional","1500m","4:33.5",""
"New York",1980,"Girls","High Jump","Intersectional","High Jump","5' 8 """,""
"New York",1981,"Girls","100m","Intersectional","100m","12.05",""
"New York",1981,"Girls","800m","Intersectional","800m","2:12.02",""
"New York",1981,"Girls","1500m","Intersectional","1500m","4:33.96",""
"New York",1981,"Girls","High Jump","Intersectional","High Jump","5' 6 """,""
"New York",1982,"Girls","100m","Intersectional","100m","12.24",""
"New York",1982,"Girls","800m","Intersectional","800m","2:10.41 ","*"
"New York",1982,"Girls","1500m","Intersectional","1500m","4:32.4 ","*"
"New York",1982,"Girls","High Jump","Intersectional","High Jump","5' 10"" ","*"
"New York",1983,"Girls","100m","Intersectional","100m","12.28",""
"New York",1983,"Girls","800m","Intersectional","800m","2:11.87",""
"New York",1983,"Girls","1500m","Intersectional","1500m","4:28.43 ","*"
"New York",1983,"Girls","High Jump","Intersectional","High Jump","5' 7""",""
"New York",1984,"Girls","100m","Intersectional","100m","12.43",""
"New York",1984,"Girls","800m","Intersectional","800m","2:10.7",""
"New York",1984,"Girls","1500m","Intersectional","1500m","4:33.5",""
"New York",1984,"Girls","High Jump","Intersectional","High Jump","5' 8""",""
"New York",1985,"Girls","100m","Intersectional","100m","12.04",""
"New York",1985,"Girls","800m","Intersectional","800m","2:08.79","**"
"New York",1985,"Girls","1500m","Intersectional","1500m","4:24.63 ","*"
"New York",1985,"Girls","High Jump","Intersectional","High Jump","5' 8""",""
"New York",1986,"Girls","100m","Intersectional","100m","12.07",""
"New York",1986,"Girls","800m","Intersectional","800m","2:08.79","**"
"New York",1986,"Girls","1500m","Intersectional","1500m","4:26.0",""
"New York",1986,"Girls","High Jump","Intersectional","High Jump","5' 9""",""
"New York",1987,"Girls","100m","Intersectional","100m","11.97",""
"New York",1987,"Girls","800m","Intersectional","800m","2:11.3",""
"New York",1987,"Girls","1500m","Intersectional","1500m","4:31.7",""
"New York",1987,"Girls","High Jump","Intersectional","High Jump","5' 10 "" """,""
"New York",1988,"Girls","100m","Intersectional","100m","12.19",""
"New York",1988,"Girls","800m","Intersectional","800m","2:09.8",""
"New York",1988,"Girls","1500m","Intersectional","1500m","4:26.5",""
"New York",1988,"Girls","High Jump","Intersectional","High Jump","6' 0"" ","**"
"New York",1989,"Girls","100m","Intersectional","100m","12.21",""
"New York",1989,"Girls","800m","Intersectional","800m","2:11.89",""
"New York",1989,"Girls","1500m","Intersectional","1500m","4:35.66",""
"New York",1989,"Girls","High Jump","Intersectional","High Jump","5' 4 """,""
"New York",1990,"Girls","100m","Intersectional","100m","12.25",""
"New York",1990,"Girls","800m","Intersectional","800m","2:10.87",""
"New York",1990,"Girls","1500m","Intersectional","1500m","4:27.40",""
"New York",1990,"Girls","High Jump","Intersectional","High Jump","5' 10 """,""
"New York",1991,"Girls","100m","Intersectional","100m","11.88",""
"New York",1991,"Girls","800m","Intersectional","800m","2:12.95",""
"New York",1991,"Girls","1500m","Intersectional","1500m","4:33.81",""
"New York",1991,"Girls","High Jump","Intersectional","High Jump","5' 8 """,""
"New York",1992,"Girls","100m","Intersectional","100m","12.11",""
"New York",1992,"Girls","800m","Intersectional","800m","2:12.66",""
"New York",1992,"Girls","1500m","Intersectional","1500m","4:31.14",""
"New York",1992,"Girls","High Jump","Intersectional","High Jump","5' 8""",""
"New York",1993,"Girls","100m","Intersectional","100m","11.78 ","*"
"New York",1993,"Girls","800m","Intersectional","800m","2:11.41",""
"New York",1993,"Girls","1500m","Intersectional","1500m","4:35.08",""
"New York",1993,"Girls","High Jump","Intersectional","High Jump","5' 10 """,""
"New York",1994,"Girls","100m","Intersectional","100m","11.69 ","*"
"New York",1994,"Girls","800m","Intersectional","800m","2:09.06",""
"New York",1994,"Girls","1500m","Intersectional","1500m","4:36.17",""
"New York",1994,"Girls","High Jump","Intersectional","High Jump","5' 9 """,""
"New York",1995,"Girls","100m","Intersectional","100m","12.01",""
"New York",1995,"Girls","800m","Intersectional","800m","2:10.28",""
"New York",1995,"Girls","1500m","Intersectional","1500m","4:38.40",""
"New York",1995,"Girls","High Jump","Intersectional","High Jump","5' 7 """,""
"New York",1996,"Girls","100m","Class A","100m","12.28",""
"New York",1996,"Girls","800m","Class A","800m","2:14.01",""
"New York",1996,"Girls","1500m","Class A","1500m","4:40.04",""
"New York",1996,"Girls","High Jump","Class A","High Jump","5' 9 """,""
"New York",1996,"Girls","100m","Class B","100m","12.93",""
"New York",1996,"Girls","800m","Class B","800m","2:16.12",""
"New York",1996,"Girls","1500m","Class B","1500m","4:47.13",""
"New York",1996,"Girls","High Jump","Class B","High Jump","5' 7 """,""
"New York",1996,"Girls","100m","Class C","100m","12.84",""
"New York",1996,"Girls","800m","Class C","800m","2:20.40",""
"New York",1996,"Girls","1500m","Class C","1500m","4:52.74",""
"New York",1996,"Girls","High Jump","Class C","High Jump","5' 5""",""
"New York",1997,"Girls","100m","Class A","100m","11.75",""
"New York",1997,"Girls","800m","Class A","800m","2:12.57",""
"New York",1997,"Girls","1500m","Class A","1500m","4:38.48",""
"New York",1997,"Girls","High Jump","Class A","High Jump","5' 8 """,""
"New York",1997,"Girls","100m","Class B","100m","12.4",""
"New York",1997,"Girls","800m","Class B","800m","2:15.28",""
"New York",1997,"Girls","1500m","Class B","1500m","4:33.78",""
"New York",1997,"Girls","High Jump","Class B","High Jump","5' 4 """,""
"New York",1997,"Girls","100m","Class C","100m","12.4",""
"New York",1997,"Girls","800m","Class C","800m","2:14.43",""
"New York",1997,"Girls","1500m","Class C","1500m","4:41.81",""
"New York",1997,"Girls","High Jump","Class C","High Jump","5' 4 """,""
"New York",1998,"Girls","100m","Class A","100m","12.03",""
"New York",1998,"Girls","800m","Class A","800m","2:09.21",""
"New York",1998,"Girls","1500m","Class A","1500m","4:36.45",""
"New York",1998,"Girls","High Jump","Class A","High Jump","5' 6 """,""
"New York",1998,"Girls","Pole Vault","Class A","Pole Vault","10' 6 """,""
"New York",1998,"Girls","100m","Class B","100m","12.76",""
"New York",1998,"Girls","800m","Class B","800m","2:14.00",""
"New York",1998,"Girls","1500m","Class B","1500m","4:34.19",""
"New York",1998,"Girls","High Jump","Class B","High Jump","5'6 """,""
"New York",1998,"Girls","Pole Vault","Class B","Pole Vault","11' 0 "" ","*"
"New York",1998,"Girls","100m","Class C","100m","12.46",""
"New York",1998,"Girls","800m","Class C","800m","2:18.25",""
"New York",1998,"Girls","1500m","Class C","1500m","4:47.58",""
"New York",1998,"Girls","High Jump","Class C","High Jump","5' 2 """,""
"New York",1998,"Girls","Pole Vault","Class C","Pole Vault","7' 3 """,""
"New York",1999,"Girls","100m","Class A","100m","11.91",""
"New York",1999,"Girls","800m","Class A","800m","2:10.67",""
"New York",1999,"Girls","1500m","Class A","1500m","4:38.22",""
"New York",1999,"Girls","High Jump","Class A","High Jump","5' 6 """,""
"New York",1999,"Girls","Pole Vault","Class A","Pole Vault","10' 3 """,""
"New York",1999,"Girls","100m","Class B","100m","12.54",""
"New York",1999,"Girls","800m","Class B","800m","2:12.94",""
"New York",1999,"Girls","1500m","Class B","1500m","4:34.24",""
"New York",1999,"Girls","High Jump","Class B","High Jump","5' 6""",""
"New York",1999,"Girls","Pole Vault","Class B","Pole Vault","12' 0"" ","**"
"New York",1999,"Girls","100m","Class C","100m","12.48",""
"New York",1999,"Girls","800m","Class C","800m","2:17.25",""
"New York",1999,"Girls","1500m","Class C","1500m","4:42.20",""
"New York",1999,"Girls","High Jump","Class C","High Jump","5' 4""",""
"New York",1999,"Girls","Pole Vault","Class C","Pole Vault","9' 3""",""
"New York",2000,"Girls","100m","Class A","100m","12",""
"New York",2000,"Girls","800m","Class A","800m","2:14.68",""
"New York",2000,"Girls","1500m","Class A","1500m","4:35.24",""
"New York",2000,"Girls","High Jump","Class A","High Jump","5' 6 """,""
"New York",2000,"Girls","Pole Vault","Class A","Pole Vault","10' 6 """,""
"New York",2000,"Girls","100m","Class B","100m","12.44",""
"New York",2000,"Girls","800m","Class B","800m","2:12.84",""
"New York",2000,"Girls","1500m","Class B","1500m","4:39.83",""
"New York",2000,"Girls","High Jump","Class B","High Jump","5' 5 """,""
"New York",2000,"Girls","Pole Vault","Class B","Pole Vault","12' 0 "" """,""
"New York",2000,"Girls","100m","Class C","100m","12.65",""
"New York",2000,"Girls","800m","Class C","800m","2:17.08",""
"New York",2000,"Girls","1500m","Class C","1500m","4:46.94",""
"New York",2000,"Girls","High Jump","Class C","High Jump","5' 6 """,""
"New York",2000,"Girls","Pole Vault","Class C","Pole Vault","10' 0 """,""
"New York",2001,"Girls","100m","Class A","100m","11.84",""
"New York",2001,"Girls","800m","Class A","800m","2:11.47",""
"New York",2001,"Girls","1500m","Class A","1500m","4:35.97",""
"New York",2001,"Girls","High Jump","Class A","High Jump","5' 7""",""
"New York",2001,"Girls","Pole Vault","Class A","Pole Vault","11' 0""",""
"New York",2001,"Girls","100m","Class B","100m","12.22",""
"New York",2001,"Girls","800m","Class B","800m","2:16.03",""
"New York",2001,"Girls","1500m","Class B","1500m","4:35.67",""
"New York",2001,"Girls","High Jump","Class B","High Jump","5' 6""",""
"New York",2001,"Girls","Pole Vault","Class B","Pole Vault","11' 0""",""
"New York",2001,"Girls","100m","Class C","100m","12.37",""
"New York",2001,"Girls","800m","Class C","800m","2:16.48",""
"New York",2001,"Girls","1500m","Class C","1500m","4:34.21",""
"New York",2001,"Girls","High Jump","Class C","High Jump","5'3""",""
"New York",2001,"Girls","Pole Vault","Class C","Pole Vault","10' 9""",""
"New York",2001,"Girls","100m","Federation","100m","11.76",""
"New York",2001,"Girls","800m","Federation","800m","2:12.47",""
"New York",2001,"Girls","1500m","Federation","1500m","4:34.21",""
"New York",2001,"Girls","High Jump","Federation","High Jump","5' 7""",""
"New York",2001,"Girls","Pole Vault","Federation","Pole Vault","11' 0""",""
"New York",2002,"Girls","100m","Class A","100m","11.96",""
"New York",2002,"Girls","800m","Class A","800m","2:10.98",""
"New York",2002,"Girls","1500m","Class A","1500m","4:38.73",""
"New York",2002,"Girls","High Jump","Class A","High Jump","5' 8.5""",""
"New York",2002,"Girls","Pole Vault","Class A","Pole Vault","11' 9""",""
"New York",2002,"Girls","100m","Class B","100m","12.72",""
"New York",2002,"Girls","800m","Class B","800m","2:12.14",""
"New York",2002,"Girls","1500m","Class B","1500m","4:30.82",""
"New York",2002,"Girls","High Jump","Class B","High Jump","5' 5""",""
"New York",2002,"Girls","Pole Vault","Class B","Pole Vault","11' 6""",""
"New York",2002,"Girls","100m","Class C","100m","12.83",""
"New York",2002,"Girls","800m","Class C","800m","2:13.93",""
"New York",2002,"Girls","1500m","Class C","1500m","4:27.04",""
"New York",2002,"Girls","High Jump","Class C","High Jump","5' 3""",""
"New York",2002,"Girls","Pole Vault","Class C","Pole Vault","10' 6""",""
"New York",2002,"Girls","100m","Federation","100m","12",""
"New York",2002,"Girls","800m","Federation","800m","2:08.68 ","*"
"New York",2002,"Girls","1500m","Federation","1500m","4:27.04",""
"New York",2002,"Girls","High Jump","Federation","High Jump","5' 8.5""",""
"New York",2002,"Girls","Pole Vault","Federation","Pole Vault","11' 9""",""
"New York",2003,"Girls","100m","D-1","D-1","12.15",""
"New York",2003,"Girls","100m","D-2","D-2","12.58",""
"New York",2003,"Girls","100m","Federation","Federation","11.94",""
"New York",2003,"Girls","800m","D-1","D-1","2:10.82",""
"New York",2003,"Girls","800m","Federation","Federation","2:13.27",""
"New York",2003,"Girls","1500m","D-1","D-1","4:34.56",""
"New York",2003,"Girls","1500m","D-2","D-2 + Federation","4:24.26 ","*"
"New York",2003,"Girls","High Jump","D-1","D-1 + Federation","5' 7""",""
"New York",2003,"Girls","High Jump","D-2","D-2","5' 4""",""
"New York",2003,"Girls","Pole Vault","D-1","D-1 + Federation","11' 0""",""
"New York",2003,"Girls","Pole Vault","D-2","D-2","11' 0""",""
"New York",2004,"Girls","100m","D-1","D-1","12.1",""
"New York",2004,"Girls","100m","D-2","D-2","12.51",""
"New York",2004,"Girls","100m","Federation","Federation","12.43",""
"New York",2004,"Girls","800m","D-1","D-1","2:09.59",""
"New York",2004,"Girls","800m","D-2","D-2","2:13.64",""
"New York",2004,"Girls","800m","Federation","Federation","2:10.61",""
"New York",2004,"Girls","1500m","D-1","D-1 + Federation","4:29.41",""
"New York",2004,"Girls","1500m","D-2","D-2","4:47.19",""
"New York",2004,"Girls","High Jump","D-1","D-1 + Federation","5' 10""",""
"New York",2004,"Girls","High Jump","D-2","D-2","5' 8""",""
"New York",2004,"Girls","Pole Vault","D-1","D-1 + Federation","13' 5"" ","*"
"New York",2004,"Girls","Pole Vault","D-2","D-2","11' 6""",""
"New York",2005,"Girls","100m","D-1","D-1","11.81",""
"New York",2005,"Girls","100m","D-2","D-2","12.3",""
"New York",2005,"Girls","100m","Federation","Federation","11.96",""
"New York",2005,"Girls","800m","D-1","D-1","2:09.47",""
"New York",2005,"Girls","800m","D-2","D-2","2:13.63",""
"New York",2005,"Girls","800m","Federation","Federation","2:09.94",""
"New York",2005,"Girls","1500m","D-1","D-1 + Federation","4:26.13",""
"New York",2005,"Girls","1500m","D-2","D-2","4:33.76",""
"New York",2005,"Girls","High Jump","D-1","D-1 + Federation","5' 7""",""
"New York",2005,"Girls","High Jump","D-2","D-2","5' 7""",""
"New York",2005,"Girls","Pole Vault","D-1","D-1 + Federation","13' 0""",""
"New York",2005,"Girls","Pole Vault","D-2","D-2","12' 0""",""
"New York",2006,"Girls","100m","D-1","D-1","11.85",""
"New York",2006,"Girls","100m","D-2","D-2","12.34",""
"New York",2006,"Girls","100m","Federation","Federation","12.03",""
"New York",2006,"Girls","800m","D-1","D-1","2:09.49",""
"New York",2006,"Girls","800m","D-2","D-2","2:11.36",""
"New York",2006,"Girls","800m","Federation","Federation","2:10.45",""
"New York",2006,"Girls","1500m","D-1","D-1 + Federation","4:31.76",""
"New York",2006,"Girls","1500m","D-2","D-2","4:43.70",""
"New York",2006,"Girls","High Jump","D-1","D-1 + Federation","5' 6""",""
"New York",2006,"Girls","High Jump","D-2","D-2","5' 3""",""
"New York",2006,"Girls","Pole Vault","D-1","D-1 + Federation","11' 0""",""
"New York",2006,"Girls","Pole Vault","D-2","D-2","10' 6""",""
"New York",2007,"Girls","100m","D-1","D-1","12.02",""
"New York",2007,"Girls","100m","D-2","D-2","12.19",""
"New York",2007,"Girls","100m","Federation","Federation","11.72",""
"New York",2007,"Girls","800m","D-1","D-1","2:10.02",""
"New York",2007,"Girls","800m","D-2","D-2","2:12.20",""
"New York",2007,"Girls","800m","Federation","Federation","2:10.42",""
"New York",2007,"Girls","1500m","D-1","D-1 + Federation","4:30.57",""
"New York",2007,"Girls","1500m","D-2","D-2","4:37.09",""
"New York",2007,"Girls","High Jump","D-1","D-1","5' 9""",""
"New York",2007,"Girls","High Jump","D-2","D-2","5' 6""",""
"New York",2007,"Girls","High Jump","Federation","Federation","5' 9""",""
"New York",2007,"Girls","Pole Vault","D-1","D-1 + Federation","12' 6""",""
"New York",2007,"Girls","Pole Vault","D-2","D-2","10' 6""",""
"New York",2008,"Girls","100m","D-1","D-1","12.54",""
"New York",2008,"Girls","100m","D-2","D-2","12.83",""
"New York",2008,"Girls","100m","Federation","Federation","12.29",""
"New York",2008,"Girls","800m","D-1","D-1","2:12.25",""
"New York",2008,"Girls","800m","Federation","Federation","2:07.46 ","*"
"New York",2008,"Girls","1500m","D-1","D-1 + Federation","4:30.58",""
"New York",2008,"Girls","1500m","D-2","D-2","4:36.20",""
"New York",2008,"Girls","High Jump","D-1","D-1","5' 7""",""
"New York",2008,"Girls","High Jump","D-2","D-2 + Federation","5' 8""",""
"New York",2008,"Girls","Pole Vault","D-1","D-1 + Federation","12' 0""",""
"New York",2008,"Girls","Pole Vault","D-2","D-2","12' 0""",""
"New York",2009,"Girls","100m","D-1","D-1","12.16",""
"New York",2009,"Girls","100m","Federation","Federation","11.85",""
"New York",2009,"Girls","800m","D-1","D-1","2:09.75",""
"New York",2009,"Girls","800m","Federation","Federation","2:08.67",""
"New York",2009,"Girls","1500m","D-1","D-1 + Federation","4:25.65",""
"New York",2009,"Girls","1500m","D-2","D-2","4:37.15",""
"New York",2009,"Girls","High Jump","D-1","D-1","5' 7""",""
"New York",2009,"Girls","High Jump","D-2","D-2 + Federation","5' 8""",""
"New York",2009,"Girls","Pole Vault","D-1","D-1 + Federation","12' 0""",""
"New York",2009,"Girls","Pole Vault","D-2","D-2","11' 6""",""
"New York",2010,"Girls","100m","D-1","D-1","11.96",""
"New York",2010,"Girls","100m","D-2","D-2","11.96",""
"New York",2010,"Girls","100m","Federation","Federation","11.98",""
"New York",2010,"Girls","800m","D-1","D-1","2:09.11",""
"New York",2010,"Girls","800m","D-2","D-2","2:13.60",""
"New York",2010,"Girls","800m","Federation","Federation","2:07.75",""
"New York",2010,"Girls","1500m","D-1","D-1 + Federation","4:24.37",""
"New York",2010,"Girls","1500m","D-2","D-2","4:36.71",""
"New York",2010,"Girls","High Jump","D-1","D-1 + Federation","5' 8""",""
"New York",2010,"Girls","High Jump","D-2","D-2","5' 7""",""
"New York",2010,"Girls","Pole Vault","D-1","D-1 + Federation","12' 0""",""
"New York",2010,"Girls","Pole Vault","D-2","D-2","12' 0""",""
"New York",2011,"Girls","100m","D-1","D-1","11.88",""
"New York",2011,"Girls","100m","D-2","D-2","12.13",""
"New York",2011,"Girls","100m","Federation","Federation","11.87",""
"New York",2011,"Girls","800m","D-1","D-1 + Federation","2:09.32",""
"New York",2011,"Girls","800m","D-2","D-2","2:13.27",""
"New York",2011,"Girls","1500m","D-1","D-1","4:19.83",""
"New York",2011,"Girls","1500m","D-2","D-2 + Federation","4:17.84 ","*"
"New York",2011,"Girls","High Jump","D-1","D-1 + Federation","5' 7""",""
"New York",2011,"Girls","High Jump","D-2","D-2","5' 5""",""
"New York",2011,"Girls","Pole Vault","D-1","D-1","11' 9""",""
"New York",2011,"Girls","Pole Vault","D-2","D-2 + Federation","12' 0""",""
"New York",2012,"Girls","100m","D-1","D-1","12.05",""
"New York",2012,"Girls","100m","D-2","D-2","12.46",""
"New York",2012,"Girls","100m","Federation","Federation"," 11.73",""
"New York",2012,"Girls","800m","D-1","D-1","2:14.08",""
"New York",2012,"Girls","800m","D-2","D-2 + Federation","2:09.86",""
"New York",2012,"Girls","1500m","D-1","D-1","4:28.29",""
"New York",2012,"Girls","1500m","D-2","D-2 + Federation","4:19.78",""
"New York",2012,"Girls","High Jump","D-1","D-1 + Federation","5' 8""",""
"New York",2012,"Girls","High Jump","D-2","D-2","5' 4""",""
"New York",2012,"Girls","Pole Vault","D-1","D-1 + Federation","12' 0""",""
"New York",2012,"Girls","Pole Vault","D-2","D-2","11' 3""",""
"New York",2013,"Girls","100m","D-1","D-1","12.12",""
"New York",2013,"Girls","100m","D-2","D-2","12.2",""
"New York",2013,"Girls","100m","Federation","Federation","11.74",""
"New York",2013,"Girls","800m","D-1","D-1","2:09.22",""
"New York",2013,"Girls","800m","D-2","D-2","2:11.29",""
"New York",2013,"Girls","800m","Federation","Federation","2:06.09","*"
"New York",2013,"Girls","1500m","D-1","D-1 + Federation","4:28.94",""
"New York",2013,"Girls","1500m","D-2","D-2","4:34.97",""
"New York",2013,"Girls","High Jump","D-1","D-1 + Federation","5' 6""",""
"New York",2013,"Girls","High Jump","D-2","D-2","5' 5""",""
"New York",2013,"Girls","Pole Vault","D-1","D-1 + Federation","12' 3""",""
"New York",2013,"Girls","Pole Vault","D-2","D-2","12' 3""",""
"New York",2014,"Girls","100m","D-1","D-1","12.2",""
"New York",2014,"Girls","100m","D-2","D-2","12.26",""
"New York",2014,"Girls","100m","Federation","Federation","11.74",""
"New York",2014,"Girls","800m","D-1","D-1","2:13.30",""
"New York",2014,"Girls","800m","D-2","D-2 + Federation","2:13.10",""
"New York",2014,"Girls","1500m","D-1","D-1 + Federation","4:30.03",""
"New York",2014,"Girls","1500m","D-2","D-2","4:32.42",""
"New York",2014,"Girls","High Jump","D-1","D-1 + Federation","5' 7""",""
"New York",2014,"Girls","High Jump","D-2","D-2","5' 7""",""
"New York",2014,"Girls","Pole Vault","D-1","D-1","12' 0""",""
"New York",2014,"Girls","Pole Vault","D-2","D-2 + Federation","12' 3""",""
"New York",2015,"Girls","100m","D-1","D-1","12.07",""
"New York",2015,"Girls","100m","D-2","D-2","12.37",""
"New York",2015,"Girls","100m","Federation","Federation","11.69",""
"New York",2015,"Girls","800m","D-1","D-1 + Federation","2:05.63 ","*"
"New York",2015,"Girls","800m","D-2","D-2","2:11.77",""
"New York",2015,"Girls","1500m","D-1","D-1 + Federation","4:25.24",""
"New York",2015,"Girls","1500m","D-2","D-2","4:29.71",""
"New York",2015,"Girls","High Jump","D-1","D-1","5' 8""",""
"New York",2015,"Girls","High Jump","D-2","D-2","5' 5""",""
"New York",2015,"Girls","High Jump","Federation","Federation","5' 9""",""
"New York",2015,"Girls","Pole Vault","D-1","D-1  + Federation","12' 3""",""
"New York",2015,"Girls","Pole Vault","D-2","D-2","11' 0""",""
"New York",2016,"Girls","100m","D-1","D-1","11.83",""
"New York",2016,"Girls","100m","D-2","D-2","12.49",""
"New York",2016,"Girls","100m","Federation","Federation","11.76",""
"New York",2016,"Girls","800m","D-1","D-1","2:10.47",""
"New York",2016,"Girls","800m","D-2","D-2 + Federation","2:08.57",""
"New York",2016,"Girls","1500m","D-1","D-1 + Federation","4:22.09",""
"New York",2016,"Girls","1500m","D-2","D-2","4:25.29",""
"New York",2016,"Girls","High Jump","D-1","D-1","5' 7""",""
"New York",2016,"Girls","High Jump","D-2","D-2","5' 6""",""
"New York",2016,"Girls","High Jump","Federation","Federation","5' 8""",""
"New York",2016,"Girls","Pole Vault","D-1","D-1 + Federation","12' 8""",""
"New York",2016,"Girls","Pole Vault","D-2","D-2","11' 9""",""
"New York",2017,"Girls","100m","D-1","D-1","11.78",""
"New York",2017,"Girls","100m","D-2","D-2","12.54",""
"New York",2017,"Girls","100m","Federation","Federation","11.89",""
"New York",2017,"Girls","800m","D-1","D-1 + Federation","2:07.27",""
"New York",2017,"Girls","800m","D-2","D-2","2:07.88",""
"New York",2017,"Girls","1500m","D-1","D-1 + Federation","4:18.51",""
"New York",2017,"Girls","1500m","D-2","D-2","4:25.94",""
"New York",2017,"Girls","High Jump","D-1","D-1","5' 6""",""
"New York",2017,"Girls","High Jump","D-2","D-2","5' 6""",""
"New York",2017,"Girls","High Jump","Federation","Federation","5' 7""",""
"New York",2017,"Girls","Pole Vault","D-1","D-1","12' 3""",""
"New York",2017,"Girls","Pole Vault","D-2","D-2 + Federation","12' 10""",""
"New York",2018,"Girls","100m","D-1","D-1","11.65",""
"New York",2018,"Girls","100m","D-2","D-2","12.31",""
"New York",2018,"Girls","100m","Federation","Federation","11.74",""
"New York",2018,"Girls","800m","D-1","D-1 + Federation","2:09.86",""
"New York",2018,"Girls","800m","D-2","D-2","2:11.35",""
"New York",2018,"Girls","1500m","D-1","D-1 + Federation","4:14.45 ","*"
"New York",2018,"Girls","1500m","D-2","D-2","4:28.41",""
"New York",2018,"Girls","High Jump","D-1","D-1","5' 6""",""
"New York",2018,"Girls","High Jump","D-2","D-2 + Federation","5' 7""",""
"New York",2018,"Girls","Pole Vault","D-1","D-1+ Federation","13' 0""",""
"New York",2018,"Girls","Pole Vault","D-2","D-2","12' 0""",""
"New York",2019,"Girls","100m","D-1","D-1","12.24",""
"New York",2019,"Girls","100m","D-2","D-2","11.94",""
"New York",2019,"Girls","100m","Federation","Federation","11.9",""
"New York",2019,"Girls","100m","Wheelchair","Wheelchair","31.61","*"
"New York",2019,"Girls","800m","D-1","D-1","2:06.88",""
"New York",2019,"Girls","800m","D-2","D-2 + Federation","2:14.84",""
"New York",2019,"Girls","1500m","D-1","D-1","4:31.90",""
"New York",2019,"Girls","1500m","D-2","D-2 + Federation","4:31.11",""
"New York",2019,"Girls","1500m","Wheelchair","Wheelchair","5:24.86","*"
"New York",2019,"Girls","High Jump","D-1","D-1 + Federation","5' 7""",""
"New York",2019,"Girls","High Jump","D-2","D-2","5' 6""",""
"New York",2019,"Girls","Pole Vault","D-1","D-1","13' 0""",""
"New York",2019,"Girls","Pole Vault","D-2","D-2 + Federation","11' 9""",""
"New York",1948,"Boys","Mile","Intersectional","Mile","4:34.6",""
"New York",1948,"Boys","Mile","Intersectional","200y LH","23.6",""
"New York",1948,"Boys","High Jump","Intersectional","High Jump","5' 10.125""",""
"New York",1948,"Boys","Pole Vault","Intersectional","Pole Vault","12' 3""",""
"New York",1949,"Boys","Mile","Intersectional","Mile","4:39.1",""
"New York",1949,"Boys","Mile","Intersectional","200y LH","23.1",""
"New York",1949,"Boys","High Jump","Intersectional","High Jump","6' 0.5""",""
"New York",1949,"Boys","Pole Vault","Intersectional","Pole Vault","12' 1.75""",""
"New York",1950,"Boys","Mile","Intersectional","Mile","4:25.0 ","*"
"New York",1950,"Boys","Mile","Intersectional","180y LH","19.9 ","*"
"New York",1950,"Boys","High Jump","Intersectional","High Jump","6' 0 """,""
"New York",1950,"Boys","Pole Vault","Intersectional","Pole Vault","12' 5.5"" ","*"
"New York",1951,"Boys","Mile","Intersectional","Mile","4:28.8",""
"New York",1951,"Boys","Mile","Intersectional","180y LH","20.2",""
"New York",1951,"Boys","High Jump","Intersectional","High Jump","6' 01 .25 "" ","*"
"New York",1951,"Boys","Pole Vault","Intersectional","Pole Vault","12' 3 """,""
"New York",1952,"Boys","Mile","Intersectional","Mile","4:34.5",""
"New York",1952,"Boys","Mile","Intersectional","180y LH","20.0",""
"New York",1952,"Boys","High Jump","Intersectional","High Jump","6' 1 """,""
"New York",1952,"Boys","Pole Vault","Intersectional","Pole Vault","12' 0""",""
"New York",1953,"Boys","Mile","Intersectional","Mile","4:26.2",""
"New York",1953,"Boys","Mile","Intersectional","180y LH","20.5",""
"New York",1953,"Boys","High Jump","Intersectional","High Jump","6' 3.25"" ","*"
"New York",1953,"Boys","Pole Vault","Intersectional","Pole Vault","11' 3""",""
"New York",1954,"Boys","Mile","Intersectional","Mile","4:23.6 ","*"
"New York",1954,"Boys","Mile","Intersectional","180y LH","20.1",""
"New York",1954,"Boys","High Jump","Intersectional","High Jump {Tie)","6' 0.25 """,""
"New York",1954,"Boys","Pole Vault","Intersectional","Pole Vault","12' 3 """,""
"New York",1955,"Boys","Mile","Intersectional","Mile","4:26.0",""
"New York",1955,"Boys","Mile","Intersectional","180y LH","20.2",""
"New York",1955,"Boys","High Jump","Intersectional","High Jump {Tie)","5' 11.25 """,""
"New York",1955,"Boys","Pole Vault","Intersectional","Pole Vault {Tie)","12' 0 """,""
"New York",1956,"Boys","Mile","Intersectional","Mile","4:27.1",""
"New York",1956,"Boys","Mile","Intersectional","180y LH","20.2",""
"New York",1956,"Boys","High Jump","Intersectional","High Jump","5' 11 """,""
"New York",1956,"Boys","Pole Vault","Intersectional","Pole Vault","12' 6.25 "" ","*"
"New York",1957,"Boys","Mile","Intersectional","Mile","4:27.5",""
"New York",1957,"Boys","Mile","Intersectional","180y LH","19.4 ","*"
"New York",1957,"Boys","High Jump","Intersectional","High Jump","6' 0.75""",""
"New York",1957,"Boys","Pole Vault","Intersectional","Pole Vault","12' 2 """,""
"New York",1958,"Boys","Mile","Intersectional","Mile","4:22.6",""
"New York",1958,"Boys","Mile","Intersectional","180y LH","19.8",""
"New York",1958,"Boys","High Jump","Intersectional","High Jump","5' 11 """,""
"New York",1958,"Boys","Pole Vault","Intersectional","Pole Vault","12' 6.5""",""
"New York",1959,"Boys","Mile","Intersectional","Mile","4:23.6",""
"New York",1959,"Boys","Mile","Intersectional","180y LH","19.8",""
"New York",1959,"Boys","High Jump","Intersectional","High Jump  {Tie)","6' 0 """,""
"New York",1959,"Boys","High Jump","Intersectional",NA,"6' 0""",""
"New York",1959,"Boys","Pole Vault","Intersectional","Pole Vault","12' 7.25"" ","*"
"New York",1960,"Boys","Mile","Intersectional","Mile","4:24.3",""
"New York",1960,"Boys","Mile","Intersectional","180y LH","19.1",""
"New York",1960,"Boys","High Jump","Intersectional","High Jump {Tie)","6' 1.75 """,""
"New York",1960,"Boys","High Jump","Intersectional",NA,"6' 1.75""",""
"New York",1960,"Boys","Pole Vault","Intersectional","Pole Vault","12' 8..25""","*"
"New York",1960,"Boys","Mile","Intersectional","Mile Medley","3:37.2 ","*"
"New York",1960,"Boys","Mile","Intersectional","Intersectional","8:11.8",""
"New York",1961,"Boys","Mile","Intersectional","100y","9.5 ","**"
"New York",1961,"Boys","Mile","Intersectional","220y","20.3 ","**"
"New York",1961,"Boys","Mile","Intersectional","440y","49.2",""
"New York",1961,"Boys","Mile","Intersectional","880y","1:58.7",""
"New York",1961,"Boys","Mile","Intersectional","Mile","4:22.5 ","*"
"New York",1961,"Boys","Mile","Intersectional","120y HH","14.5 ","*"
"New York",1961,"Boys","Mile","Intersectional","180y LH","18.8",""
"New York",1961,"Boys","High Jump","Intersectional","High Jump","6' 3""",""
"New York",1961,"Boys","Pole Vault","Intersectional","Pole Vault {Tie)","12' 8""",""
"New York",1961,"Boys","Mile","Intersectional","Mile Medley","3:37.7",""
"New York",1961,"Boys","Mile","Intersectional","Intersectional","8:23.1",""
"New York",1962,"Boys","Mile","Intersectional","100y","10.1",""
"New York",1962,"Boys","Mile","Intersectional","220y","22.4",""
"New York",1962,"Boys","Mile","Intersectional","440y","49.4",""
"New York",1962,"Boys","Mile","Intersectional","880y","1:55.7 ","*"
"New York",1962,"Boys","Mile","Intersectional","Mile","4:25.9",""
"New York",1962,"Boys","High Jump","Intersectional","High Jump","6' 2.5 """,""
"New York",1962,"Boys","Pole Vault","Intersectional","Pole Vault","13' 1.75"" ","*"
"New York",1962,"Boys","Mile","Intersectional","Mile Medley","3:34.1 ","*"
"New York",1962,"Boys","Mile","Intersectional","Intersectional","8:10.6 ","*"
"New York",1963,"Boys","Mile","Intersectional","100y","9.7",""
"New York",1963,"Boys","Mile","Intersectional","220y","21.3",""
"New York",1963,"Boys","Mile","Intersectional","440y","49.1",""
"New York",1963,"Boys","Mile","Intersectional","880y","1:55.0 ","*"
"New York",1963,"Boys","Mile","Intersectional","Mile","4:19.4 ","*"
"New York",1963,"Boys","High Jump","Intersectional","High Jump","6' 4.5 "" ","*"
"New York",1963,"Boys","Pole Vault","Intersectional","Pole Vault","12' 9 """,""
"New York",1963,"Boys","Mile","Intersectional","Mile Medley","3:35.5",""
"New York",1963,"Boys","Mile","Intersectional","Intersectional","8:04.5 ","*"
"New York",1964,"Boys","Mile","Intersectional","100y","9.9",""
"New York",1964,"Boys","Mile","Intersectional","220y","21.5",""
"New York",1964,"Boys","Mile","Intersectional","440y","48.1 ","*"
"New York",1964,"Boys","Mile","Intersectional","880y","1:54.8",""
"New York",1964,"Boys","Mile","Intersectional","Mile","4:18.9 ","*"
"New York",1964,"Boys","High Jump","Intersectional","High Jump","6' 4.25"" ","A"
"New York",1964,"Boys","Pole Vault","Intersectional","Pole Vault","13' 3.5"" ","*"
"New York",1964,"Boys","Mile","Intersectional","Mile Medley","3:34.5",""
"New York",1964,"Boys","Mile","Intersectional","Intersectional","8:07.5",""
"New York",1965,"Boys","Mile","Intersectional","100y","9.7",""
"New York",1965,"Boys","Mile","Intersectional","220y","21.5",""
"New York",1965,"Boys","Mile","Intersectional","440y","47.6 ","**"
"New York",1965,"Boys","Mile","Intersectional","880y","1:53.9 ","*"
"New York",1965,"Boys","Mile","Intersectional","Mile","4:14.2 ","*"
"New York",1965,"Boys","High Jump","Intersectional","High Jump","6' 4.75"" ","*"
"New York",1965,"Boys","Pole Vault","Intersectional","Pole Vault","14' 4.375"" ","**"
"New York",1965,"Boys","Mile","Intersectional","Mile Medley","3:38.7",""
"New York",1965,"Boys","Mile","Intersectional","Intersectional","8:04.8",""
"New York",1966,"Boys","Mile","Intersectional","100y","9.8",""
"New York",1966,"Boys","Mile","Intersectional","220y","21.5",""
"New York",1966,"Boys","Mile","Intersectional","440y","48.0",""
"New York",1966,"Boys","Mile","Intersectional","880y","1:54.3",""
"New York",1966,"Boys","Mile","Intersectional","Mile","4:22.1",""
"New York",1966,"Boys","High Jump","Intersectional","High Jump","6' 5"" ","*"
"New York",1966,"Boys","Pole Vault","Intersectional","Pole Vault","14' 0 """,""
"New York",1966,"Boys","Mile","Intersectional","Mile Medley","3:34.7",""
"New York",1966,"Boys","Mile","Intersectional","Intersectional","8:16.8",""
"New York",1967,"Boys","Mile","Intersectional","100y","10.0",""
"New York",1967,"Boys","Mile","Intersectional","220y","21.6",""
"New York",1967,"Boys","Mile","Intersectional","440y","49.2",""
"New York",1967,"Boys","Mile","Intersectional","880y","1:55.6",""
"New York",1967,"Boys","Mile","Intersectional","Mile","4:18.2",""
"New York",1967,"Boys","High Jump","Intersectional","High Jump","6' 6.75 "" ","**"
"New York",1967,"Boys","Pole Vault","Intersectional","Pole Vault","13' 3 """,""
"New York",1967,"Boys","Mile","Intersectional","Mile Medley","3:33.6 ","*"
"New York",1967,"Boys","Mile","Intersectional","Intersectional","8:06.2",""
"New York",1968,"Boys","Mile","Intersectional","100y","9.7",""
"New York",1968,"Boys","Mile","Intersectional","220y","22.1",""
"New York",1968,"Boys","Mile","Intersectional","440y","49.3",""
"New York",1968,"Boys","Mile","Intersectional","880y","1:51.9 ","*"
"New York",1968,"Boys","Mile","Intersectional","Mile","4:10.3 ","**"
"New York",1968,"Boys","High Jump","Intersectional","High Jump","6' 6 """,""
"New York",1968,"Boys","Pole Vault","Intersectional","Pole Vault","13' 6 """,""
"New York",1968,"Boys","Mile","Intersectional","Mile Medley","3:34.4",""
"New York",1968,"Boys","Mile","Intersectional","Intersectional","8:06.3",""
"New York",1969,"Boys","Mile","Intersectional","100y","9.9",""
"New York",1969,"Boys","Mile","Intersectional","220y","22.1",""
"New York",1969,"Boys","Mile","Intersectional","440y","48.5",""
"New York",1969,"Boys","Mile","Intersectional","880y","1:55.9",""
"New York",1969,"Boys","Mile","Intersectional","Mile","4:15.0",""
"New York",1969,"Boys","High Jump","Intersectional","High Jump","6' 4 """,""
"New York",1969,"Boys","Pole Vault","Intersectional","Pole Vault","14' 0""",""
"New York",1969,"Boys","Mile","Intersectional","Mile Medley","3:32.5 ","*"
"New York",1969,"Boys","Mile","Intersectional","Intersectional","8:12.8",""
"New York",1970,"Boys","Mile","Intersectional","100y","9.7",""
"New York",1970,"Boys","Mile","Intersectional","220y","21.6",""
"New York",1970,"Boys","Mile","Intersectional","440y","49.0",""
"New York",1970,"Boys","Mile","Intersectional","880y","1:56.8",""
"New York",1970,"Boys","Mile","Intersectional","Mile","4:23.0",""
"New York",1970,"Boys","High Jump","Intersectional","High Jump","6' 4 """,""
"New York",1970,"Boys","Pole Vault","Intersectional","Pole Vault","13' 2 """,""
"New York",1970,"Boys","Mile","Intersectional","Mile Medley","3:40.5",""
"New York",1970,"Boys","Mile","Intersectional","Intersectional","8:16.2",""
"New York",1971,"Boys","Mile","Intersectional","100y","9.8",""
"New York",1971,"Boys","Mile","Intersectional","220y","21.7",""
"New York",1971,"Boys","Mile","Intersectional","440y","48.4",""
"New York",1971,"Boys","Mile","Intersectional","880y","1:54.2",""
"New York",1971,"Boys","Mile","Intersectional","Mile","4:19.4",""
"New York",1971,"Boys","High Jump","Intersectional","High Jump","6' 6 """,""
"New York",1971,"Boys","Pole Vault","Intersectional","Pole Vault","14' 0 """,""
"New York",1972,"Boys","Mile","Intersectional","Mile","4:19.2",""
"New York",1972,"Boys","High Jump","Intersectional","High Jump","6' 6 """,""
"New York",1972,"Boys","Pole Vault","Intersectional","Pole Vault","15' 0.75 ""","**"
"New York",1973,"Boys","Mile","Intersectional","Mile","4:15.1",""
"New York",1973,"Boys","High Jump","Intersectional","High Jump","6' 9"" ","*"
"New York",1973,"Boys","Pole Vault","Intersectional","Pole Vault","14' 0""",""
"New York",1974,"Boys","Mile","Intersectional","Mile","4:07.8 ","**"
"New York",1974,"Boys","High Jump","Intersectional","High Jump","6' 8 """,""
"New York",1974,"Boys","Pole Vault","Intersectional","Pole Vault","15' 4.25"" ","**"
"New York",1975,"Boys","Mile","Intersectional","Mile","4:11.1",""
"New York",1975,"Boys","High Jump","Intersectional","High Jump","7' 0 "" ","*"
"New York",1975,"Boys","Pole Vault","Intersectional","Pole Vault","14' 3 """,""
"New York",1976,"Boys","Mile","Intersectional","Mile","4:10.8",""
"New York",1976,"Boys","High Jump","Intersectional","High Jump","6' 10 """,""
"New York",1976,"Boys","Pole Vault","Intersectional","Pole Vault","14' 3 """,""
"New York",1977,"Boys","Mile","Intersectional","Mile","4:12.5",""
"New York",1977,"Boys","High Jump","Intersectional","High Jump","6' 8 """,""
"New York",1977,"Boys","Pole Vault","Intersectional","Pole Vault","14' 6 """,""
"New York",1977,"Boys","Mile","Intersectional","Mile","4:07.8",""
"New York",1977,"Boys","Mile","Intersectional","Mile Medley","3:32.5",""
"New York",1977,"Boys","Mile","Intersectional","Intersectional","7:58.5",""
"New York",1978,"Boys","100m","Intersectional","100m","10.5 ","*"
"New York",1978,"Boys","800m","Intersectional","800m","1:54.3 ","*"
"New York",1978,"Boys","1600m","Intersectional","1600m","4:11.7 ","*"
"New York",1978,"Boys","High Jump","Intersectional","High Jump","6' 8 """,""
"New York",1978,"Boys","Pole Vault","Intersectional","Pole Vault","14' 6.5 """,""
"New York",1979,"Boys","100m","Intersectional","100m","10.6",""
"New York",1979,"Boys","800m","Intersectional","800m","1:51.9 ","*"
"New York",1979,"Boys","1600m","Intersectional","1600m","4:12.0",""
"New York",1979,"Boys","High Jump","Intersectional","High Jump","6' 8 """,""
"New York",1979,"Boys","Pole Vault","Intersectional","Pole Vault","15' 8.25 "" ","*"
"New York",1980,"Boys","100m","Intersectional","100m","10.83",""
"New York",1980,"Boys","800m","Intersectional","800m","1:52.7 ","HT"
"New York",1980,"Boys","1600m","Intersectional","1600m","4:09.74 ","*"
"New York",1980,"Boys","High Jump","Intersectional","High Jump","6' 11 """,""
"New York",1980,"Boys","Pole Vault","Intersectional","Pole Vault","16' 1 ""","**"
"New York",1981,"Boys","100m","Intersectional","100m","10.6 ","HT"
"New York",1981,"Boys","800m","Intersectional","800m","1:53.66",""
"New York",1981,"Boys","1600m","Intersectional","1600m","4:12.07",""
"New York",1981,"Boys","High Jump","Intersectional","High Jump","7' 0.25"" ","*"
"New York",1981,"Boys","Pole Vault","Intersectional","Pole Vault","14' 0 """,""
"New York",1982,"Boys","100m","Intersectional","100m","10.77 ","A"
"New York",1982,"Boys","800m","Intersectional","800m","1:53.6",""
"New York",1982,"Boys","1600m","Intersectional","1600m","4:09.34 ","*"
"New York",1982,"Boys","High Jump","Intersectional","High Jump","6' 10 """,""
"New York",1982,"Boys","Pole Vault","Intersectional","Pole Vault","14' 6 """,""
"New York",1983,"Boys","100m","Intersectional","100m","10.73 ","*"
"New York",1983,"Boys","800m","Intersectional","800m","1:54.48",""
"New York",1983,"Boys","1600m","Intersectional","1600m","4:06.15",""
"New York",1983,"Boys","High Jump","Intersectional","High Jump","6' 10 """,""
"New York",1983,"Boys","Pole Vault","Intersectional","Pole Vault","14' 6 """,""
"New York",1984,"Boys","100m","Intersectional","100m","10.82",""
"New York",1984,"Boys","800m","Intersectional","800m","1:53.6",""
"New York",1984,"Boys","1600m","Intersectional","1600m","4:13.1",""
"New York",1984,"Boys","High Jump","Intersectional","High Jump","6' 9 """,""
"New York",1984,"Boys","Pole Vault","Intersectional","Pole Vault","14' 0 """,""
"New York",1985,"Boys","100m","Intersectional","100m","10.86",""
"New York",1985,"Boys","800m","Intersectional","800m","1:54.26",""
"New York",1985,"Boys","1600m","Intersectional","1600m","4:09.44",""
"New York",1985,"Boys","High Jump","Intersectional","High Jump","6' 10 """,""
"New York",1985,"Boys","Pole Vault","Intersectional","Pole Vault","15' 3 """,""
"New York",1986,"Boys","100m","Intersectional","100m","11.00",""
"New York",1986,"Boys","800m","Intersectional","800m","1:53.28",""
"New York",1986,"Boys","1600m","Intersectional","1600m","4:15.5",""
"New York",1986,"Boys","High Jump","Intersectional","High Jump","7' 0 """,""
"New York",1986,"Boys","Pole Vault","Intersectional","Pole Vault","14' 0 """,""
"New York",1987,"Boys","100m","Intersectional","100m","10.87",""
"New York",1987,"Boys","800m","Intersectional","800m","1:54.07",""
"New York",1987,"Boys","1600m","Intersectional","1600m","4:13.07",""
"New York",1987,"Boys","High Jump","Intersectional","High Jump","6' 11""",""
"New York",1987,"Boys","Pole Vault","Intersectional","Pole Vault","15' 1""",""
"New York",1988,"Boys","100m","Intersectional","100m","10.84",""
"New York",1988,"Boys","800m","Intersectional","800m","1:52.55",""
"New York",1988,"Boys","1600m","Intersectional","1600m","4:15.3",""
"New York",1988,"Boys","High Jump","Intersectional","High Jump","6' 11 """,""
"New York",1988,"Boys","Pole Vault","Intersectional","Pole Vault","14' 6 """,""
"New York",1989,"Boys","100m","Intersectional","100m","10.83",""
"New York",1989,"Boys","800m","Intersectional","800m","1:53.76",""
"New York",1989,"Boys","1600m","Intersectional","1600m","4:15.4 ","HT"
"New York",1989,"Boys","High Jump","Intersectional","High Jump","6' 8 """,""
"New York",1989,"Boys","Pole Vault","Intersectional","Pole Vault","13' 9 """,""
"New York",1990,"Boys","100m","Intersectional","100m","10.94",""
"New York",1990,"Boys","800m","Intersectional","800m","1:55.06",""
"New York",1990,"Boys","1600m","Intersectional","1600m","4:12.49",""
"New York",1990,"Boys","High Jump","Intersectional","High Jump","7' 0 """,""
"New York",1990,"Boys","Pole Vault","Intersectional","Pole Vault","14' 0 """,""
"New York",1991,"Boys","100m","Intersectional","100m"," 10.65",""
"New York",1991,"Boys","800m","Intersectional","800m","1:52.90",""
"New York",1991,"Boys","1600m","Intersectional","1600m","4:14.30",""
"New York",1991,"Boys","High Jump","Intersectional","High Jump","6' 10 """,""
"New York",1991,"Boys","Pole Vault","Intersectional","Pole Vault","15' 6 """,""
"New York",1992,"Boys","100m","Intersectional","100m","10.86",""
"New York",1992,"Boys","800m","Intersectional","800m","1:50.58 ","*"
"New York",1992,"Boys","1600m","Intersectional","1600m","4:15.32",""
"New York",1992,"Boys","High Jump","Intersectional","High Jump","7' 0 """,""
"New York",1992,"Boys","Pole Vault","Intersectional","Pole Vault","15' 3 """,""
"New York",1993,"Boys","100m","Intersectional","100m","10.49 ","*"
"New York",1993,"Boys","800m","Intersectional","800m","1:53.52",""
"New York",1993,"Boys","1600m","Intersectional","1600m","4:14.07",""
"New York",1993,"Boys","High Jump","Intersectional","High Jump","6' 8""",""
"New York",1993,"Boys","Pole Vault","Intersectional","Pole Vault","15' 6 """,""
"New York",1994,"Boys","100m","Intersectional","100m","10.73",""
"New York",1994,"Boys","800m","Intersectional","800m","1:55.53",""
"New York",1994,"Boys","1600m","Intersectional","1600m","4:17.60",""
"New York",1994,"Boys","High Jump","Intersectional","High Jump","6' 8""",""
"New York",1994,"Boys","Pole Vault","Intersectional","Pole Vault","15' 6 """,""
"New York",1995,"Boys","100m","Intersectional","100m","10.80",""
"New York",1995,"Boys","800m","Intersectional","800m","1:52.59",""
"New York",1995,"Boys","1600m","Intersectional","1600m","4:15.22",""
"New York",1995,"Boys","High Jump","Intersectional","High Jump","6' 8""",""
"New York",1995,"Boys","Pole Vault","Intersectional","Pole Vault","14' 6 """,""
"New York",1996,"Boys","100m","Class A","100m","11.16",""
"New York",1996,"Boys","800m","Class A","800m","1:53.13",""
"New York",1996,"Boys","1600m","Class A","1600m","4:19.70",""
"New York",1996,"Boys","High Jump","Class A","High Jump","6' 4 """,""
"New York",1996,"Boys","Pole Vault","Class A","Pole Vault","14' 6 """,""
"New York",1996,"Boys","100m","Class B","100m","11.31",""
"New York",1996,"Boys","800m","Class B","800m","1:57.11",""
"New York",1996,"Boys","1600m","Class B","1600m","4:16.72",""
"New York",1996,"Boys","High Jump","Class B","High Jump","6' 8 """,""
"New York",1996,"Boys","Pole Vault","Class B","Pole Vault","14' 0 """,""
"New York",1996,"Boys","100m","Class C","100m","11.65",""
"New York",1996,"Boys","800m","Class C","800m","1:56.86",""
"New York",1996,"Boys","1600m","Class C","1600m","4:25.31",""
"New York",1996,"Boys","High Jump","Class C","High Jump","6' 4 """,""
"New York",1996,"Boys","Pole Vault","Class C","Pole Vault","13' 6 """,""
"New York",1997,"Boys","100m","Class A","100m","10.76",""
"New York",1997,"Boys","800m","Class A","800m","1:51.03",""
"New York",1997,"Boys","1600m","Class A","1600m","4:16.22",""
"New York",1997,"Boys","High Jump","Class A","High Jump","6' 8.5 """,""
"New York",1997,"Boys","Pole Vault","Class A","Pole Vault","15' 0 """,""
"New York",1997,"Boys","100m","Class B","100m","10.87",""
"New York",1997,"Boys","800m","Class B","800m","1:57.00",""
"New York",1997,"Boys","1600m","Class B","1600m","4:18.38",""
"New York",1997,"Boys","High Jump","Class B","High Jump","6' 3 """,""
"New York",1997,"Boys","Pole Vault","Class B","Pole Vault","14' 6 """,""
"New York",1997,"Boys","100m","Class C","100m","10.95",""
"New York",1997,"Boys","800m","Class C","800m","1:57.65",""
"New York",1997,"Boys","1600m","Class C","1600m","4:21.53",""
"New York",1997,"Boys","High Jump","Class C","High Jump","6' 5 """,""
"New York",1997,"Boys","Pole Vault","Class C","Pole Vault","13' 0 """,""
"New York",1998,"Boys","100m","Class A","100m","11.02",""
"New York",1998,"Boys","800m","Class A","800m","1:53.51",""
"New York",1998,"Boys","1600m","Class A","1600m","4:10.57",""
"New York",1998,"Boys","High Jump","Class A","High Jump","6' 7 """,""
"New York",1998,"Boys","Pole Vault","Class A","Pole Vault","15' 0 """,""
"New York",1998,"Boys","100m","Class B","100m","11.11",""
"New York",1998,"Boys","800m","Class B","800m","1:54.98",""
"New York",1998,"Boys","1600m","Class B","1600m","4:14.46",""
"New York",1998,"Boys","High Jump","Class B","High Jump","6' 4 """,""
"New York",1998,"Boys","Pole Vault","Class B","Pole Vault","14' 0 """,""
"New York",1998,"Boys","100m","Class C","100m","11.06",""
"New York",1998,"Boys","800m","Class C","800m","1:54.23",""
"New York",1998,"Boys","1600m","Class C","1600m","4:18.21",""
"New York",1998,"Boys","High Jump","Class C","High Jump","6' 7.25 """,""
"New York",1998,"Boys","Pole Vault","Class C","Pole Vault","12' 9 """,""
"New York",1999,"Boys","100m","Class A","100m","10.69",""
"New York",1999,"Boys","800m","Class A","800m","1:50.96",""
"New York",1999,"Boys","1600m","Class A","1600m","4:10.09",""
"New York",1999,"Boys","High Jump","Class A","High Jump","6' 9 """,""
"New York",1999,"Boys","Pole Vault","Class A","Pole Vault","16' 5 """,""
"New York",1999,"Boys","100m","Class B","100m","11.02",""
"New York",1999,"Boys","800m","Class B","800m","1:55.15",""
"New York",1999,"Boys","1600m","Class B","1600m","4:13.26",""
"New York",1999,"Boys","High Jump","Class B","High Jump","6' 5 """,""
"New York",1999,"Boys","Pole Vault","Class B","Pole Vault","15' 1 """,""
"New York",1999,"Boys","100m","Class C","100m","11.26",""
"New York",1999,"Boys","800m","Class C","800m","1:56.47",""
"New York",1999,"Boys","1600m","Class C","1600m","4:22.25",""
"New York",1999,"Boys","High Jump","Class C","High Jump","6' 4 """,""
"New York",1999,"Boys","Pole Vault","Class C","Pole Vault","12' 9 """,""
"New York",2000,"Boys","100m","Class A","100m","10.83",""
"New York",2000,"Boys","800m","Class A","800m","1:52.46",""
"New York",2000,"Boys","1600m","Class A","1600m","4:16.54",""
"New York",2000,"Boys","High Jump","Class A","High Jump","6' 7""",""
"New York",2000,"Boys","Pole Vault","Class A","Pole Vault","14' 3 """,""
"New York",2000,"Boys","100m","Class B","100m","11.38",""
"New York",2000,"Boys","800m","Class B","800m","1:56.06",""
"New York",2000,"Boys","1600m","Class B","1600m","4:18.09",""
"New York",2000,"Boys","High Jump","Class B","High Jump","6' 8 """,""
"New York",2000,"Boys","Pole Vault","Class B","Pole Vault","14' 3""",""
"New York",2000,"Boys","100m","Class C","100m","11.15",""
"New York",2000,"Boys","800m","Class C","800m","1:55.45",""
"New York",2000,"Boys","1600m","Class C","1600m","4:09.50 ","*"
"New York",2000,"Boys","High Jump","Class C","High Jump","6' 2""",""
"New York",2000,"Boys","Pole Vault","Class C","Pole Vault","13' 6 """,""
"New York",2001,"Boys","100m","Class A","100m","10.73",""
"New York",2001,"Boys","800m","Class A","800m","1:54.86",""
"New York",2001,"Boys","1600m","Class A","1600m","4:13.92",""
"New York",2001,"Boys","High Jump","Class A","High Jump","6' 9 """,""
"New York",2001,"Boys","Pole Vault","Class A","Pole Vault","15' 3 """,""
"New York",2001,"Boys","100m","Class B","100m","10.83",""
"New York",2001,"Boys","800m","Class B","800m","1:56.24",""
"New York",2001,"Boys","1600m","Class B","1600m","4:13.00",""
"New York",2001,"Boys","High Jump","Class B","High Jump","7' 1.5 """,""
"New York",2001,"Boys","Pole Vault","Class B","Pole Vault","13' 6 """,""
"New York",2001,"Boys","100m","Class C","100m","10.69",""
"New York",2001,"Boys","800m","Class C","800m","1:55.38",""
"New York",2001,"Boys","1600m","Class C","1600m","4:18.37",""
"New York",2001,"Boys","High Jump","Class C","High Jump","6' 5 """,""
"New York",2001,"Boys","Pole Vault","Class C","Pole Vault","14' 6 """,""
"New York",2001,"Boys","100m","Federation","100m","10.65",""
"New York",2001,"Boys","800m","Federation","800m","1:54.36",""
"New York",2001,"Boys","1600m","Federation","1600m","4:13.00",""
"New York",2001,"Boys","High Jump","Federation","High Jump","7' 1.5 "" ","*"
"New York",2001,"Boys","Pole Vault","Federation","Pole Vault","15' 3 """,""
"New York",2002,"Boys","100m","Class A","100m","10.89",""
"New York",2002,"Boys","800m","Class A","800m","1:54.69",""
"New York",2002,"Boys","1600m","Class A","1600m","4:13.79",""
"New York",2002,"Boys","High Jump","Class A","High Jump","6' 8 """,""
"New York",2002,"Boys","Pole Vault","Class A","Pole Vault","15' 0 """,""
"New York",2002,"Boys","100m","Class B","100m","11.19",""
"New York",2002,"Boys","800m","Class B","800m","1:56.64",""
"New York",2002,"Boys","1600m","Class B","1600m","4:15.64",""
"New York",2002,"Boys","High Jump","Class B","High Jump","6' 6 """,""
"New York",2002,"Boys","Pole Vault","Class B","Pole Vault","14' 6 """,""
"New York",2002,"Boys","100m","Class C","100m","11.22",""
"New York",2002,"Boys","800m","Class C","800m","1:55.61",""
"New York",2002,"Boys","1600m","Class C","1600m","4:18.58",""
"New York",2002,"Boys","High Jump","Class C","High Jump","6' 6 """,""
"New York",2002,"Boys","Pole Vault","Class C","Pole Vault","14' 3 """,""
"New York",2002,"Boys","100m","Federation","100m","10.94",""
"New York",2002,"Boys","800m","Federation","800m","1:54.00",""
"New York",2002,"Boys","1600m","Federation","1600m","4:13.79",""
"New York",2002,"Boys","High Jump","Federation","High Jump","6' 8 """,""
"New York",2002,"Boys","Pole Vault","Federation","Pole Vault","15' 0 """,""
"New York",2003,"Boys","100m","D-1","D-1","10.86",""
"New York",2003,"Boys","100m","D-2","D-2","11.05",""
"New York",2003,"Boys","100m","Federation","Federation","10.85",""
"New York",2003,"Boys","800m","D-1","D-1","1:54.89",""
"New York",2003,"Boys","800m","D-2","D-2","1:55.68",""
"New York",2003,"Boys","800m","Federation","Federation","1:53.60",""
"New York",2003,"Boys","1600m","D-1","D-1 + Federation","4:16.38",""
"New York",2003,"Boys","1600m","D-2","D-2","4:19.03",""
"New York",2003,"Boys","High Jump","D-1","D-1 + Federation","6' 5 """,""
"New York",2003,"Boys","High Jump","D-2","D-2","6' 2 """,""
"New York",2003,"Boys","Pole Vault","D-1","D-1 + Federation","16' 2 """,""
"New York",2003,"Boys","Pole Vault","D-2","D-2","14' 0 """,""
"New York",2004,"Boys","100m","D-1","D-1","10.61",""
"New York",2004,"Boys","100m","D-2","D-2","11.05",""
"New York",2004,"Boys","100m","Federation","Federation","11.01",""
"New York",2004,"Boys","800m","D-1","D-1","1:51.56",""
"New York",2004,"Boys","800m","D-2","D-2","1:50.62",""
"New York",2004,"Boys","800m","Federation","Federation","1:50.33 ","*"
"New York",2004,"Boys","1600m","D-1","D-1","4:12.44",""
"New York",2004,"Boys","1600m","D-2","D-2 + Federation","4:10.12",""
"New York",2004,"Boys","High Jump","D-1","D-1 + Federation","6' 9 """,""
"New York",2004,"Boys","High Jump","D-2","D-2","6' 8 """,""
"New York",2004,"Boys","Pole Vault","D-1","D-1","15' 3 """,""
"New York",2004,"Boys","Pole Vault","D-2","D-2 + Federation","16' 01 "" ","A"
"New York",2005,"Boys","100m","D-1","D-1","10.81",""
"New York",2005,"Boys","100m","D-2","D-2","11.03",""
"New York",2005,"Boys","100m","Federation","Federation","10.94",""
"New York",2005,"Boys","800m","D-1","D-1","1:51.08",""
"New York",2005,"Boys","800m","D-2","D-2","1:53.75",""
"New York",2005,"Boys","800m","Federation","Federation","1:50.85",""
"New York",2005,"Boys","1600m","D-1","D-1 + Federation","4:12.31",""
"New York",2005,"Boys","1600m","D-2","D-2","4:17.20",""
"New York",2005,"Boys","High Jump","D-1","D-1 + Federation","6' 8 """,""
"New York",2005,"Boys","High Jump","D-2","D-2","6' 4 """,""
"New York",2005,"Boys","Pole Vault","D-1","D-1 + Federation","15' 3 """,""
"New York",2005,"Boys","Pole Vault","D-2","D-2","15' 0""",""
"New York",2006,"Boys","100m","D-1","D-1","10.93",""
"New York",2006,"Boys","100m","D-2","D-2","11.04",""
"New York",2006,"Boys","100m","Federation","Federation","10.83",""
"New York",2006,"Boys","800m","D-1","D-1","1:53.13",""
"New York",2006,"Boys","800m","D-2","D-2","1:55.16",""
"New York",2006,"Boys","800m","Federation","Federation","1:51.51",""
"New York",2006,"Boys","1600m","D-1","D-1 + Federation","4:07.71 ","*"
"New York",2006,"Boys","1600m","D-2","D-2","4:14.58",""
"New York",2006,"Boys","High Jump","D-1","D-1 + Federation","6' 4 """,""
"New York",2006,"Boys","High Jump","D-2","D-2","6' 0 """,""
"New York",2006,"Boys","Pole Vault","D-1","D-1 + Federation","15' 6 """,""
"New York",2006,"Boys","Pole Vault","D-2","D-2","15' 3 """,""
"New York",2007,"Boys","100m","D-1","D-1","10.80",""
"New York",2007,"Boys","100m","D-2","D-2","10.56",""
"New York",2007,"Boys","100m","Federation","Federation","10.69",""
"New York",2007,"Boys","800m","D-1","D-1","1:52.37",""
"New York",2007,"Boys","800m","D-2","D-2","1:52.18",""
"New York",2007,"Boys","800m","Federation","Federation","1:52.50",""
"New York",2007,"Boys","1600m","D-1","D-1 + Federation","4:14.21",""
"New York",2007,"Boys","1600m","D-2","D-2","4:19.05",""
"New York",2007,"Boys","High Jump","D-1","D-1 + Federation","6' 9 """,""
"New York",2007,"Boys","High Jump","D-2","D-2","6' 4 """,""
"New York",2007,"Boys","Pole Vault","D-1","D-1 + Federation","16' 0 """,""
"New York",2007,"Boys","Pole Vault","D-2","D-2","14' 0 """,""
"New York",2008,"Boys","100m","D-1","D-1","11.06",""
"New York",2008,"Boys","100m","D-2","D-2","11.37",""
"New York",2008,"Boys","100m","Federation","Federation","10.94",""
"New York",2008,"Boys","800m","D-1","D-1","1:54.52",""
"New York",2008,"Boys","800m","D-2","D-2","1:57.68",""
"New York",2008,"Boys","800m","Federation","Federation","1:53.01",""
"New York",2008,"Boys","1600m","D-1","D-1 + Federation","4:11.67",""
"New York",2008,"Boys","1600m","D-2","D-2","4:20.86",""
"New York",2008,"Boys","High Jump","D-1","D-1 + Federation","6' 8 """,""
"New York",2008,"Boys","High Jump","D-2","D-2","6' 4 """,""
"New York",2008,"Boys","Pole Vault","D-2","D-2","15' 0 """,""
"New York",2008,"Boys","Pole Vault","Federation","Federation","16' 0 """,""
"New York",2009,"Boys","100m","D-1","D-1","10.80",""
"New York",2009,"Boys","100m","D-2","D-2","10.95",""
"New York",2009,"Boys","100m","Federation","Federation","10.71",""
"New York",2009,"Boys","800m","D-1","D-1","1:52.64",""
"New York",2009,"Boys","800m","D-2","D-2","1:56.31",""
"New York",2009,"Boys","800m","Federation","Federation","1:50.32 ","*"
"New York",2009,"Boys","1600m","D-1","D-1 + Federation","4:06.11 ","*"
"New York",2009,"Boys","1600m","D-2","D-2","4:13.96",""
"New York",2009,"Boys","High Jump","D-1","D-1 + Federation","6' 8 """,""
"New York",2009,"Boys","High Jump","D-2","D-2","6' 4 """,""
"New York",2009,"Boys","Pole Vault","D-1","D-1 + Federation","15' 0 """,""
"New York",2009,"Boys","Pole Vault","D-2","D-2","14' 0 """,""
"New York",2010,"Boys","100m","D-1","D-1","10.82",""
"New York",2010,"Boys","100m","D-2","D-2","10.62",""
"New York",2010,"Boys","100m","Federation","Federation","10.63",""
"New York",2010,"Boys","800m","D-1","D-1","1:51.28",""
"New York",2010,"Boys","800m","D-2","D-2 + Federation","1:50.27 ","*"
"New York",2010,"Boys","1600m","D-1","D-1 + Federation","4:07.47",""
"New York",2010,"Boys","1600m","D-2","D-2","4:11.97",""
"New York",2010,"Boys","High Jump","D-1","D-1","6' 8 """,""
"New York",2010,"Boys","High Jump","D-2","D-2","6' 6 """,""
"New York",2010,"Boys","High Jump","Federation","Federation","6' 10 """,""
"New York",2010,"Boys","Pole Vault","D-1","D-1 + Federation","16' 6 "" ","*"
"New York",2010,"Boys","Pole Vault","D-2","D-2","15' 0 """,""
"New York",2011,"Boys","100m","D-1","D-1","10.82",""
"New York",2011,"Boys","100m","D-2","D-2","11.19",""
"New York",2011,"Boys","100m","Federation","Federation","10.84",""
"New York",2011,"Boys","800m","D-1","D-1 + Federation","1:51.32",""
"New York",2011,"Boys","800m","D-2","D-2","1:54.31",""
"New York",2011,"Boys","1600m","D-1","D-1","4:12.52",""
"New York",2011,"Boys","1600m","D-2","D-2 + Federation","4:11.17",""
"New York",2011,"Boys","High Jump","D-1","D-1 + Federation","6' 8 """,""
"New York",2011,"Boys","High Jump","D-2","D-2","6' 8 """,""
"New York",2011,"Boys","Pole Vault","D-1","D-1 + Federation","16' 7 "" ","*"
"New York",2011,"Boys","Pole Vault","D-2","D-2","15' 0 """,""
"New York",2012,"Boys","100m","D-1","D-1","11.03",""
"New York",2012,"Boys","100m","D-2","D-2","11.11",""
"New York",2012,"Boys","100m","Federation","Federation","10.96",""
"New York",2012,"Boys","800m","D-1","D-1 + Federation","1:51.21",""
"New York",2012,"Boys","800m","D-2","D-2","1:54.33",""
"New York",2012,"Boys","1600m","D-1","D-1 + Federation","4:05.24 ","*"
"New York",2012,"Boys","1600m","D-2","D-2","4:13.29",""
"New York",2012,"Boys","High Jump","D-1","D-1 + Federation","6' 10 """,""
"New York",2012,"Boys","High Jump","D-2","D-2","6' 5 """,""
"New York",2012,"Boys","Pole Vault","D-1","D-1","15' 0 """,""
"New York",2012,"Boys","Pole Vault","D-2","D-2","14' 0 """,""
"New York",2012,"Boys","Pole Vault","D-2",NA,"16' 0 """,""
"New York",2013,"Boys","100m","D-1","D-1","10.76",""
"New York",2013,"Boys","100m","D-2","D-2","10.64",""
"New York",2013,"Boys","100m","Federation","Federation","10.62","*"
"New York",2013,"Boys","800m","D-1","D-1","1:52.85",""
"New York",2013,"Boys","800m","D-2","D-2 + Federation","1:51.88",""
"New York",2013,"Boys","1600m","D-1","D-1 + Federation","4:07.00",""
"New York",2013,"Boys","1600m","D-2","D-2","4:11.25",""
"New York",2013,"Boys","High Jump","D-1","D-1 + Federation","6' 7 """,""
"New York",2013,"Boys","High Jump","D-2","D-2","6' 7 """,""
"New York",2013,"Boys","Pole Vault","D-1","D-1","14' 6 """,""
"New York",2013,"Boys","Pole Vault","D-2","D-2 + Federation","15' 0 """,""
"New York",2014,"Boys","100m","D-1","D-1","10.69",""
"New York",2014,"Boys","100m","D-2","D-2","11.09",""
"New York",2014,"Boys","100m","Federation","Federation","10.58",""
"New York",2014,"Boys","800m","D-1","D-1 + Federation","1:54.24",""
"New York",2014,"Boys","800m","D-2","D-2","1:54.60",""
"New York",2014,"Boys","1600m","D-1","D-1 + Federation","4:07.82",""
"New York",2014,"Boys","1600m","D-2","D-2","4:10.60",""
"New York",2014,"Boys","High Jump","D-1","D-1","6' 5 """,""
"New York",2014,"Boys","High Jump","D-2","D-2 + Federation","6' 7 """,""
"New York",2014,"Boys","Pole Vault","D-1","D-1","16' 6 """,""
"New York",2014,"Boys","Pole Vault","D-2","D-2","14' 0 """,""
"New York",2014,"Boys","Pole Vault","Federation","Federation","16' 6 """,""
"New York",2015,"Boys","100m","D-1","D-1","10.68",""
"New York",2015,"Boys","100m","D-2","D-2","10.89",""
"New York",2015,"Boys","100m","Federation","Federation","10.85",""
"New York",2015,"Boys","800m","D-1","D-1 + Federation","1:51.40",""
"New York",2015,"Boys","800m","D-2","D-2","1:52.22",""
"New York",2015,"Boys","1600m","D-1","D-1","4:10.20",""
"New York",2015,"Boys","1600m","D-2","D-2","4:09.39",""
"New York",2015,"Boys","1600m","Federation","Federation","4:07.50",""
"New York",2015,"Boys","High Jump","D-1","D-1 + Federation","6' 10 """,""
"New York",2015,"Boys","High Jump","D-2","D-2","6' 6 """,""
"New York",2015,"Boys","Pole Vault","D-1","D-1","15' 3""",""
"New York",2015,"Boys","Pole Vault","D-2","D-2","14' 0 """,""
"New York",2015,"Boys","Pole Vault","Federation","Federation","15' 6 """,""
"New York",2016,"Boys","100m","D-1","D-1","11.11",""
"New York",2016,"Boys","100m","D-2","D-2","11.02",""
"New York",2016,"Boys","100m","Federation","Federation","10.75",""
"New York",2016,"Boys","800m","D-1","D-1 + Federation","1:52.77",""
"New York",2016,"Boys","800m","D-2","D-2","1:54.38",""
"New York",2016,"Boys","1600m","D-1","D-1","4:13.71",""
"New York",2016,"Boys","1600m","D-2","D-2 + Federation","4:09.58",""
"New York",2016,"Boys","High Jump","D-1","D-1","6' 8 """,""
"New York",2016,"Boys","High Jump","D-2","D-2 + Federation","6' 10 """,""
"New York",2016,"Boys","Pole Vault","D-1","D-1","14' 9 """,""
"New York",2016,"Boys","Pole Vault","D-2","D-2","14' 6 """,""
"New York",2016,"Boys","Pole Vault","Federation","Federation","14' 9 """,""
"New York",2017,"Boys","100m","D-1","D-1","10.90",""
"New York",2017,"Boys","100m","D-2","D-2","10.97",""
"New York",2017,"Boys","100m","Federation","Federation","10.80",""
"New York",2017,"Boys","800m","D-1","D-1 + Federation","1:50.96",""
"New York",2017,"Boys","800m","D-2","D-2","1:53.79",""
"New York",2017,"Boys","1600m","D-1","D-1 + Federation","4:12.81",""
"New York",2017,"Boys","1600m","D-2","D-2","4:16.32",""
"New York",2017,"Boys","High Jump","D-1","D-1","7' 0 """,""
"New York",2017,"Boys","High Jump","D-2","D-2 + Federation","6' 8 """,""
"New York",2017,"Boys","Pole Vault","D-1","D-1 + Federation","15' 6 """,""
"New York",2017,"Boys","Pole Vault","D-2","D-2","15' 0 """,""
"New York",2018,"Boys","100m","D-1","D-1","10.92",""
"New York",2018,"Boys","100m","D-2","D-2","10.71",""
"New York",2018,"Boys","100m","Federation","Federation","10.48 ","*"
"New York",2018,"Boys","800m","D-1","D-1 + Federation","1:52.33",""
"New York",2018,"Boys","800m","D-2","D-2","1:53.81",""
"New York",2018,"Boys","1600m","D-1","D-1 + Federation","4:10.01",""
"New York",2018,"Boys","1600m","D-2","D-2","4:15.79",""
"New York",2018,"Boys","High Jump","D-1","D-1","6' 7 """,""
"New York",2018,"Boys","High Jump","D-2","D-2 + Federation","6' 8 """,""
"New York",2018,"Boys","Pole Vault","D-1","D-1 + Federation","16' 0 """,""
"New York",2018,"Boys","Pole Vault","D-2","D-2","15' 0 """,""
"New York",2019,"Boys","100m","D-2","Non- NYSPHSAA","10.92",""
"New York",2019,"Boys","100m","D-1","D-1","10.88",""
"New York",2019,"Boys","100m","D-2","D-2","10.60",""
"New York",2019,"Boys","100m","Federation","Federation","10.76",""
"New York",2019,"Boys","800m","D-1","D-1","1:52.58",""
"New York",2019,"Boys","800m","D-2","D-2 + Federation","1:52.01",""
"New York",2019,"Boys","1600m","D-1","D-1 + Federation","4:10.78",""
"New York",2019,"Boys","1600m","D-2","D-2","4:12.36",""
"New York",2019,"Boys","High Jump","D-1","D-1 + Federation","6' 8 """,""
"New York",2019,"Boys","High Jump","D-2","D-2","6' 7 """,""
"New York",2019,"Boys","Pole Vault","D-1","D-1","15' 0 """,""
"New York",2019,"Boys","Pole Vault","D-2","D-2 + Federation","16' 0 """,""
