,Column1,Column2,Column3,Year,Name,Time
Event,Year,Name,Time,,,
100m,Class 4A,,,,,
100m,2024,"Iren Derricks, Emerald Ridge 9",12.23,,,
100m,2023,"Jana Willems, Glacier Peak 12",12.30,,,
100m,2022,"Esther Akinlosotu, Federal Way 12",11.96,,,
100m,2021,No meet,,,,
100m,2020,No meet,,,,
100m,2019,"Aliya Wilson, Tahoma 12",12.13,,,
100m,2018,"Aliya Wilson, Tahoma 11",11.96,,,
100m,2017,"Aliya Wilson, Tahoma 10",11.55,,,
100m,2016,"Angela Cardon, Pasco 12",12.36,,,
100m,2015,"Anna Rodgers, Lewis & Clark 9",12.13,,,
100m,2014,"Hannah Cunliffe, Federal Way 12",11.96,,,
100m,2013,"Kennadi Bouyer, Curtis 12",11.96,,,
100m,2012,"Kennadi Bouyer, Curtis 11",12.10,,,
100m,2011,"Holly DeHart, Kentwood 12",11.97,,,
100m,2010,"Kishia Mitchell, Rogers (Puyallup) 12",12.50,,,
100m,2009,"Andrea Geubelle, Curtis 12",11.87w,,,
100m,2008,"Bianca Greene, Garfield 12",12.01,,,
100m,2007,"Chanel James, Wilson 12",12.15,,,
100m,2006,"Chanel James, Wilson 11",11.89,,,
100m,2005,"Princess Joy Griffey, Decatur 11",11.79,,,
100m,2004,"Princess Joy Griffey, Decatur 10",12.04,,,
100m,2003,"LaShawnda Porter, Kent-Meridian 11",12.25,,,
100m,2002,"Angel Davis, Wilson 12",12.30,,,
100m,2001,"Heather Hetzer, Kamiak",12.22,,,
100m,2000,"Bree Skinner, Pasco",12.19,,,
100m,1999,"Emily Autrey, Kamiakin",12.20,,,
100m,1998,"Emily Autrey, Kamiakin",12.25,,,
100m,1997,"Candace Young, Garfield",12.20,,,
100m,1996,"Candace Young, Garfield",12.00,,,
100m,1995,"Fran Green, Kamiakin",11.93,,,
100m,1994,"Marzette Penton, Lincoln",12.04,,,
100m,1993,"Fran Green, Kamiakin",12.25,,,
100m,1992,"Danielle Marshall, Lake Washington",11.61,,,
100m,1991,"Danielle Marshall, Lake Washington",11.88,,,
100m,1990,"Danielle Marshall, Lake Washington",11.89,,,
100m,1989,"Camara Jones, Mountain View",12.27,,,
100m,1988,"Joyce Rainwater, Kentwood",12.15,,,
100m,1987,"Keryn Shines, Rogers-Spo",12.37,,,
100m,1986,"Joyce Schweim, Puyallup",12.23,,,
100m,1985,"Stefanie Hunter, Fort Vancouver",11.95,,,
100m,1984,"Stefanie Hunter, Fort Vancouver",12.03,,,
100m,1983,"Camerson Talton, Davis",12.17,,,
100m,1982,"Donna Dennis, Clover Park",11.98,,,
100m,1981,"Donna Dennis, Clover Park",12.03,,,
100m,1980,"Donna Dennis, Clover Park",12.2,,,
100m,100 yards,,,,,
100m,1979,"Asa Pennington, Roosevelt",11.02,,,
100m,1978,"Asa Pennington, Roosevelt",10.8,,,
100m,1977,"Debbie Adams, Roosevelt",10.7,,,
100m,1976,"Debbie Adams, Roosevelt",11.0,,,
100m,1975,"Linda Jones, Lakes",10.8,,,
100m,1974,"Linda Jones, Lakes",11.4,,,
100m,1973,"Lisa Johnson, Nathan Hale",11.0,,,
100m,1972,"Pam Riggs, Mountlake Terrace",11.0,,,
100m,1971,"Pam Riggs, Mountlake Terrace",11.2,,,
100m,1970,"Marda McGlenny, Walla Walla",11.5,,,
100m,1969,"Joi Perala, West Valley-Yak",11.2,,,
100m,Class 3A,,,,,
100m,2024,"Ashlyn Nielsen, Walla Walla 12",12.27,,,
100m,2023,"Alex Buck, Bellevue 11",12.12,,,
100m,2022,"Alex Buck, Bellevue 10",11.97,,,
100m,2021,No meet,,,,
100m,2020,No meet,,,,
100m,2019,"Katherine Petsch, Kamiakin",12.40,,,
100m,2018,"Carlee Sams, Kelso 12",12.21,,,
100m,2017,"Aisha Watt, Seattle Prep 10",12.18w,,,
100m,2016,"Assa Kaba, Chief Sealth 12",12.58,,,
100m,2015,"Ariell Garnett, Kennedy Catholic 11",12.29,,,
100m,2014,"Ngozi Musa, Holy Names 11",12.14,,,
100m,2013,"Ellie Heiden, Kamiakin 11",12.17,,,
100m,2012,"Alanna Coker, Juanita 12",12.19,,,
100m,2011,"Chantel Jaeger, West Valley (Yak) 12",12.25,,,
100m,2010,"Germe Poston, Franklin Pierce 12",12.56w,,,
100m,2009,"Germe Poston, Franklin Pierce 11",11.63w,,,
100m,2008,"Morgan Clem, Eastmont 12",11.90,,,
100m,2007,"Morgan Clem, Eastmont 11",12.45,,,
100m,2006,"Angela Jensen, Fife 11",12.24,,,
100m,2005,"Jaqua Williams, Rainier Beach 12",12.51,,,
100m,2004,"Jaqua Williams, Rainier Beach 11",12.29,,,
100m,2003,"Jaqua Williams, Rainier Beach 10",12.64,,,
100m,2002,"Ginnie Powell, Rainier Beach 12",11.88,,,
100m,2001,"Janae Young, River Ridge",11.79,,,
100m,2000,"Ginnie Powell, Rainier Beach 10",12.01,,,
100m,1999,"Ginnie Powell, Rainier Beach 9",12.38,,,
100m,1998,"Lindsey Smith, Holy Names",12.42,,,
100m,1997,"Alex Allen, Blanchet",12.51,,,
100m,1996,"Jessika Lee, Meadowdale",12.62,,,
100m,1995,"Kelly Williams, Renton",12.48,,,
100m,1994,"Candace Young, Garfield",12.3,,,
100m,1993,"Azure Thompson, Garfield",12.3,,,
100m,1992,"Jamila Godfrey, Lakeside",12.36,,,
100m,1991,"Jamila Godfrey, Lakeside",12.47,,,
100m,1990,"Cheryl Taplin, Cleveland",11.94,,,
100m,1989,"Cheryl Taplin, Cleveland",12.12,,,
100m,1988,"Cheryl Taplin, Cleveland",12.15,,,
100m,1987,"Cheryl Taplin, Cleveland",12.39,,,
100m,1986,"Shannon O’Neill, Bellingham",12.33,,,
100m,1985,"Freda Everett, Rainier Beach",12.06,,,
100m,1984,"Lori Grillo, Burlington",12.27,,,
100m,1983,"Lori Grillo, Burlington",12.48,,,
100m,1982,"Lori Grillo, Burlington",12.32,,,
100m,1981,"Ericka Harris, Gig Harbor",11.8,,,
100m,1980,"Ericka Harris, Gig Harbor",12.34,,,
100m,100 yards,,,,,
100m,1979,"Paula James, Lake Stevens",11.3,,,
100m,1978,"Paula James, Lake Stevens",11.2,,,
100m,1977,"Deanna Taplin, Mt. Vernon",11.4,,,
100m,1976,"Kathy Dropalski, Centralia",11.4,,,
100m,1975,"Jana Olson, Washington",11.6,,,
100m,Class 2A,,,,,
100m,2024,"Sofia Calabretta, Bellingham 12",12.15,,,
100m,2023,"Ellabelle Taylor, Rogers-Spo 12",12.46,,,
100m,2022,"Chayse Flick-Williams, Bellingham 10",12.34,,,
100m,2021,No meet,,,,
100m,2020,No meet,,,,
100m,2019,"Antoinette Stubbfield, Sammamish 9",12.21,,,
100m,2018,"Faith Richardson, Renton 10",11.95,,,
100m,2017,"Julia Stepper, Woodland 12",11.89w,,,
100m,2016,"Wurrie Njadoe, Shorecrest 12",12.17,,,
100m,2015,"Wurrie Njadoe, Shorecrest 11",12.06,,,
100m,2014,"Alyssa Porter, Belleinham 12",12.28,,,
100m,2013,"Alyssa Porter, Bellingham 11",12.42,,,
100m,2012,"Cherish Morrison, Blaine 12",12.23,,,
100m,2011,"Necy Wade, River Ridge 11",12.44,,,
100m,2010,"Cherish Morrison, Blaine 10",12.54,,,
100m,2009,"Cherish Morrison, Blaine 9",12.32w,,,
100m,2008,"Alex Davidson, Steilacoom 11",12.25w,,,
100m,2007,"Angela Jensen, Fife 12",12.24,,,
100m,2006,"Whitney Leavitt, Kiona-Benton 9",12.72,,,
100m,2005,"Krystal Deyo, Castle Rock 9",12.37,,,
100m,2004,"Krystal Deyo, Castle Rock 10",12.8h,,,
100m,2003,"Taquea Davidson, Steilacoom 12",12.93,,,
100m,2002,"Taquea Davidson, Steilacoom 11",12.54,,,
100m,2001,"Mary Ann Graves, White Salmon",12.62,,,
100m,2000,"Ann Sullivan, Omak",13.15,,,
100m,1999,"Ann Sullivan, Omak",12.21w,,,
100m,1998,"Alexis Yeater, Steilacoom",11.95,,,
100m,Class 1A,,,,,
100m,2024,,,,,
100m,2023,"Braelyn Baker, Bear Creek 11",11.92,,,
100m,2022,"Braelyn Baker, Bear Creek 10",12.39,,,
100m,2021,No meet,,,,
100m,2020,No meet,,,,
100m,2019,"Alma Manzo, Connell 12",12.44,,,
100m,2018,"Harlow Brumett-Dunn, Seattle Academy 10",12.34,,,
100m,2017,"Lexi Rolan, Medical Lake 12",12.27,,,
100m,2016,"Lexi Rolan, Medical Lake 11",12.46,,,
100m,2015,"Abi Kim, Seattle Christian 11",12.77,,,
100m,2014,"Abi Kim, Seattle Christian 10",12.31,,,
100m,2013,"Abi Kim, Seattle Christian 9",12.68,,,
100m,2012,"Karlie Storkson, King's 12",12.66,,,
100m,2011,"Kirsten Larsen, White Salmon 12",13.00,,,
100m,2010,"Alicia Wolf, Meridian 11",13.12,,,
100m,2009,"Whitney Leavitt, Kiona-Benton 12",13.05,,,
100m,2008,"Whitney Leavitt, Kiona-Benton 11",12.11w,,,
100m,2007,"Whitney Leavitt, Kiona-Benton 10",12.79,,,
100m,2006,"Kelsey Sutherland, Cascade Christian 12",12.65,,,
100m,2005,"Kelsey Sutherland, Cascade Christian 11",12.93,,,
100m,2004,"Katherine Reynolds, University Prep 10",12.82,,,
100m,2003,"Katherine Reynolds, University Prep 9",12.82,,,
100m,2002,"Terran Legard, Burbank 12",12.76,,,
100m,2001,"Jamie Grubbs, Lake Roosevelt",13.30,,,
100m,2000,"Michelle Appel, Colfax",13.21,,,
100m,1999,"Mary Ann Graves, White Salmon",12.55,,,
100m,1998,"Holly Plumlee, LaCenter",12.66,,,
100m,1997,"LaShaunda Fowler, Foster",12.13,,,
100m,1996,"LaShaunda Fowler, Foster",11.92,,,
100m,1995,"LaShaunda Fowler, Foster",12.36,,,
100m,1994,"LaShaunda Fowler, Foster",12.39,,,
100m,1993,"Heidi Shultz, White Salmon",12.10,,,
100m,1992,"Heidi Shultz, White Salmon",12.60,,,
100m,1991,"Heidi Shultz, White Salmon",12.10,,,
100m,1990,"Heidi Shultz, White Salmon",12.20,,,
100m,1989,"Heidi Bodwell, Ocosta",12.40,,,
100m,1988,"Kris Gilmore, Naches",12.20,,,
100m,1987,"Sherri Johnson, Foster",12.60,,,
100m,1986,"Katherine Herr, Winlock",12.50,,,
100m,1985,"Cheryl Siegmann, Ilwaco",12.20,,,
100m,1984,"Melissa Landreth, Mt. Baker",12.20,,,
100m,1983,"Cheryl Siegmann, Ilwaco",12.00,,,
100m,1982,"Debbie Hyder, Blaine",12.60,,,
100m,1981,"Sandy Heinrich, Riverside",12.10,,,
100m,1980,"Sandy Heinrich, Riverside",12.40,,,
100m,100 yards,,,,,
100m,1979,"Sarah Level, Port Townsend",10.78w,,,
100m,1978,"Sarah Level, Port Townsend",11.00,,,
100m,1977,"Sarah Level, Port Townsend",11.20,,,
100m,1976,"Sarah Level, Port Townsend",11.20,,,
100m,1975,"Tracy Tuholsky, Washougal",11.50,,,
100m,1974,"Lisa Sorrell, Tenino",11.40,,,
100m,1973,"Debbie Agranoff, Ephrata",11.60,,,
100m,Class 2B,,,,,
100m,2024,,,,,
100m,2023,"Aleena Lafferty, Okanogan 11",12.79,,,
100m,2022,"Jordan Koetje, Morton-White Pass 12",12.60,,,
100m,2021,No meet,,,,
100m,2020,No meet,,,,
100m,2019,"Lorin Cox, North Beach 11",12.91,,,
100m,2018,"Ashley Sande, St. George's 12",12.92,,,
100m,2017,"Emma Lee, La Conner 11",12.85,,,
100m,2016,"Grace Hamre, Napavine 12",12.78,,,
100m,2015,"Regyn Gaffney, Adna 12",12.46,,,
100m,2014,"Regyn Gaffney, Adna 11",12.10,,,
100m,2013,"Regyn Gaffney, Adna 10",12.57,,,
100m,2012,"Regyn Gaffney, Adna 9",12.60,,,
100m,2011,"Shawna Mouser, White Pass 12",12.98,,,
100m,2010,"Grace Garguile, Crosspoint 9",13.42,,,
100m,2009,"Jasmine Bingham, Wahkiakum 12",12.91,,,
100m,2008,"Amber Finley, Tacoma Baptist 12",12.58,,,
100m,2007,"Kimi Pohlman, Bear Creek School 11",13.00,,,
100m,2006,"Kimi Pohlman, Bear Creek School 10",12.79,,,
100m,2005,"Kelsey Dunne, Adna 12",12.71,,,
100m,2004,"Kristen Dormaier, Almira-Coulee-Hart 12",13.18,,,
100m,2003,"Jamie Orange, Mt Vernon Christian 12",13.29,,,
100m,2002,"Kristen Dormaier, Almira-Coulee-Hart 10",12.88,,,
100m,2001,"Jamie Orange, Mt Vernon Christian 10",13.21,,,
100m,2000,"Linda Eang, South Bend",13.20,,,
100m,1999,"Neysa Turner, Seattle Lutheran",12.59w,,,
100m,1998,"Neysa Turner, Seattle Lutheran",12.82,,,
100m,1997,"Stephanie Kubalek, Crescent",12.80,,,
100m,1996,"Mashayla Lowe, Bush",12.6,,,
100m,1995,"Melissa Simmons, Dayton",12.91,,,
100m,1994,"Melissa Simmons, Dayton",12.5,,,
100m,1993,"Sherri Dehn, Liberty",12.8,,,
100m,1992,"Thela Brown, Bush",12.1,,,
100m,1991,"Monica Eggleston, Asotin",12.3,,,
100m,1990,"Heidi Bodwell, Ocosta",12.3,,,
100m,1989,"Trisha Stoddard, Waterville-Mans",12.3,,,
100m,1988,"Kim Reid, Dayton",12.4,,,
100m,1987,"Tami Mason, Friday Harbor",12.5,,,
100m,1986,"Tami Mason, Friday Harbor",12.3,,,
100m,1985,"Katrina Berry, Toutle Lake",12.4,,,
100m,1984,"Katrina Berry, Toutle Lake",12.4,,,
100m,Class 1B,,,,,
100m,2024,,,,,
100m,2023,"Brooklyn Patrick, Willapa Valley 12",13.30,,,
100m,2022,"Natalie Schwartz, Evergreen Lutheran 11",13.07,,,
100m,2021,No meet,,,,
100m,2020,No meet,,,,
100m,2019,"Anna Williams, Pateros 10",13.13,,,
100m,2018,"Kaylee Sowle, Mary M. Knight 11",13.35,,,
100m,2017,"Alana Keogh, Cusick 12",13.09,,,
100m,2016,"Alana Keogh, Cusick 11",12.92,,,
100m,2015,"Alana Keogh, Cusick 10",12.99,,,
100m,2014,"Carla van Rooyen, Mt Vernon Chr 12",12.55,,,
100m,2013,"Kassie Guglielmino, Northport 12",12.94,,,
100m,2012,"Kassie Guglielmino, Northport 11",12.81,,,
100m,2011,"Kassie Guglielmino, Northport 10",12.83,,,
100m,2010,"Kassie Guglielmino, Northport 9",13.21,,,
100m,2009,"Anna Schmid, Trout Lake-Glenwood 12",13.54,,,
100m,2008,"Myisha Valentine, North Sound Christian 12",12.74,,,
100m,2007,"Myisha Valentine, North Sound Christian 11",13.45,,,
,Class 4A,,,,,
,2024,"Anna Schneidler, Eastlake 9",56.22,,,
,2023,"Brooke Lyons, Tahoma 12",54.13,,,
,2022,"Ava Simms, Curtis 11",57.1,,,
,2021,No meet,,,,
,2020,No meet,,,,
,2019,"Taylor Marks, Hazen 11",56.71,,,
,2018,"Christal Johnson, Puyallup 11",55.24,,,
,2017,"Jai'lyn Merriweather, Union 12",55.36,,,
,2016,"Jai'lyn Merriweather, Union 11",55.01,,,
,2015,"Jai'lyn Merriweather, Union 10",54.73,,,
,2014,"Hannah Derby, Bellarmine Prep 12",55.69,,,
,2013,"Hannah Derby, Bellarmine Prep 11",55.84,,,
,2012,"Hannah Derby, Bellarmine Prep 10",55.51,,,
,2011,"Hannah Derby, Bellarmine Prep 9",56.41,,,
,2010,"Kishia Mitchell, Rogers (Puyallup) 12",56.21,,,
,2009,"Jasmine Cho, Newport (Bellevue) 12",56.56,,,
,2008,"Eleanor Siler, Lewis & Clark 12",55.62,,,
,2007,"Kristen Ballinger, Wenatchee 12",55.54,,,
,2006,"Kayla McKiernan, Richland 11",55.76,,,
,2005,"Becca Noble, Rogers (Spokane) 12",54.14,,,
,2004,"Becca Noble, Rogers (Spokane) 11",54.31,,,
,2003,"Becca Noble, Rogers (Spokane) 10",54.9,,,
,2002,"Kameko Wilson, Bethel 11",56.64,,,
,2001,"Heather Hetzer, Kamiak",57.29,,,
,2000,"Bree Skinner, Pasco",56.97,,,
,1999,"Teresa Brooks, Lewis & Clark",56.06,,,
,1998,"Tiffany Giles, Garfield",54.34,,,
,1997,"Tiffany Giles, Garfield",55.06,,,
,1996,"Chelsie Pentz, Central Kitsap",56.48,,,
,1995,"Chelsie Pentz, Central Kitsap",56.18,,,
,1994,"Kyrah Webb, Wilson",56.64,,,
,1993,"Yashiva Edwards, Central Kitsap",55.87,,,
,1992,"Rhoda Andrews, Wilson",57.36,,,
,1991,"Kristen Adams, Oak Harbor",58.36,,,
,1990,"Camara Jones, Mountain View",54.58,,,
,1989,"Monica Jackson, Renton",54.86,,,
,1988,"Monica Jackson, Renton",55.97,,,
,1987,"Helen Bajocich, Blanchet",56.74,,,
,1986,"Jennifer Bannon, Moses Lake",56.38,,,
,1985,"Brenda Harding, Kamiakin",55.76,,,
,1984,"Brenda Harding, Kamiakin",56.17,,,
,1983,"Pam Board, Kennewick",55.62,,,
,1982,"Pam Board, Kennewick",57.03,,,
,1981,"Elaine Martin, Richland",56.7,,,
,440 yards,,,,,
,1980,"Annie Barrett, Mercer Island",57.2,,,
,1979,"Michelle Williams, Nathan Hale",56.7,,,
,1978,"Lois Jensen, Sammamish",56.9,,,
,1977,"Lois Jensen, Sammamish",55.8,,,
,1976,"Sue Monda, Newport",56.7,,,
,1975,"Sue Monda, Newport",59.6,,,
,1974,"Rachel Yeager, Edmonds",57.6,,,
,1973,"Denise Anderson, Shoreline",59.6,,,
,1972,"Gayle Hawney, Shoreline",60.5,,,
,1971,"Lindy Oliver, Chief Sealth",62.9,,,
,1970,"Lindy Oliver, Chief Sealth",61.3,,,
,1969,"LuAnn Simon, Woodland",60.9,,,
,Class 3A,,,,,
,2024,"Elaine Hudacsko, Interlake 12",57.51,,,
,2023,"Elaine Hudacsko, Interlake 11",56.19,,,
,2022,"Tresley Love, Meadowdale 11",57,,,
,2021,No meet,,,,
,2020,No meet,,,,
,2019,"Kate Jendrezak, Eastside Catholic 11",56.46,,,
,2018,"Hannah Carroll, Gig Harbor 11",55.38,,,
,2017,"Hannah Carroll, Gig Harbor 10",55.52,,,
,2016,"Lani Taylor, West Seattle 12",55.74,,,
,2015,"Jordyn Edwards, Lynnwood 11",55.34,,,
,2014,"Ellie Heiden, Kamiakin 12",54.93,,,
,2013,"Ellie Heiden, Kamiakin 11",54.15,,,
,2012,"Ellie Heiden, Kamiakin 10",55.18,,,
,2011,"Megan Kelley, Camas 12",56.33,,,
,2010,"Stephanie Cummings, Glacier Peak 12",56.17,,,
,2009,"Dyneeca Adams, Rainier Beach 12",56.89,,,
,2008,"Jasmine Cho, Newport (Bellevue) 11",56.55,,,
,2007,"Rachel Van Rijn, Auburn Riverside 12",56.69,,,
,2006,"Dyneeca Adams, Rainier Beach 10",56.79,,,
,2005,"Laura Vogel, Mercer Island 10",57.94,,,
,2004,"Whitney Knox, Blanchet 11",57.34,,,
,2003,"Whitney Knox, Blanchet 10",57.19,,,
,2002,"Whitney Knox, Blanchet 9",57.1,,,
,2001,"Brynne Lieb, Tumwater",57.28,,,
,2000,"Lindsey Smith, Holy Names",55.91,,,
,1999,"Elizabeth Anderson, Bellevue",57.16,,,
,1998,"Lindsey Smith, Holy Names",55.95,,,
,1997,"Alex Allen, Blanchet",54.98,,,
,1996,"Alex Allen, Blanchet",55.93,,,
,1995,"Alex Allen, Blanchet",56.95,,,
,1994,"Lisa Malmin, Peninsula",56.77,,,
,1993,"Candy Bates, Olympia",58.07,,,
,1992,"Jamila Godfrey, Lakeside",56.77,,,
,1991,"Jamila Godfrey, Lakeside",58.17,,,
,1990,"Kim Van Hoven, Eastmont",57.72,,,
,1989,"Nikki Douglas, Sedro-Woolley",57.13,,,
,1988,"Freda Everett, Rainier Beach",56.89,,,
,1987,"Shannon O’Neill, Bellingham",57.63,,,
,1986,"Angie Tasker, Washington",57.23,,,
,1985,"Karen Church, Stanwood",56.23,,,
,1984,"Karen Church, Stanwood",56.8,,,
,1983,"Cressy Stewart, Bellingham",56.52,,,
,1982,"Lola Johnston, Lake Stevens",57.21,,,
,1981,"Ericka Harris, Gig Harbor",54.6,,,
,1980,"Ericka Harris, Gig Harbor",54.39,,,
,440 yards,,,,,
,1979,"Ericka Harris, Peninsula",55.4,,,
,1978,"Melanie Washburn, Arlington",56.5,,,
,1977,"Cheryl Byers, Pullman",57.4,,,
,1976,"Melanie Washburn, Arlington",57.8,,,
,1975,"Gloria Brittain, Tumwater",60.7,,,
,Class 2A,,,,,
,2024,"Veronica Garcia, East Valley (Spo) 11",55.75,,,
,2023,"Annabelle Clapp, Tumwater 11",59.1,,,
,2022,"Jayda Darroch, Sehome 10",58.29,,,
,2021,No meet,,,,
,2020,No meet,,,,
,2019,"Olivia Martin, Selah 11",56.59,,,
,2018,"Olivia Martin, Selah 10",57.52,,,
,2017,"Alsatta Bakana, Cheney 11",56.25,,,
,2016,"Madeline Liberg, West Valley (Spo) 10",57.66,,,
,2015,"Mia Hodges, Bellingham 12",58.01,,,
,2014,"Brooke Feldmeier, Tumwater 12",55.83,,,
,2013,"Brooke Feldmeier, Tumwater 11",54.37,,,
,2012,"Cherish Morrison, Blaine 12",56.09,,,
,2011,"Cherish Morrison, Blaine 11",57.27,,,
,2010,"Cherish Morrison, Blaine 10",57.52,,,
,2009,"Cherish Morrison, Blaine 9",57.53,,,
,2008,"Aundreaha Martinez, Tumwater 12",57.98,,,
,2007,"Alex Davidson, Steilacoom 10",57.62,,,
,2006,"Alex Davidson, Steilacoom 9",57.8,,,
,2005,"Gwenna Carie, Cascade (Leavenworth) 10",57.94,,,
,2004,"Selena Galaviz, Toppenish 12",59.19,,,
,2003,"Selena Galaviz, Toppenish 11",58.64,,,
,2002,"Selena Galaviz, Toppenish 10",57.77,,,
,2001,"Lydia Boswell, Grandview",59.09,,,
,2000,"Emily Turner, Omak",59.5,,,
,1999,"Alison McGrane, Colville",58.66,,,
,1998,"Alison McGrane, Colville",58.23,,,
,Class 1A,,,,,
,2023,"Casie Kleine, Castle Rock 10",58.3,,,
,2022,"Sheala Bradley, La Center 10",57.57,,,
,2021,No meet,,,,
,2020,No meet,,,,
,2019,"Alma Manzo, Connell 12",57.48,,,
,2018,"Faith Kennedy, Lakeside (9MF) 11",57.81,,,
,2017,"Morgan Schepker, Cascade Christian 12",57.44,,,
,2016,"Maya Jackson, Northwest 12",56.74,,,
,2015,"Maya Jackson, Northwest 11",57.37,,,
,2014,"Maya Jackson, Northwest 10",58.23,,,
,2013,"Erin Beezhold, Cedar Park Chr 12",57.99,,,
,2012,"Karlie Storkson, King's 12",57.31,,,
,2011,"Karlie Storkson, King's 11",58.32,,,
,2010,"Li Murphy, Annie Wright 12",58.45,,,
,2009,"Li Murphy, Annie Wright 11",57.43,,,
,2008,"Li Murphy, Annie Wright 10",57.5,,,
,2007,"Laura Martin, Charles Wright 12",56.9,,,
,2006,"Lucretia Lee, Cedar Park Christian 9",58.31,,,
,2005,"Caiti Schmitz, Highland 10",60.55,,,
,2004,"Katherine Reynolds, University Prep 10",57.4,,,
,2003,"Katherine Reynolds, University Prep 9",57.45,,,
,2002,"Terran Legard, Burbank 12",56.96,,,
,2001,"Terran Legard, Burbank 11",58.9,,,
,2000,"Terran Legard, Burbank 10",58.43,,,
,1999,"Holly Plumlee, LaCenter",58.28,,,
,1998,"Holly Plumlee, LaCenter",58.71,,,
,1997,"LaShaunda Fowler, Foster",57.31,,,
,1996,"LaShaunda Fowler, Foster",55.24,,,
,1995,"Hayden Kristianson, Chewelah",58.05,,,
,1994,"Shawna Pankow, Rochester",57.4,,,
,1993,"Heidi Shultz, White Salmon",57.7,,,
,1992,"Stacy Wirth, Seattle Christian",59.6,,,
,1991,"Sara Shands, Sultan",59.7,,,
,1990,"Jessica Brathovd, Tenino",58,,,
,1989,"Jessica Brathovd, Tenino",58.7,,,
,1988,"Jessica Brathovd, Tenino",58.9,,,
,1987,"Sherri Johnson, Foster",58.5,,,
,1986,"Katherine Herr, Winlock",58.6,,,
,1985,"Cheryl Siegmann, Ilwaco",58.3,,,
,1984,"Cheryl Siegmann, Ilwaco",58.9,,,
,1983,"Cheryl Siegmann, Ilwaco",58.3,,,
,1982,"Denise Myrick, Dayton",58.2,,,
,1981,"Marianne Powers, Port Townsend",59.9,,,
,1980,"Liz Page, Peshastin-Dryden",58,,,
,440 yards,,,,,
,1979,"Liz Page, Peshastin-Dryden",58.42,,,
,1978,"Liz Page, Peshastin-Dryden",58.2,,,
,1977,"Leslie Weber, Odessa",57.3,,,
,1976,"Kim Seelye, Port Townsend",58.7,,,
,1975,"Cindy Henry, Tolt",61.9,,,
,1974,"Patsy Walker, Yelm",59.1,,,
,1973,"Susan Schuh, Ephrata",62,,,
,Class 2B,,,,,
,2023,"Anton Wood, Okanogan 12",59.02,,,
,2022,"Olivia Fauth, Stevenson 9",61.67,,,
,2021,No meet,,,,
,2020,No meet,,,,
,2019,"Katelyn Hassler, DeSales 10",59.06,,,
,2018,"Ashley Sande, St George's 12",57.67,,,
,2017,"Megan McSheffrey, NW Christian (Lacey) 11",60.14,,,
,2016,"Grace Hamre, Napavine 12",58.65,,,
,2015,"Regyn Gaffney, Adna 12",57.01,,,
,2014,"Regyn Gaffney, Adna 11",56.4,,,
,2013,"Regyn Gaffney, Adna 10",57.36,,,
,2012,"Grace Garguile, Crosspoint Academy 11",59.1,,,
,2011,"Grace Garguile, Crosspoint Academy 10",59.44,,,
,2010,"Annie Schinnell, Morton 12",60.02,,,
,2009,"Jacki Taylor, Mt Vernon Christian 12",58.26,,,
,2008,"Amber Finley, Tacoma Baptist 12",57.52,,,
,2007,"Amber Finley, Tacoma Baptist 11",,,,
,2006,"Amber Finley, Tacoma Baptist 10",57.92,,,
,2005,"Amber Finley, Tacoma Baptist 9",59.44,,,
,2004,"Chrystal Gubler, Republic 12",58.65,,,
,2003,"Jamie Orange, Mt Vernon Christian 12",57.37,,,
,2002,"Baily Cox, Wilbur-Creston 11",59.34,,,
,2001,"Alicia Andrews, Asotin",57.54,,,
,2000,"Baily Cox, Wilbur-Creston 9",60.55,,,
,1999,"Mandi Walters, Sprague-Harrington",57.48,,,
,1998,"Callie Palmer, Christian Heritage",59.66,,,
,1997,"Stephanie Kubalek, Crescent",57.83,,,
,1996,"Stephanie Kubalek, Crescent",59.02,,,
,1995,"Stephanie Kubalek, Crescent",58.35,,,
,1994,"Sarah Levens, DeSales",59.17,,,
,1993,"Sarah Levens, DeSales",58.6,,,
,1992,"Jenny Trull, Rosalia",59.5,,,
,1991,"Megan McCoy, Wahkiakum",60.7,,,
,1990,"Dawn Barlock, Valley Christian",59.3,,,
,1989,"Trisha Stoddard, Waterville-Mansfield",59.7,,,
,1988,"Trisha Stoddard, Waterville-Mansfield",59.6,,,
,1987,"Fonda Tracy, Clallam Bay",59,,,
,1986,"Tami Houk, Friday Harbor",59.3,,,
,1985,"Katrina Berry, Toutle Lake",58,,,
,1984,"Katrina Berry, Toutle Lake",57.8,,,
,Class 1B,,,,,
,2023,"Kennedy Cook, Garfield-Palouse 12",57.3,,,
,2022,"Kennedy Cook, Garfield-Palouse 11",59.41,,,
,2021,No meet,,,,
,2020,No meet,,,,
,2019,"Kenna Clark, Valley Christian (Spo) 10",60.91,,,
,2018,"Jaiden Hill, Mt Vernon Chr 9",59.49,,,
,2017,"Alana Keogh, Cusick 12",57.74,,,
,2016,"Anne Hockett, Oakesdale 10",58.3,,,
,2015,"Lexi Blom, Mt Vernon Chr 10",61.96,,,
,2014,"Natalie McPherson, Shoreline Chr 12",59.37,,,
,2013,"Kassie Guglielmino, Northport 12",59.56,,,
,2012,"Kassie Guglielmino, Northport 11",61.46,,,
,2011,"Kassie Guglielmino, Northport 10",60.48,,,
,2010,"Kassie Guglielmino, Northport 9",,,,
,2009,"Liz Vogt, Trout Lake-Glenwood 10",61.85,,,
,2008,"Myisha Valentine, North Sound Chr 12",58.4,,,
,2007,"Diana Batson, Pateros 11",,,,
,Year,Name,Time,,,
,Class 4A,,,,,
,2024,"Rebecca O'Keefe, Skyline 12",4:45.44,,,
,2023,"Anna Callahan, Skyline 11",4:44.05,,,
,2022,"Ella Borsheim, Bellarmine Prep 12",4:54.17,,,
,2021,No meet,,,,
,2020,No meet,,,,
,2019,"Julia David-Smith, Issaquah 10",4:50.35,,,
,2018,"Sami Corman, Issaquah 12",4:50.76,,,
,2017,"Taylor Roe, Lake Stevens 10",4:54.86,,,
,2016,"Taylor Roe, Lake Stevens 9",4:50.34,,,
,2015,"Sami Corman, Issaquah 9",4:55.27,,,
,2014,"Alexa Efraimson, Camas 11",4:33.29,,,
,2013,"Alexa Efraimson, Camas 10",4:39.25,,,
,2012,"Jordan McPhee, Mt Rainier 10",5:01.27,,,
,2011,"Tansey Lystad, Inglemoor 12",4:54.25,,,
,2010,"Baylee Mires, Mead 11",4:53.52,,,
,2009,"Baylee Mires, Mead 10",4:56.35,,,
,2008,"Mietra Smollack, Oak Harbor 12",4:56.44,,,
,2007,"Nicole Cochran, Bellarmine Prep 11",4:55.94,,,
,2006,"Megan O'Reilly, Mt Spokane 12",4:46.58,,,
,2005,"Brie Felnagle, Bellarmine 12",4:42.28,,,
,2004,"Brie Felnagle, Bellarmine 11",4:47.71,,,
,2003,"Brianna Felnagle, Bellarmine 10",4:52.48,,,
,2002,"Jessie McLaughlin, Olympia 12",5:01.92,,,
,2001,"Jessie McLaughlin, Olympia 11",4:53.72,,,
,2000,"Jessie McLaughlin, Olympia 10",4:58.75,,,
,1999,"Jamie Rosenquist, Lewis & Clark",5:04.41,,,
,1998,"Jeannette Zimmer, South Kitsap",4:58.83,,,
,1997,"Jennifer Smith, Ferris",4:50.78,,,
,1996,"Kristen Parrish, Ferris",4:52.63,,,
,1995,"Mariah McConnaughey, Ferris",5:04.28,,,
,1994,"Sarna Renfro, Bellarmine",4:46.85,,,
,1993,"Sarna Renfro, Bellarmine",4:54.35,,,
,1992,"Sarna Renfro, Bellarmine",4:57.41,,,
,1991,"Jolene Staeheli, Bellarmine",4:56.37,,,
,1990,"Sarah Schwald, Rogers-Spo",4:48.54,,,
,1989,"Sarah Schwald, Mead",4:52.06,,,
,1988,"Lisa Dressel, Shadle Park",5:01.39,,,
,1987,"Jennifer Robertson, Rogers-Puy",4:59.05,,,
,1986,"Libby Tyson, Walla Walla",5:01.84,,,
,1985,"Lisa Corp, Mead",4:59.76,,,
,1984,"Michelle Swanson, Auburn",5:01.96,,,
,1983,"Annette Hand, Central Valley",4:48.2,,,
,1982,"Pam Paudler, Redmond",4:53.17,,,
,1981,"Linda Mitchell, Sammamish",4:58.06,,,
,Mile,,,,,
,1980,"Lisa Mitchell, Sammamish",4:54.7,,,
,1979,"Laurie Shansby, Shorecrest",4:58.5,,,
,1978,"Deanna Coleman, Issaquah",4:42.5,,,
,1977,"Pam Happy, Meadowdale",5:03.7,,,
,1976,"Molly O’Neil, Everett",5:10.6,,,
,1975,"Cheryl Roulier, Eisenhower",5:14.9,,,
,1974,"Molly O’Neil, Everett",5:14.0,,,
,1973,"Molly O’Neil, Everett",5:38.9,,,
,1972,"Laurel Miller, Shoreline",5:30.2,,,
,1971,"Nancy Main, Ingraham",5:43.5,,,
,1970,"Heather Southerland, Hudson’s Bay",5:58.4,,,
,1969,"Linda Mims, Granger",6:11.5,,,
,Class 3A,,,,,
,2024,"Sophia Rodriguez, Mercer Island 9",4:48.69,,,
,2023,"Julia Couch, Auburn Riverside 10",4:52.04,,,
,2022,"Lily LaPorte, Bishop Blanchet 9",4:57.71,,,
,2021,No meet,,,,
,2020,No meet,,,,
,2019,"Allie Janke, North Central 10",4:43.60,,,
,2018,"Allie Janke, North Central 9",4:55.48,,,
,2017,"Jordan Oakes, Holy Names 12",4:50.27,,,
,2016,"Jordan Oakes, Holy Names 11",4:46.80,,,
,2015,"Jordan Oakes, Holy Names 10",4:47.11,,,
,2014,"Megan Beauchene, Kamiakin 12",4:48.42,,,
,2013,"Amy-Eloise Neale, Glacier Peak 12",4:44.88,,,
,2012,"Katie Knight, North Central 11",4:50.20,,,
,2011,"Amy-Eloise Neale, Glacier Peak 10",4:46.56,,,
,2010,"Amy-Eloise Neale, Glacier Peak 9",4:54.82,,,
,2009,"Phoebe Merritt, Mercer Island 12",5:08.82,,,
,2008,"Micheal Paulston, Auburn 10",5:04.17,,,
,2007,"Lisa Olander, West Valley-Yak 10",4:51.05,,,
,2006,"Lisa Olander, West Valley-Yak 9",5:01.22,,,
,2005,"Kelsey Walker, Bellevue 11",5:05.84,,,
,2004,"Kelsey Walker, Bellevue 10",5:04.06,,,
,2003,"Marie Foushee, Bellevue 12",5:18.65,,,
,2002,"Amanda Miller, Eastmont 10",5:01.56,,,
,2001,"Ashlee Vincent, Squalicum",5:02.91,,,
,2000,"Megan Johnson, Seattle Prep",4:58.44,,,
,1999,"Megan Johnson, Seattle Prep",5:05.93,,,
,1998,"Leann Hymas, South Whidbey",5:00.07,,,
,1997,"Darcy Steele, Aberdeen",5:06.20,,,
,1996,"Leah Paddock, Lindbergh",5:08.09,,,
,1995,"Jeannette Zimmer, Cheney",5:03.69,,,
,1994,"Michelle Teodoro, Gig Harbor",5:00.66,,,
,1993,"Susanna Matsen, Lakeside",4:59.40,,,
,1992,"Christine Dehlendorf, Lakeside",5:05.39,,,
,1991,"Suzanne Matsen, Lakeside",5:03.18,,,
,1990,"Erica Koenig, Seattle Prep",5:12.4,,,
,1989,"Casi Montoya, Eastmont",5:02.17,,,
,1988,"Stephanie Malnack, Lynnwood",5:07.16,,,
,1987,"Erika Klein, Edmonds",5:09.23,,,
,1986,"Rebecca Rivkin, Lakeside",5:01.55,,,
,1985,"Pam Eyman, Shorewood",4:58.57,,,
,1984,"Pam Eyman, Shorewood",4:57.51,,,
,1983,"Patty Ley, Gig Harbor",4:57.10,,,
,1982,"Adrianne Lorvick, Shorecrest",5:02.39,,,
,1981,"Patty Ley, Gig Harbor",5:07.7,,,
,1980,"Cressy Stewart, Bellingham",5:06.39,,,
,Mile,,,,,
,1979,"Anna Morris, Tahoma",5:13.1,,,
,1978,"Colleen Spadoni, Peninsula",5:13.3,,,
,1977,"Mary Cronin, Bainbridge",5:06.7,,,
,1976,"Diane Wyvel, Shorewood",5:15.0,,,
,1975,"Louise Schibig, Wapato",5:35.5,,,
,Class 2A,,,,,
,20204,"Logan Hofstee, East Valley (Spo) 12",4:51.29,,,
,2023,"Jessica Frydenlund, Anacortes 12",4:59.87,,,
,2022,"Alauna Carstens, Shelton 12",4:58.34,,,
,2021,No meet,,,,
,2020,No meet,,,,
,2019,"Annika Reiss, Bellingham 12",4:57.56,,,
,2018,"Gracie Long, Port Angeles 12",4:58.72,,,
,2017,"Annika Reiss, Bellingam 10",4:59.16,,,
,2016,"Abby Johnson, Sehome 11",5:07.05,,,
,2015,"Brittany Aquino, E Valley (Spo) 11",4:59.60,,,
,2014,"Katia Matora, Lake Washington 11",5:00.18,,,
,2013,"Emily Pittis, Sehome 10",5:04.29,,,
,2012,"Alyssa Murray, Sumner 9",5:02.76,,,
,2011,"Marina Roberts, Kingston 11",5:05.53,,,
,2010,"Ruby Roberts, Kingston 12",4:53.27,,,
,2009,"Becca Friday, Bellingham 12",5:01.87,,,
,2008,"Ruby Roberts, Kingston 10",4:59.76,,,
,2007,"Stephanie Marcy, Sequim 12",4:54.14,,,
,2006,"Brittney Williams, Colville 11",5:13.65,,,
,2005,"Cory Druffel, Pullman 9",5:19.13,,,
,2004,"Andrea Brown, Mt Baker 12",5:12.56,,,
,2003,"Kira Harrison, Meridian 12",5:02.47,,,
,2002,"Kira Harrison, Meridian 11",5:13.28,,,
,2001,"Katie Prichard, Riverside",5:12.16,,,
,2000,"Katie Prichard, Riverside",5:22.62,,,
,1999,"Crystal Evans, Colville",5:17.20,,,
,1998,"Crystal Evans, Colville",5:09.0,,,
,Class 1A,,,,,
,2023,"Alexis Leone, Seton Catholic 11",4:59.30,,,
,2022,"Alexis Leone, Seton Catholic 10",5:06.00,,,
,2021,No meet,,,,
,2020,No meet,,,,
,2019,"Naomi Smith, King's 11",5:00.04,,,
,2018,"Olivia Markezich, Bear Creek 11",5:02.41,,,
,2017,"Erin Mullins, Cascade (Leav) 12",4:54.74,,,
,2016,"Erin Mullins, Cascade (Leav) 11",5:07.31,,,
,2015,"Moriah Duenich, Deer Park 10",5:11.16,,,
,2014,"Kacey Kemper, King's 12",5:03.39,,,
,2013,"Sally Larson, Cedar Park Chr 12",5:03.62,,,
,2012,"Maddie Meyers, Northweset 12",5:00.65,,,
,2011,"Maddie Meyers, Northwest 11",4:46.85,,,
,2010,"Maddie Meyers, Northwest 10",4:50.02,,,
,2009,"Maddie Meyers, Northwest 9",5:08.64,,,
,2008,"Olivia Thomas, King's 11",5:14.53,,,
,2007,"Lizzie Jewson, Charles Wright 12",5:14.98,,,
,2006,"Jane Larson, Cedar Park Chr 12",5:01.61,,,
,2005,"Jane Larson, Cedar Park Chr 11",5:04.89,,,
,2004,"Jane Larson, Cedar Park Chr 10",5:14.02,,,
,2003,"Jane Larson, Cedar Park Chr 9",5:15.18,,,
,2002,"Lindsay Barlow, Rainier 10",5:19.42,,,
,2001,"Laura Halverson, Freeman",5:03.45,,,
,2000,"Brittany Hancock, Onalaska",5:16.65,,,
,1999,"Cassie Sloan, Burbank",5:14.19,,,
,1998,"Cassie Sloan, Burbank",5:10.90,,,
,1997,"Jaime Stone, Deer Park",5:16.18,,,
,1996,"Katie Kneeshaw, Colfax",5:15.32,,,
,1995,"Amy King, King’s",5:19.32,,,
,1994,"Rachel Rieke, Cascade",5:07.85,,,
,1993,"Rachel Rieke, Cascade",5:10.9,,,
,1992,"Rachel Rieke, Cascade",5:15.2,,,
,1991,"Joy Sprague, Woodland",5:13.3,,,
,1990,"Joy Sprague, Woodland",5:15.4,,,
,1989,"Stacey Brown, Omak",5:01.4,,,
,1988,"Carissa Seward, Goldendale",5:05.0,,,
,1987,"Carissa Seward, Goldendale",5:02.8,,,
,1986,"Felicity Saberhagen, Cashmere",5:10.0,,,
,1985,"Brandi Evans, Ephrata",5:13.0,,,
,1984,"Anne Howard, Port Townsend",5:03.5,,,
,1983,"Kris Vickers, Carroll",5:05.8,,,
,1982,"Lisa Braun, Cashmere",5:12.8,,,
,1981,"Sandy Gabelein, Langley",5:17.5,,,
,1980,"Sandy Gabelein, Langley",5:10.8,,,
,Mile,,,,,
,1979,"Michelle Elliot, Cashmere",5:22.9,,,
,1978,"Irene Griffith, Port Townsend",5:09.9,,,
,1977,"Kathy Kinniburgh, Mt. Baker",5:05.0,,,
,1976,"Becky Wick, Bellevue Christian",5:02.4,,,
,1975,"Joan Corbin, Carroll",5:17.1,,,
,1974,"Kim Seelye, Port Townsend",5:23.6,,,
,1973,"Lowna Leierer, Langley",5:44.1,,,
,Class 2B,,,,,
,2023,"Josie McLaughlin, St George's 10",5:19.34,,,
,2022,"Josie McLaughlin, St George's 9",5:13.25,,,
,2021,No meet,,,,
,2020,No meet,,,,
,2019,"Ava Shackell, Northwest Chr (Lac) 12",5:02.59,,,
,2018,"Eliana Summers, NW Chr (Lac) 12",5:17.58,,,
,2017,"Madison Ward, St George's 12",5:16.16,,,
,2016,"Madison Ward, St George's 11",5:19.20,,,
,2015,"Madison Ward, St George's 10",5:04.45,,,
,2014,"Sierra Speiker, Oroville 12",5:11.25,,,
,2013,"Hailey Bredeson, NW Chr (Lac) 12",5:20.59,,,
,2012,"Morgan Willson, Colfax 12",5:14.1h,,,
,2011,"Kim Barry, Lake Roosevelt 11",5:14.98,,,
,2010,"Mikel Elliott, White Pass 12",5:13.24,,,
,2009,"Kate Reidy, St George's 12",5:18.13,,,
,2008,"Joscelyn Minton, NW Chr (Lac) 12",5:12.62,,,
,2007,"Joscelyn Minton, NW Chr (Lac) 11",5:15.84,,,
,2006,"Karissa Carlson, Pateros 10",5:18.52,,,
,2005,"Kirsten Fix, St Georges 12",5:10.78,,,
,2004,"Mary Labbee, Riverside Chr 11",5:26.17,,,
,2003,"Camille Gibb, Thorp-Kittitas 12",5:17.91,,,
,2002,"Sarah Bishop, Evergreen Luth 12",5:22.58,,,
,2001,"Mandee Carlson, Pateros",5:15.52,,,
,2000,"Whitney Niemcziek, Willapa Valley",5:27.12,,,
,1999,"Beth Abbey, Waitsburg",5:26.97,,,
,1998,"Beth Abbey, Waitsburg",5:30.3,,,
,1997,"Amber Higgins, LaConner",5:25.03,,,
,1996,"Amber Higgins, LaConner",5:24.25,,,
,1995,"Edie DeNiro, St. George’s",5:26.90,,,
,1994,"Lisa Schaures, Toutle Lake",5:22.75,,,
,1993,"Danielle Bradshaw, Liberty Bell",5:20.7,,,
,1992,"Angela Pearson, Trout Lake",5:21.8,,,
,1991,"Carrie McMurray, Naselle",5:23.3,,,
,1990,"Barb Richardson, Waterville-Mans",5:09.0,,,
,1989,"Shelley Smathers, Morton",5:11.6,,,
,1988,"Penny Walter, Freeman",5:12.8,,,
,1987,"Holly Nielsen, Trout Lake",5:18.8,,,
,1986,"Ann Dannhauer, University Prep",5:13.9,,,
,1985,"Kim Naught, Bickleton",5:23.7,,,
,1984,"Natasha Bamberger, Coupeville",5:13.7,,,
,Class 1B,,,,,
,2023,"Catelin King, Pope John Paul 12",5:32.95,,,
,2022,"Emmalyne Jimenez, DeSales 11",5:26.79,,,
,2021,No meet,,,,
,2020,No meet,,,,
,2019,"Rosalie Fish, Muckleshoot Tribal 12",5:15.22,,,
,2018,"Hannah Funkhouser, Trout Lake 9",5:14.81,,,
,2017,"Emily Adams, Waitsburg 12",5:20.32,,,
,2016,"Gracie StrangeOwl, Cusick 10",5:47.67,,,
,2015,"Shania Graham, Republic 10",5:30.98,,,
,2014,"Kelsey Browning, Waterville 10",5:17.50,,,
,2013,"Emily Wooldridge, Entiat 12",5:15.80,,,
,2012,"Lucy Defilippis, Seton Catholic 10",5:31.88,,,
,2011,"Valerie Vogt, Trout Lake-Glenwood 10",5:26.50,,,
,2010,"Lynn Washio, North Sound Christian 12",5:36.62,,,
,2009,"Neola Putnam, Trout Lake-Glenwood 12",5:26.73,,,
,2008,"Karissa Carlson, Pateros 12",5:16.52,,,
,2007,"Neola Putnam, Trout Lake-Glenwood 10",5:24.7,,,
,Year,Name,Time,,,
,Class 4A,,,,,
,2024,"JaiCieonna Gero-Holt, Emerald Ridge 11",5-10,,,
,2023,"JaiCieonna Gero-Holt, Emerald Ridge 10",5-10,,,
,2022,"JaiCieonna Gero-Holt, Emerald Ridge 9",5-8,,,
,2021,No meet,,,,
,2020,No meet,,,,
,2019,"Allison Kremer, Skyline 11",5-5,,,
,2018,"Emily DuFour, Eastmont 12",5-8,,,
,2017,"Madison Peffers, Camas 11",5-6,,,
,2016,"Amanda Chan, Mead 11",5-6,,,
,2015,"Kellianne Cavin, Snohomish 11",5-5,,,
,2014,"Mariah Cunningham, Central Valley 12",5-4,,,
,2013,"Elizabeth Quick, Richland 12",5-5,,,
,2012,"Audrey Ketcham, Wenatchee 12",5-7,,,
,2011,"Audrey Ketcham, Wenatchee 11",5-6,,,
,2010,"Audrey Ketcham, Wenatchee 10",5-8,,,
,2009,"Christine Rice, Mountain View 12",5-8,,,
,2008,"Kelly McNamee, Ferris 12",5-8,,,
,2007,"Kelly McNamee, Ferris 11",5-10,,,
,2006,"Jasmine Kelly, Skyview 12",5-6,,,
,2005,"Jasmine Kelly, Skyview 11",5-9,,,
,2004,"Briann January, Lewis & Clark 11",5-6,,,
,2003,"Tiana Roma, Edmonds-Woodway 11",5-6,,,
,2002,"Robin Mikesh, Auburn Riverside 12",5-6,,,
,2001,"Robin Mikesh, Auburn Riverside 11",5-6,,,
,2000,"Robin Mikesh, Auburn Riverside 10",5-5,,,
,1999,"Alisha Moultrie, Mountain View",5-4,,,
,1998,"Sarah Farr, Bellarmine",5-4,,,
,1997,"Abby Harris, Auburn",5-4,,,
,1996,"Francine Richardson, Mtlk Terrace",5-8,,,
,1995,"Francine Richardson, Mtlk Terrace",5-9,,,
,1994,"Seville Broussard, Walla Walla",5-10,,,
,1993,"Seville Broussard, Walla Walla",5-9,,,
,1992,"Dawn Putnam, Fort Vancouver",5-8,,,
,1991,"Sarah Arrowsmith, Issaquah",5-8½,,,
,1990,"Megan Myers, Lake Washington",5-5,,,
,1989,"Wendy Wilson, North Central",5-7,,,
,1988,"Kelly Keist, Mountain View",5-6,,,
,1987,"Stacey Asplund, Columbia River",5-9,,,
,1986,"Leena Pakarinen, Puyallup",5-6,,,
,1985,"Sonja Swan, Lincoln",5-9,,,
,1984,"Vicki Borsheim, Cascade",5-8,,,
,1983,"Mary Moore, Issaquah",6-1,,,
,1982,"Mary Moore, Issaquah",5-10,,,
,1981,"Mary Moore, Issaquah",6-0,,,
,1980,"Debra Larsen, Aberdeen",5-8,,,
,1979,"Sue Burrus, Sammamish",5-7,,,
,1978,"Julie Crosgrove, Sammamish",5-9½,,,
,1977,"Julie Crosgrove, Sammamish",5-8½,,,
,1976,"Maureen Dunn, Sammamish",5-7,,,
,1975,"Maggie Garrison, Ingraham",5-5,,,
,1974,"Mitzi McMillin, West Seattle",5-4,,,
,1973,"Nancy Fondren, Shoreline",5-5¼,,,
,1972,"Marsha Kinney, Ephrata",5-2,,,
,1971,"Susan Brown, Walla Walla",5-2,,,
,1970,"Donna Armstrong, Nathan Hale",5-2,,,
,1969,"Joi Perala, West Valley-Yak",5-4¾,,,
,Class 3A,,,,,
,2024,"Maya Velasquez, Marysville-Pilchuck 11",5-4,,,
,2023,"Atreonia Garner, Spanaway Lake 12",5-3,,,
,2022,"Jayden Smith, Southridge 12",5-5,,,
,2021,No meet,,,,
,2020,No meet,,,,
,2019,"Katie Rhodes, Mt Spokane 12",5-6,,,
,2018,"Katie Rhodes, Mt Spokane 11",5-4,,,
,2017,"Iman Brown, Garfield 12",5-8¾,,,
,2016,"Madison Yerigan, Stanwood 12",5-6,,,
,2015,"Madison Yerigan, Stanwood 11",5-8,,,
,2014,"Andrea Stapleton, Kamiakin 11",5-8,,,
,2013,"Kiana Davis, Kelso 12",5-6,,,
,2012,"Molly Grager, Juanita 12",5-4,,,
,2011,"Olivia Vincent, Holy Names 9",5-7,,,
,2010,"Sasha Weber, Timberline 10",5-8,,,
,2009,"Emily Corona, Shorecrest 10",5-7,,,
,2008,"Taymussa Miller, Hanford 11",5-5,,,
,2007,"Elise Jepsen, Kamiakin 10",5-2,,,
,2006,"Meghan Dahl, Ferndale 12",5-3,,,
,2005,"Meghan Dahl, Ferndale 11",5-5,,,
,2004,"Kara Bennett, Liberty 10",5-6,,,
,2003,"Kayla Mainer, W Valley (Spo) 11",5-5,,,
,2002,"Stacey Cowan, Ferndale 12",5-10,,,
,2001,"Stacey Cowan, Ferndale 11",5-9,,,
,2000,"Angie Jones, Holy Names",5-6,,,
,1999,"Angie Jones, Holy Names",5-8,,,
,1998,"Pauline Hsieh, Newport",5-7,,,
,1997,"Tiffany Hagood, South Whidbey",5-2,,,
,1996,"Tami Standish, Ellensburg",5-5,,,
,1995,"Jamie Sargent, Franklin Pierce",5-4,,,
,1994,"Larissa Norris, Mt. Vernon",5-4,,,
,1993,"Larissa Norris, Mt. Vernon",5-5,,,
,1992,"Kerri McKay, Sehome",5-7,,,
,1991,"Veronica Persons, Monroe",5-6,,,
,1990,"Reagan Lyons, Woodway",5-4,,,
,1989,"Kyann Johnson, Sedro-Woolley",5-4,,,
,1988,"Michelle Hayes, Mark Morris",5-7,,,
,1987,"Kelly Blair, Prosser",5-6,,,
,1986,"Lisa Waltenburg, Chehalis",5-6,,,
,1985,"Michelle Den Hoed, Grandview",5-8,,,
,1984,"Julie Thometz, Eastside Catholic",5-7,,,
,1983,"Michelle Carter, West Valley-Yak",5-7,,,
,1982,"Debra Larsen, Aberdeen",5-8,,,
,1981,"Julie Kurrus, Franklin Pierce",5-7,,,
,1980,"Jennifer Schwartz, Bellingham",5-4,,,
,1979,"Sally McCarthy, Medical Lake",5-8,,,
,1978,"Sally McCarthy, Medical Lake",5-9,,,
,1977,"Sally Layman, Medical Lake",5-5,,,
,1976,"Terrie Goethals, Decatur",5-6,,,
,1975,"Cindy Musgrove, R.A. Long",5-2,,,
,Class 2A,,,,,
,2024,"Clare Turella, Sequim 9",5-2,,,
,2023,"Abi Caprye, Shadle Park 12",5-3,,,
,2022,"Halle Wright, Prosser 12",5-3,,,
,2021,No meet,,,,
,2020,No meet,,,,
,2019,"Nicole Guthrie, Woodland 11",5-4,,,
,2018,"Yareli Ochoa, Lakewood 12",5-4,,,
,2017,"Sarah Retter, Woodland 11",5-4,,,
,2016,"Sara Absten, Burlington-Edison 10",5-4,,,
,2015,"Wurrie Njadoe, Shorecrest 11",5-5,,,
,2014,"Marla Melling, Anacortes 12",5-3,,,
,2013,"Tala Hild, Renton 12",5-4,,,
,2012,"Lauren McCluskey, Pullman 9",5-4,,,
,2011,"Jori Hall, Sehome 11",5-4,,,
,2010,"Kyra Davidson, Hockinson 10",5-2,,,
,2009,"Tasha Luu, Colville 9",5-4,,,
,2008,"Melissa Mauro, West Valley (Spo) 12",5-7¼,,,
,2007,"Melissa Mauro, West Valley (Spo) 11",5-5,,,
,2006,"Mackenzie Johnson, Deer Park 12",5-2,,,
,2005,"Angie Alvord, Meridian 12",5-6,,,
,2004,"McKinnon Hanson, Forks 12",5-7,,,
,2003,"Katy McGillen, South Whidbey 11",5-4,,,
,2002,"Traci Mickle, Ephrata 11",5-4,,,
,2001,"Abby Moe, Chewelah",5-4,,,
,2000,"Jacqueline Manuel, Omak",5-3,,,
,1999,"Cheyanna Brokofsky, Sultan",5-4,,,
,1998,"Karey Frafjord, Montesano",5-4,,,
,Class 1A,,,,,
,2023,"Stephanie Chadduck, Freeman 12",5-3,,,
,2022,"Stephanie Chadduck, Freeman 11",5-3,,,
,2021,No meet,,,,
,2020,No meet,,,,
,2019,"Ellie Saunders, Seton Catholic 11",5-5,,,
,2018,"Sarah Wilensky, La Salle 11",5-4,,,
,2017,"Sienna Swannack, Lakeside (9MiF) 11",5-8,,,
,2016,"Sienna Swannack, Lakeside (9MiF) 10",5-7,,,
,2015,"Shaddia Meadows, Naches Valley 11",5-4,,,
,2014,"Taylor V'Dovec, Blaine 11",5-6,,,
,2013,"Jessica Chrisp, Riverside 12",5-6,,,
,2012,"Maddie Timm, Okanogan 12",5-5,,,
,2011,"Katrina Chamberlain, La Conner 12",5-5,,,
,2010,"Taylor Yoro, Orting 12",5-3,,,
,2009,"Katrina Chamberlain, La Center 10",5-6,,,
,2008,"Kelli Tikker, Lakeside (9MiF) 12",5-2,,,
,2007,"Brittnie Baker, Toledo 12",5-4,,,
,2006,"Brittnie Baker, Toledo 11",5-3,,,
,2005,"Ashley Roady, White Pass 12",5-2,,,
,2004,"Jessica Heidenreich, Lind-Ritz 12",5-3,,,
,2003,"Julie Parsons, Onalaska 12",5-2,,,
,2002,"Julie Parsons, Onalaska 11",5-2,,,
,2001,"Dianna Grossglass, LaConner",5-4,,,
,2000,"Dianna Grossglass, LaConner",5-3,,,
,1999,"Debbie Vanden Hoek, Lynden Chr.",5-0,,,
,1998,"Laura Widman, Colfax",5-4,,,
,1997,"Megan Franza, Cascade",5-8,,,
,1996,"Megan Franza, Cascade",5-9,,,
,1995,"Megan Franza, Cascade",5-9,,,
,1994,"Joanna Wilson, Woodland",5-5,,,
,1993,"Leslie Price, Connell",5-4,,,
,1992,"Leslie Price, Connell",5-5,,,
,1991,"Mirranda Saari, Woodland",5-3,,,
,1990,"Cindy Smith, Kettle Falls",5-5,,,
,1989,"Kelly Blair, Prosser",5-7,,,
,1988,"Kelly Blair, Prosser",5-7,,,
,1987,"Kristen Hovde, Castle Rock",5-4,,,
,1986,"Debbie Fisk, Vashon",5-4,,,
,1985,"Bonnie Mitchell, Charles Wright",5-2,,,
,1984,"Renee Duffie, Foster",5-2,,,
,1983,"Melissa MacNeil, Tolt",5-6,,,
,1982,"Mary Lamb, Omak",5-8,,,
,1981,"Sandy Heinrich, Riverside",5-8,,,
,1980,"Diane Baumann, Onalaska",5-8,,,
,1979,"Carina Westover, Kiona-Benton",5-10¾,,,
,1978,"Carina Westover, Kiona-Benton",5-7,,,
,1977,"Patsy Walker, Yelm",5-8¼,,,
,1976,"Charlene States, Goldendale",5-3,,,
,1975,"Terri Goethals, Decatur",5-7,,,
,1974,"Marsha Kinney, Ephrata",5-3,,,
,1973,"Jan Roylance, Othello",5-2,,,
,Class 2B,,,,,
,2023,"Acacia Murphy, Rainier 10",5-2,,,
,2022,"Kyra Gardner, Raymond 12",5-6,,,
,2021,No meet,,,,
,2020,No meet,,,,
,2019,"Kyra Gardner, Raymond 9",5-6,,,
,2018,"Alyssa Oates, Wilbur-Creston 12",5-2,,,
,2017,"Alyssa Oates, Wilbur-Creston 11",5-2,,,
,2016,"Scout Cai, Colfax 12",5-2,,,
,2015,"Scout Cai, Colfax 11",5-4,,,
,2014,"Makenzie Russell, South Bend 12",5-3,,,
,2013,"Allison Sowers, NW Christian (Lacey) 12",5-6,,,
,2012,"Maddie Magee, Bear Creek 12",5-9,,,
,2011,"Maddie Magee, Bear Creek 11",5-8,,,
,2010,"Maddie Magee, Bear Creek 10",5-5,,,
,2009,"Sarah Doumit, Wahkiakum 12",5-3,,,
,2008,"Sabrina Schwindler, Laconner 12",5-2,,,
,2007,"Kristle Moss, Riverside Christian 12",5-4,,,
,2006,"Kristle Moss, Riverside Christian 11",5-3,,,
,2005,"Whitney Self, Morton 10",5-2,,,
,2004,"Kristle Moss, Riverside Christian 9",5-0,,,
,2003,"Jordan Graeme, Klickitat 12",5-0,,,
,2002,"Karalee Clark, Riverside Christian 10",5-4,,,
,2001,"Karalee Clark, Riverside Christian 9",5-2,,,
,2000,"Danielle Wilcox, Northwest Christian (8th)",5-0,,,
,1999,"Melody Strauss, Mt. Vernon Christian",5-1,,,
,1998,"Christa Graffis, Tekoa-Oakesdale",5-4,,,
,1997,"Danni O’Bannon, Moses Lake Christian",5-2,,,
,1996,"Amy Fitch, Ritzville",5-4,,,
,1995,"Jennifer Stinson, Davenport",5-5,,,
,1994,"Jennifer Stinson, Davenport",5-7,,,
,1993,"Jennifer Stinson, Davenport",5-4,,,
,1992,"Mandy Beck, St. John-Endicott",5-3,,,
,1991,"Shelly Collins, Freeman",5-1,,,
,1990,"Ronalda Dunn, Raymond",5-9,,,
,1989,"Darci Wellsandt, Ritzville",5-5,,,
,1988,"Desiree Leipahan, Reardan",5-5,,,
,1987,"Darci Wellsandt, Ritzville",5-4,,,
,1986,"Jennifer Allison, Manson",5-4,,,
,1985,"Michelle Thomas, Wahkiakum",5-0,,,
,1984,"Karri Lupfer, Dayton",5-2,,,
,Class 1B,,,,,
,2023,"Lily Starkel, Odessa 10",5-2,,,
,2022,"Sayla Pepple, Cascade Chr (Wen) 10",5-0,,,
,2021,No meet,,,,
,2020,No meet,,,,
,2019,"Kaylee Sowle, Mart M Knight 12",5-8,,,
,2018,"Kaylee Sowle, Mary M Knight 11",5-8,,,
,2017,"Kaylee Sowle, Mary M Knight 10",5-6,,,
,2016,"Kaylee Sowle, Mary M Knight 9",5-2,,,
,2015,"Hannah Fields, Valley Chr 11",5-1,,,
,2014,"Lindsay Brown, Bickleton 11",5-0,,,
,2013,"Elaina Thomsen, Waterville 9",5-0,,,
,2012,"Lindsay Loe ,Columbia (Hunters) 12",5-0,,,
,2011,"Lindsay Loe, Columbia (Hunters) 11",5-0,,,
,2010,"Laura Strom, Lopez Island 12",5-2,,,
,2009,"Laura Strom, Lopez Island 11",4-11,,,
,2008,"Laura Strom, Lopez Island 10",5-2,,,
,2007,"Laura Strom, Lopez Island 9",5-0,,,
,Date,Name,Time,,,
,Class 4A,,,,,
,2024,"Jacqueline Jones, Inglemoor 11",12-9,,,
,2023,"Landry Allen, Hanford 10",12-7,,,
,2022,"Isabella Nilsen, Newport (Bellevue) 12",13-1½,,,
,2021,No meet,,,,
,2020,No meet,,,,
,2019,"Ashleigh Helms, Newport (Bellevue) 12",13-0,,,
,2018,"Kim Kramers, Inglemoor 12",12-7½,,,
,2017,"Ellie Talius, Eastlake 10",12-6,,,
,2016,"Caleigh Lofstead, Camas 12",12-3,,,
,2015,"Caleigh Lofstead, Camas 11",12-7,,,
,2014,"Carrie Jacka, Mead 11",12-0,,,
,2013,"Elizabeth Quick, Richland 12",12-0,,,
,2012,"Elizabeth Quick, Richland 11",12-3,,,
,2011,"Eva Perry, Issaquah 11",11-3,,,
,2010,"Tasha Clark, Mead 12",12-0,,,
,2009,"Jessica Christian, Richland 12",11-9,,,
,2008,"Jessica Christian, Richland 11",12-0,,,
,2007,"Melissa Peaslee, Gig Harbor 12",11-9,,,
,2006,"Kjersti Gedde, Olympia 10",11-6,,,
,2005,"Kristi Metzger, Shelton 12",11-0,,,
,2004,"Doria Holbrook, Eisenhower 12",12-0,,,
,2003,"Stevie Marshalek, Kentlake 12",12-6,,,
,2002,"Emily Enders, Snohomish",12-3,,,
,2001,"Sara Rowse, Richland",12-4,,,
,2000,"Brenda Zittle, Bellarmine",10-6,,,
,Class 3A,,,,,
,2024,"Ella McRitchie, Bainbridge 12",14-3,,,
,2023,"Hana Moll, Capital 12",14-7,,,
,2022,"Amanda Moll, Capital 11",14-6,,,
,2021,No meet,,,,
,2020,No meet,,,,
,2019,"Chloe Cunliffe, West Seattle 12",14-0,,,
,2018,"Chloe Cunliffe, West Seattle 11",13-8½,,,
,2017,"Allyson Ely, Edmonds-Woodway 12",12-6,,,
,2016,"Chinne Okoronkow, Mountlake Terrace 12",13-0,,,
,2015,"Chinne Okoronkwo, Mountlake Terrace 11",13-3,,,
,2014,"Marissa Berry, Southridge 11",12-3,,,
,2013,"Courtney Bray, Mt Spokane 12",12-7,,,
,2012,"Jennifer DeBellis, Columbia River 12",12-6,,,
,2011,"Jennifer DeBellis, Columbia River 11",12-6,,,
,2010,"Georgia Reynolds, Mount Si 12",11-0,,,
,2009,"Kaycee Smith, Mt Spokane 12",10-6,,,
,2008,"Kara Kitchens, Kelso 12",11-9,,,
,2007,"Jordan Roskelley, Mt Spokane 12",12-3,,,
,2006,"Laura Schvaneveldt, Interlake 12",12-0,,,
,2005,"Laura Schvaneveldt, Interlake 11",12-0,,,
,2004,"Laura Schvaneveldt, Interlake 10",12-0,,,
,2003,"Alli Moore, Sehome 11",12-2,,,
,2002,"Courtney Doughty, Burlington 10",10-9,,,
,2001,"Tamara Diles, Newport",12-0,,,
,2000,"Ashley Wildhaber, Chehalis",11-3,,,
,Class 2A,,,,,
,2024,"Josie Anselmo, Shadle Park 11",11-0,,,
,2023,"Josie Anselmo, Shadle Park 10",11-0,,,
,2022,"Avril Wilson, Cedarcrest 12",12-6,,,
,2021,No meet,,,,
,2020,No meet,,,,
,2019,"Sophia Van Wormer, Cheney 11",11-6,,,
,2018,"Kelsey Bassett, Granite Falls 12",12-6,,,
,2017,"Madison Licari, Fife 11",11-9,,,
,2016,"Abby Weiler, R.A. Long 12",13-0,,,
,2015,"Kirsten Webber, Squalicum 11",13-3,,,
,2014,"Kirsten Webber, Squalicum 10",13-0,,,
,2013,"Tiffany Richeson, Burlington-Edison 12",12-3,,,
,2012,"Kirsten Webber, Squalicum 9",11-9,,,
,2011,"Bailee Jacka, Deer Park 11",10-9,,,
,2010,"Robin Taylor, Blaine 12",11-3,,,
,2009,"Robin Taylor, Blaine 11",11-0,,,
,2008,"Robin Taylor, Blaine 10",11-3,,,
,2007,"Heidi Dorling, Black Hills 12",12-0,,,
,2006,"Ali Forsyth, Lakeside (9mi) 11",10-6,,,
,2005,"Ali Forsyth, Lakeside (9mi) 10",9-9,,,
,2004,"Stephanie Whitsel, Chelan 12",11-3,,,
,2003,"Stephanie Whitsel, Chelan 11",10-9,,,
,2002,"Stephanie Whitsel, Chelan 10",10-6,,,
,2001,"Andrea McGillen, South Whidbey",10-9,,,
,2000,"Whitney Omlin, Quincy",10-9,,,
,Class 1A,,,,,
,2023,"Regan Parnell, King's 12",10-6,,,
,2022,"Regan Parnell, King's 11",10-0,,,
,2021,No meet,,,,
,2020,No meet,,,,
,2019,"Julia Armstrong, Cascade (Leav) 12",11-3,,,
,2018,"Hana Hill, Lakeside (9Mi) 9",12-6,,,
,2017,"Elli Kimes, Cashmere 12",12-3,,,
,2016,"Ellie Kimes, Cashmere 11",13-0½,,,
,2015,"Samantha Blake, Lakeside (9Mi) 11",11-9,,,
,2014,"Olivia Adams, Blaine 11",11-6,,,
,2013,"Olivia Adams, Blaine 10",11-0,,,
,2012,"Anandae Clark, Lakeside 12",12-7,,,
,2011,"Anandae Egland, Lakeside (9 mi) 10",11-6,,,
,2010,"Anandae Clark, Lakeside 10",10-6,,,
,2009,"Anandae Egland, Lakeside 9",10-9,,,
,2008,"Alice Meroni, Kiona-Benton 12",10-0,,,
,2007,"Loreah Winlow, Lakeside (9mi) 11",11-3,,,
,2006,"Valan Calvo, Cedar Park Chr 10",10-6,,,
,2005,"Maria Savoca, Rainier 12",10-3,,,
,2004,"Maria Savoca, Rainier 11",9-9,,,
,2003,"Audrea Nolan, Seattle Academy 12",10-6,,,
,2002,"Jessica Sines, Freeman 11",10-0,,,
,2001,"Jessica Sines, Freeman 10",8-9,,,
,2000,"Becca Gillespy, King's",9-4,,,
,Class 2B,,,,,
,2023,"Ella Marvin, Rainier 10",9-9,,,
,2022,"Sydney Kinch, Lind-Ritzville 12",10-0,,,
,2021,No meet,,,,
,2020,No meet,,,,
,2019,"Brooke Friese, Willapa Valley 12",11-0,,,
,2018,"Tawni Blankenship, North Beach 12",11-0,,,
,2017,"Tawni Blankenship, North Beach 11",11-0,,,
,2016,"Scout Cai, Colfax 12",12-4,,,
,2015,"Scout Cai, Colfax 11",11-6,,,
,2014,"Scout Cai, Colfax 10",11-0,,,
,2013,"Lauren Friese, Willapa Valley 11",9-6,,,
,2012,"Michaela Huber, Willapa Valley 11",9-6,,,
,2011,"Kylie Whitener, Mt Vernon Chr 12",9-3,,,
,2010,"Colleen Newell, La Salle 11",9-6,,,
,2009,"Kari Hunt, Vancouver Chr 12",8-9,,,
,2008,"Haleigh Raymond, Willapa Valley 12",10-0,,,
,2007,"Chelsi Friese, Willapa Valley 12",11-9,,,
,2006,"Chelsi Friese, Willapa Valley 11",11-3,,,
,2005,"Chelsi Friese, Willapa Valley 10",9-9,,,
,2004,"Samantha Frazzin, Morton 12",9-0,,,
,2003,"Brittny Gudmunson, MtVernon Chr 12",9-9,,,
,2002,"Tina Terry, Valley Christian 12",10-3,,,
,2001,"Kayla Kennedy, Ritzville",9-3,,,
,2000,"Carly Goltiani, Kittitas",9-6,,,
,Class 1B,,,,,
,2023,"Lauren McGough, Willapa Valley 12",12-3,,,
,2022,"Lauren McGough, Willapa Valley 11",10-6,,,
,2021,No meet,,,,
,2020,No meet,,,,
,2019,"Brooklyn Emerson, Glenwood 11",9-9,,,
,2018,"Sydney Watko, Pomeroy 10",9-3,,,
,2017,"Sydney Watko, Pomeroy 9",8-9,,,
,2016,"Lanessa Simon, Odessa-Harrington 12",9-9,,,
,2015,"Melyssa Whitener, Mt Vernon Chr 12",10-3,,,
,2014,"Melyssa Whitener, Mt Vernon Chr 11",8-6,,,
,2013,"Jamie Venema, Bickleton 12",8-6,,,
,2012,"Jamie Venema, Bickleton 11",8-0,,,
,2011,"Brielle Hocking, Pomeroy 12",9-6,,,
,2010,"McKenzie Zoller, Ttout Lake-Glenwood 12",9-0,,,
,2009,"McKenzie Zoller, Trout Lake-Glenwood 11",9-0,,,
,2008,"Kindra VanLaar, Trout Lake-Glenwood 12",9-6,,,
,2007,"Kindra VanLaar, Trout Lake-Glenwood 11",8-6,,,
