"State","Year","Gender","Event","Class","Mark"
"Ohio","2001","Boys","100m","Division I","10.79"
"Ohio","2001","Boys","Pole Vault","Division I","15'00.00"""
"Ohio","2001","Boys","800m","Division I","1:48.93"
"Ohio","2001","Boys","High Jump","Division I","6'07.00"""
"Ohio","2001","Girls","100m","Division I","11.68"
"Ohio","2001","Girls","800m","Division I","2:10.05"
"Ohio","2001","Girls","High Jump","Division I","5'09.00"""
"Ohio","2001","Boys","100m","Division II","11.28"
"Ohio","2001","Boys","Pole Vault","Division II","15'03.00"""
"Ohio","2001","Boys","800m","Division II","1:53.33"
"Ohio","2001","Boys","High Jump","Division II","6'05.00"""
"Ohio","2001","Girls","100m","Division II","12.71"
"Ohio","2001","Girls","800m","Division II","2:12.05"
"Ohio","2001","Girls","High Jump","Division II","5'07.00"""
"Ohio","2001","Boys","100m","Division III","11.14"
"Ohio","2001","Boys","Pole Vault","Division III","14'09.00"""
"Ohio","2001","Boys","800m","Division III","1:53.76"
"Ohio","2001","Boys","High Jump","Division III","6'08.00"""
"Ohio","2001","Girls","100m","Division III","12.34"
"Ohio","2001","Girls","800m","Division III","2:14.06"
"Ohio","2001","Girls","High Jump","Division III","5'04.00"""
"Ohio","2002","Boys","100m","Division I","10.83"
"Ohio","2002","Boys","1600m","Division I","4:14.37"
"Ohio","2002","Boys","800m","Division I","1:54.55"
"Ohio","2002","Boys","High Jump","Division I","6'08.00"""
"Ohio","2002","Boys","Pole Vault","Division I","15'06.00"""
"Ohio","2002","Girls","100m","Division I","12.02"
"Ohio","2002","Girls","1600m","Division I","4:51.39"
"Ohio","2002","Girls","800m","Division I","2:11.24"
"Ohio","2002","Girls","High Jump","Division I","5'08.00"""
"Ohio","2002","Girls","Pole Vault","Division I","11'00.00"""
"Ohio","2002","Boys","100m","Division II","10.96"
"Ohio","2002","Boys","1600m","Division II","4:16.07"
"Ohio","2002","Boys","800m","Division II","1:53.04"
"Ohio","2002","Boys","High Jump","Division II","6'06.00"""
"Ohio","2002","Boys","Pole Vault","Division II","15'09.00"""
"Ohio","2002","Girls","100m","Division II","12.35"
"Ohio","2002","Girls","1600m","Division II","5:02.95"
"Ohio","2002","Girls","800m","Division II","2:12.51"
"Ohio","2002","Girls","High Jump","Division II","5'05.00"""
"Ohio","2002","Girls","Pole Vault","Division II","10'03.00"""
"Ohio","2002","Boys","100m","Division III","11.10"
"Ohio","2002","Boys","1600m","Division III","4:21.14"
"Ohio","2002","Boys","800m","Division III","1:58.19"
"Ohio","2002","Boys","High Jump","Division III","6'06.00"""
"Ohio","2002","Boys","Pole Vault","Division III","14'06.00"""
"Ohio","2002","Girls","100m","Division III","12.43"
"Ohio","2002","Girls","1600m","Division III","5:03.61"
"Ohio","2002","Girls","800m","Division III","2:15.92"
"Ohio","2002","Girls","High Jump","Division III","5'06.00"""
"Ohio","2002","Girls","Pole Vault","Division III","9'09.00"""
"Ohio","2003","Boys","100m","Division I","10.66"
"Ohio","2003","Boys","1600m","Division I","4:06.81"
"Ohio","2003","Boys","800m","Division I","1:50.64"
"Ohio","2003","Boys","High Jump","Division I","6-09.00"
"Ohio","2003","Boys","Pole Vault","Division I","15-08.00"
"Ohio","2003","Girls","100m","Division I","11.72"
"Ohio","2003","Girls","1600m","Division I","4:49.40"
"Ohio","2003","Girls","800m","Division I","2:12.52"
"Ohio","2003","Girls","High Jump","Division I","5-07.00"
"Ohio","2003","Girls","Pole Vault","Division I","11-02.00"
"Ohio","2003","Boys","100m","Division II","10.92"
"Ohio","2003","Boys","1600m","Division II","4:15.62"
"Ohio","2003","Boys","800m","Division II","1:55.08"
"Ohio","2003","Boys","High Jump","Division II","6-10.00"
"Ohio","2003","Boys","Pole Vault","Division II","15-02.00"
"Ohio","2003","Girls","100m","Division II","11.89"
"Ohio","2003","Girls","1600m","Division II","4:55.70"
"Ohio","2003","Girls","800m","Division II","2:13.99"
"Ohio","2003","Girls","High Jump","Division II","5-06.00"
"Ohio","2003","Girls","Pole Vault","Division II","10-08.00"
"Ohio","2003","Boys","100m","Division III","11.06"
"Ohio","2003","Boys","1600m","Division III","4:21.99"
"Ohio","2003","Boys","800m","Division III","1:54.35"
"Ohio","2003","Boys","High Jump","Division III","6-06.00"
"Ohio","2003","Boys","Pole Vault","Division III","14-00.00"
"Ohio","2003","Girls","100m","Division III","12.26"
"Ohio","2003","Girls","1600m","Division III","4:53.69"
"Ohio","2003","Girls","800m","Division III","2:14.69"
"Ohio","2003","Girls","High Jump","Division III","5-07.00"
"Ohio","2003","Girls","Pole Vault","Division III","10-10.00"
"Ohio","2004","Boys","100m","Division I","10.81"
"Ohio","2004","Boys","1600m","Division I","4:14.00"
"Ohio","2004","Boys","800m","Division I","1:53.35"
"Ohio","2004","Boys","High Jump","Division I","6-10.00"
"Ohio","2004","Boys","Pole Vault","Division I","14-09.00"
"Ohio","2004","Girls","100m","Division I","11.88"
"Ohio","2004","Girls","1600m","Division I","4:47.79"
"Ohio","2004","Girls","800m","Division I","2:10.83"
"Ohio","2004","Girls","High Jump","Division I","5-08.00"
"Ohio","2004","Girls","Pole Vault","Division I","12-00.00"
"Ohio","2004","Boys","100m","Division II","10.87"
"Ohio","2004","Boys","1600m","Division II","4:20.27"
"Ohio","2004","Boys","800m","Division II","1:54.41"
"Ohio","2004","Boys","High Jump","Division II","6-10.00"
"Ohio","2004","Boys","Pole Vault","Division II","14-09.00"
"Ohio","2004","Girls","100m","Division II","11.83"
"Ohio","2004","Girls","1600m","Division II","4:53.87"
"Ohio","2004","Girls","800m","Division II","2:14.15"
"Ohio","2004","Girls","High Jump","Division II","5-06.00"
"Ohio","2004","Girls","Pole Vault","Division II","11-06.00"
"Ohio","2004","Boys","100m","Division III","11.04"
"Ohio","2004","Boys","1600m","Division III","4:17.43"
"Ohio","2004","Boys","800m","Division III","1:54.20"
"Ohio","2004","Boys","High Jump","Division III","6-06.00"
"Ohio","2004","Boys","Pole Vault","Division III","14-08.00"
"Ohio","2004","Girls","100m","Division III","11.81"
"Ohio","2004","Girls","1600m","Division III","4:48.20"
"Ohio","2004","Girls","800m","Division III","2:16.78"
"Ohio","2004","Girls","High Jump","Division III","5-06.00"
"Ohio","2004","Girls","Pole Vault","Division III","11-06.00"
"Ohio","2005","Boys","100m","Division I","10.86"
"Ohio","2005","Boys","1600m","Division I","4:11.20"
"Ohio","2005","Boys","800m","Division I","1:51.18"
"Ohio","2005","Boys","High Jump","Division I","6-07.00"
"Ohio","2005","Boys","Pole Vault","Division I","15-00.00"
"Ohio","2005","Girls","100m","Division I","12.13"
"Ohio","2005","Girls","1600m","Division I","4:45.68"
"Ohio","2005","Girls","800m","Division I","2:11.31"
"Ohio","2005","Girls","High Jump","Division I","5-08.00"
"Ohio","2005","Girls","Pole Vault","Division I","11-03.00"
"Ohio","2005","Boys","100m","Division II","10.93"
"Ohio","2005","Boys","1600m","Division II","4:16.10"
"Ohio","2005","Boys","800m","Division II","1:52.74"
"Ohio","2005","Boys","High Jump","Division II","6-09.00"
"Ohio","2005","Boys","Pole Vault","Division II","15-03.00"
"Ohio","2005","Girls","100m","Division II","12.01"
"Ohio","2005","Girls","1600m","Division II","5:02.36"
"Ohio","2005","Girls","800m","Division II","2:14.26"
"Ohio","2005","Girls","High Jump","Division II","5-06.00"
"Ohio","2005","Girls","Pole Vault","Division II","11-06.00"
"Ohio","2005","Boys","100m","Division III","11.25"
"Ohio","2005","Boys","1600m","Division III","4:17.55"
"Ohio","2005","Boys","800m","Division III","1:53.33"
"Ohio","2005","Boys","High Jump","Division III","6-09.00"
"Ohio","2005","Boys","Pole Vault","Division III","14-09.00"
"Ohio","2005","Girls","100m","Division III","12.37"
"Ohio","2005","Girls","1600m","Division III","5:10.87"
"Ohio","2005","Girls","800m","Division III","2:18.16"
"Ohio","2005","Girls","High Jump","Division III","5-06.00"
"Ohio","2005","Girls","Pole Vault","Division III","11-03.00"
"Ohio","2006","Boys","100m","Division I","10.50"
"Ohio","2006","Boys","1600m","Division I","4:17.26"
"Ohio","2006","Boys","800m","Division I","1:52.82"
"Ohio","2006","Boys","High Jump","Division I","6-08.00"
"Ohio","2006","Boys","Pole Vault","Division I","15-00.00"
"Ohio","2006","Girls","100m","Division I","11.76"
"Ohio","2006","Girls","1600m","Division I","4:51.19"
"Ohio","2006","Girls","800m","Division I","2:10.28"
"Ohio","2006","Girls","High Jump","Division I","5-09.00"
"Ohio","2006","Girls","Pole Vault","Division I","12-00.00"
"Ohio","2006","Boys","100m","Division II","10.72"
"Ohio","2006","Boys","1600m","Division II","4:16.37"
"Ohio","2006","Boys","800m","Division II","1:54.44"
"Ohio","2006","Boys","High Jump","Division II","6-08.00"
"Ohio","2006","Boys","Pole Vault","Division II","14-09.00"
"Ohio","2006","Girls","100m","Division II","12.06"
"Ohio","2006","Girls","1600m","Division II","4:56.17"
"Ohio","2006","Girls","800m","Division II","2:11.22"
"Ohio","2006","Girls","High Jump","Division II","5-05.00"
"Ohio","2006","Girls","Pole Vault","Division II","11-09.00"
"Ohio","2006","Boys","100m","Division III","10.76"
"Ohio","2006","Boys","1600m","Division III","4:16.54"
"Ohio","2006","Boys","800m","Division III","1:54.19"
"Ohio","2006","Boys","High Jump","Division III","6-05.00"
"Ohio","2006","Boys","Pole Vault","Division III","15-03.00"
"Ohio","2006","Girls","100m","Division III","12.04"
"Ohio","2006","Girls","1600m","Division III","5:01.79"
"Ohio","2006","Girls","800m","Division III","2:14.06"
"Ohio","2006","Girls","High Jump","Division III","5-08.00"
"Ohio","2006","Girls","Pole Vault","Division III","11-09.00"
"Ohio","2007","Boys","100m","Division I","10.75"
"Ohio","2007","Boys","1600m","Division I","4:09.89"
"Ohio","2007","Boys","800m","Division I","1:53.10"
"Ohio","2007","Boys","High Jump","Division I","6-09.00"
"Ohio","2007","Boys","Pole Vault","Division I","15-04.00"
"Ohio","2007","Girls","100m","Division I","12.08"
"Ohio","2007","Girls","1600m","Division I","4:41.37"
"Ohio","2007","Girls","800m","Division I","2:08.63"
"Ohio","2007","Girls","High Jump","Division I","5-09.00"
"Ohio","2007","Girls","Pole Vault","Division I","12-01.00"
"Ohio","2007","Boys","100m","Division II","10.80"
"Ohio","2007","Boys","1600m","Division II","4:08.41"
"Ohio","2007","Boys","800m","Division II","1:52.76"
"Ohio","2007","Boys","High Jump","Division II","6-05.00"
"Ohio","2007","Boys","Pole Vault","Division II","16-00.00"
"Ohio","2007","Girls","100m","Division II","12.33"
"Ohio","2007","Girls","1600m","Division II","4:59.16"
"Ohio","2007","Girls","800m","Division II","2:11.96"
"Ohio","2007","Girls","High Jump","Division II","5-07.00"
"Ohio","2007","Girls","Pole Vault","Division II","12-04.00"
"Ohio","2007","Boys","100m","Division III","10.96"
"Ohio","2007","Boys","1600m","Division III","4:16.37"
"Ohio","2007","Boys","800m","Division III","1:51.54"
"Ohio","2007","Boys","High Jump","Division III","6-06.00"
"Ohio","2007","Boys","Pole Vault","Division III","15-04.00"
"Ohio","2007","Girls","100m","Division III","12.40"
"Ohio","2007","Girls","1600m","Division III","4:45.21"
"Ohio","2007","Girls","800m","Division III","2:12.39"
"Ohio","2007","Girls","High Jump","Division III","5-05.00"
"Ohio","2007","Girls","Pole Vault","Division III","12-04.00"
"Ohio","2008","Boys","100m","Division I","10.77"
"Ohio","2008","Boys","1600m","Division I","4:15.90"
"Ohio","2008","Boys","800m","Division I","1:51.54"
"Ohio","2008","Boys","High Jump","Division I","7-00.00"
"Ohio","2008","Boys","Pole Vault","Division I","15-04.00"
"Ohio","2008","Girls","100m","Division I","11.78"
"Ohio","2008","Girls","1600m","Division I","4:47.31"
"Ohio","2008","Girls","800m","Division I","2:09.12"
"Ohio","2008","Girls","High Jump","Division I","5-09.00"
"Ohio","2008","Girls","Pole Vault","Division I","12-04.00"
"Ohio","2008","Girls","Pole Vault","Division I","12-04.00"
"Ohio","2008","Boys","100m","Division II","11.03"
"Ohio","2008","Boys","1600m","Division II","4:12.44"
"Ohio","2008","Boys","800m","Division II","1:50.77"
"Ohio","2008","Boys","High Jump","Division II","7-01.50"
"Ohio","2008","Boys","Pole Vault","Division II","14-08.00"
"Ohio","2008","Girls","100m","Division II","12.39"
"Ohio","2008","Girls","100m","Division II","12.39"
"Ohio","2008","Girls","1600m","Division II","5:02.42"
"Ohio","2008","Girls","800m","Division II","2:16.23"
"Ohio","2008","Girls","High Jump","Division II","5-07.00"
"Ohio","2008","Girls","High Jump","Division II","5-07.00"
"Ohio","2008","Girls","Pole Vault","Division II","12-04.00"
"Ohio","2008","Boys","100m","Division III","11.01"
"Ohio","2008","Boys","1600m","Division III","4:20.65"
"Ohio","2008","Boys","800m","Division III","1:52.54"
"Ohio","2008","Boys","High Jump","Division III","6-10.00"
"Ohio","2008","Boys","Pole Vault","Division III","16-01.50"
"Ohio","2008","Girls","100m","Division III","12.33"
"Ohio","2008","Girls","1600m","Division III","4:49.58"
"Ohio","2008","Girls","800m","Division III","2:09.87"
"Ohio","2008","Girls","High Jump","Division III","5-08.25"
"Ohio","2008","Girls","Pole Vault","Division III","12-05.00"
"Ohio","2010","Boys","100m","Division I","10.64"
"Ohio","2010","Boys","1600m","Division I","4:09.44"
"Ohio","2010","Boys","800m","Division I","1:51.15"
"Ohio","2010","Boys","High Jump","Division I","6-08.00"
"Ohio","2010","Boys","Pole Vault","Division I","16-09.00"
"Ohio","2010","Girls","100m","Division I","11.74"
"Ohio","2010","Girls","1600m","Division I","4:47.37"
"Ohio","2010","Girls","800m","Division I","2:10.36"
"Ohio","2010","Girls","High Jump","Division I","5-11.00"
"Ohio","2010","Girls","Pole Vault","Division I","12-00.00"
"Ohio","2010","Boys","100m","Division II","11.00"
"Ohio","2010","Boys","1600m","Division II","4:17.48"
"Ohio","2010","Boys","800m","Division II","1:52.03"
"Ohio","2010","Boys","High Jump","Division II","6-06.00"
"Ohio","2010","Boys","Pole Vault","Division II","15-08.00"
"Ohio","2010","Girls","100m","Division II","11.97"
"Ohio","2010","Girls","1600m","Division II","5:00.25"
"Ohio","2010","Girls","800m","Division II","2:08.91"
"Ohio","2010","Girls","High Jump","Division II","5-07.00"
"Ohio","2010","Girls","Pole Vault","Division II","12-06.00"
"Ohio","2010","Boys","100m","Division III","11.02"
"Ohio","2010","Boys","1600m","Division III","4:15.76"
"Ohio","2010","Boys","800m","Division III","1:52.57"
"Ohio","2010","Boys","High Jump","Division III","6-07.00"
"Ohio","2010","Boys","Pole Vault","Division III","15-07.00"
"Ohio","2010","Girls","100m","Division III","12.16"
"Ohio","2010","Girls","1600m","Division III","4:57.50"
"Ohio","2010","Girls","800m","Division III","2:12.62"
"Ohio","2010","Girls","High Jump","Division III","5-07.00"
"Ohio","2010","Girls","Pole Vault","Division III","12-03.00"
"Ohio","2011","Boys","100m","Division I","10.74"
"Ohio","2011","Boys","1600m","Division I","4:09.32"
"Ohio","2011","Boys","800m","Division I","1:51.94"
"Ohio","2011","Boys","High Jump","Division I","7-00.00"
"Ohio","2011","Boys","Pole Vault","Division I","17-00.00"
"Ohio","2011","Girls","100m","Division I","11.82"
"Ohio","2011","Girls","1600m","Division I","4:48.10"
"Ohio","2011","Girls","800m","Division I","2:07.35"
"Ohio","2011","Girls","High Jump","Division I","6-01.25"
"Ohio","2011","Girls","Pole Vault","Division I","12-02.00"
"Ohio","2011","Boys","100m","Division II","10.88"
"Ohio","2011","Boys","1600m","Division II","4:16.48"
"Ohio","2011","Boys","800m","Division II","1:51.44"
"Ohio","2011","Boys","High Jump","Division II","6-08.00"
"Ohio","2011","Boys","Pole Vault","Division II","14-09.00"
"Ohio","2011","Girls","100m","Division II","12.19"
"Ohio","2011","Girls","1600m","Division II","5:01.25"
"Ohio","2011","Girls","800m","Division II","2:12.25"
"Ohio","2011","Girls","High Jump","Division II","5-06.00"
"Ohio","2011","Girls","Pole Vault","Division II","11-09.00"
"Ohio","2011","Boys","100m","Division III","11.05"
"Ohio","2011","Boys","1600m","Division III","4:16.85"
"Ohio","2011","Boys","800m","Division III","1:52.07"
"Ohio","2011","Boys","High Jump","Division III","7-00.00"
"Ohio","2011","Boys","Pole Vault","Division III","15-06.00"
"Ohio","2011","Girls","100m","Division III","12.42"
"Ohio","2011","Girls","1600m","Division III","5:03.84"
"Ohio","2011","Girls","800m","Division III","2:13.75"
"Ohio","2011","Girls","High Jump","Division III","5-06.00"
"Ohio","2011","Girls","Pole Vault","Division III","12-08.00"
"Ohio","2009","Boys","100m","Division I","10.90"
"Ohio","2009","Boys","1600m","Division I","4:10.57"
"Ohio","2009","Boys","800m","Division I","1:51.36"
"Ohio","2009","Boys","High Jump","Division I","7-01.00"
"Ohio","2009","Boys","Pole Vault","Division I","15-09.00"
"Ohio","2009","Girls","100m","Division I","12.04"
"Ohio","2009","Girls","1600m","Division I","4:49.18"
"Ohio","2009","Girls","800m","Division I","2:10.79"
"Ohio","2009","Girls","High Jump","Division I","5-09.00"
"Ohio","2009","Girls","Pole Vault","Division I","12-08.00"
"Ohio","2009","Boys","100m","Division II","10.97"
"Ohio","2009","Boys","1600m","Division II","4:16.43"
"Ohio","2009","Boys","800m","Division II","1:51.44"
"Ohio","2009","Boys","High Jump","Division II","6-07.00"
"Ohio","2009","Boys","Pole Vault","Division II","15-03.00"
"Ohio","2009","Girls","100m","Division II","12.05"
"Ohio","2009","Girls","1600m","Division II","5:00.71"
"Ohio","2009","Girls","800m","Division II","2:16.01"
"Ohio","2009","Girls","High Jump","Division II","5-04.00"
"Ohio","2009","Girls","Pole Vault","Division II","12-00.00"
"Ohio","2009","Boys","100m","Division III","11.11"
"Ohio","2009","Boys","1600m","Division III","4:20.76"
"Ohio","2009","Boys","800m","Division III","1:52.86"
"Ohio","2009","Boys","High Jump","Division III","6-10.00"
"Ohio","2009","Boys","Pole Vault","Division III","15-00.00"
"Ohio","2009","Girls","100m","Division III","12.05"
"Ohio","2009","Girls","1600m","Division III","4:50.93"
"Ohio","2009","Girls","800m","Division III","2:09.77"
"Ohio","2009","Girls","High Jump","Division III","5-07.00"
"Ohio","2009","Girls","Pole Vault","Division III","11-08.00"
"Ohio","2012","Boys","100m","Division I","10.76"
"Ohio","2012","Boys","1600m","Division I","4:14.03"
"Ohio","2012","Boys","800m","Division I","1:51.09"
"Ohio","2012","Boys","High Jump","Division I","6-07.00"
"Ohio","2012","Boys","Pole Vault","Division I","17-02.00"
"Ohio","2012","Girls","100m","Division I","11.95"
"Ohio","2012","Girls","1600m","Division I","4:49.61"
"Ohio","2012","Girls","800m","Division I","2:08.05"
"Ohio","2012","Girls","High Jump","Division I","5-09.00"
"Ohio","2012","Girls","Pole Vault","Division I","12-05.00"
"Ohio","2012","Boys","100m","Division II","10.98"
"Ohio","2012","Boys","1600m","Division II","4:10.33"
"Ohio","2012","Boys","800m","Division II","1:54.01"
"Ohio","2012","Boys","High Jump","Division II","6-07.00"
"Ohio","2012","Boys","Pole Vault","Division II","16-01.00"
"Ohio","2012","Girls","100m","Division II","12.06"
"Ohio","2012","Girls","1600m","Division II","5:00.97"
"Ohio","2012","Girls","800m","Division II","2:12.17"
"Ohio","2012","Girls","High Jump","Division II","5-05.00"
"Ohio","2012","Girls","Pole Vault","Division II","13-01.00"
"Ohio","2012","Boys","100m","Division III","11.18"
"Ohio","2012","Boys","1600m","Division III","4:12.93"
"Ohio","2012","Boys","800m","Division III","1:53.29"
"Ohio","2012","Boys","High Jump","Division III","6-04.00"
"Ohio","2012","Boys","Pole Vault","Division III","15-00.00"
"Ohio","2012","Girls","100m","Division III","12.37"
"Ohio","2012","Girls","1600m","Division III","4:58.31"
"Ohio","2012","Girls","800m","Division III","2:14.12"
"Ohio","2012","Girls","High Jump","Division III","5-05.00"
"Ohio","2012","Girls","Pole Vault","Division III","12-04.00"
"Ohio","2013","Boys","100m","Division I","10.68"
"Ohio","2013","Boys","1600m","Division I","4:08.21"
"Ohio","2013","Boys","800m","Division I","1:51.58"
"Ohio","2013","Boys","High Jump","Division I","6-10.25"
"Ohio","2013","Boys","Pole Vault","Division I","16-00.00"
"Ohio","2013","Girls","100m","Division I","11.98"
"Ohio","2013","Girls","1600m","Division I","4:51.23"
"Ohio","2013","Girls","800m","Division I","2:10.13"
"Ohio","2013","Girls","High Jump","Division I","5-07.00"
"Ohio","2013","Girls","Pole Vault","Division I","13-00.25"
"Ohio","2013","Boys","100m","Division II","10.81"
"Ohio","2013","Boys","1600m","Division II","4:14.00"
"Ohio","2013","Boys","800m","Division II","1:52.32"
"Ohio","2013","Boys","High Jump","Division II","6-10.00"
"Ohio","2013","Boys","Pole Vault","Division II","15-09.00"
"Ohio","2013","Girls","100m","Division II","11.90"
"Ohio","2013","Girls","1600m","Division II","4:55.26"
"Ohio","2013","Girls","800m","Division II","2:11.80"
"Ohio","2013","Girls","High Jump","Division II","5' 5"""
"Ohio","2013","Girls","Pole Vault","Division II","12-05.25"
"Ohio","2013","Boys","100m","Division III","10.88"
"Ohio","2013","Boys","1600m","Division III","4:11.72"
"Ohio","2013","Boys","800m","Division III","1:53.74"
"Ohio","2013","Boys","High Jump","Division III","6-06.00"
"Ohio","2013","Boys","Pole Vault","Division III","15-03.00"
"Ohio","2013","Girls","100m","Division III","12.32"
"Ohio","2013","Girls","1600m","Division III","4:57.88"
"Ohio","2013","Girls","800m","Division III","2:15.02"
"Ohio","2013","Girls","High Jump","Division III","5-05.00"
"Ohio","2013","Girls","Pole Vault","Division III","11-09.00"
"Ohio","2014","Girls","100m","Division I","11.90"
"Ohio","2014","Boys","100m","Division I","10.53"
"Ohio","2014","Girls","1600m","Division I","4:56.83"
"Ohio","2014","Boys","1600m","Division I","4:07.96"
"Ohio","2014","Girls","800m","Division I","2:09.55"
"Ohio","2014","Boys","800m","Division I","1:51.59"
"Ohio","2014","Girls","High Jump","Division I","5-08.00"
"Ohio","2014","Boys","High Jump","Division I","6-10.00"
"Ohio","2014","Girls","Pole Vault","Division I","12-10.25"
"Ohio","2014","Boys","Pole Vault","Division I","15-10.00"
"Ohio","2014","Girls","100m","Division II","12.15"
"Ohio","2014","Boys","100m","Division II","10.83"
"Ohio","2014","Girls","1600m","Division II","4:49.53"
"Ohio","2014","Boys","1600m","Division II","4:18.44"
"Ohio","2014","Girls","800m","Division II","2:09.25"
"Ohio","2014","Boys","800m","Division II","1:52.59"
"Ohio","2014","Girls","High Jump","Division II","5-08.00"
"Ohio","2014","Boys","High Jump","Division II","6-10.00"
"Ohio","2014","Girls","Pole Vault","Division II","13-04.25"
"Ohio","2014","Boys","Pole Vault","Division II","16-02.00"
"Ohio","2014","Girls","100m","Division III","12.30"
"Ohio","2014","Boys","100m","Division III","10.94"
"Ohio","2014","Girls","1600m","Division III","5:02.98"
"Ohio","2014","Boys","1600m","Division III","4:16.27"
"Ohio","2014","Girls","800m","Division III","2:14.30"
"Ohio","2014","Boys","800m","Division III","1:53.05"
"Ohio","2014","Girls","High Jump","Division III","5-06.00"
"Ohio","2014","Boys","High Jump","Division III","6-08.00"
"Ohio","2014","Girls","Pole Vault","Division III","12-00.00"
"Ohio","2014","Boys","Pole Vault","Division III","15-00.00"
"Ohio","2015","Girls","100m","Division I","11.85"
"Ohio","2015","Boys","100m","Division I","10.66"
"Ohio","2015","Girls","1600m","Division I","4:48.39"
"Ohio","2015","Boys","1600m","Division I","4:12.16"
"Ohio","2015","Girls","800m","Division I","2:07.27"
"Ohio","2015","Boys","800m","Division I","1:51.16"
"Ohio","2015","Girls","High Jump","Division I","5-09.00"
"Ohio","2015","Boys","High Jump","Division I","6-10.00"
"Ohio","2015","Girls","Pole Vault","Division I","13-06.00"
"Ohio","2015","Boys","Pole Vault","Division I","16-04.00"
"Ohio","2015","Girls","100m","Division II","11.68"
"Ohio","2015","Boys","100m","Division II","10.66"
"Ohio","2015","Girls","1600m","Division II","4:53.08"
"Ohio","2015","Boys","1600m","Division II","4:07.12"
"Ohio","2015","Girls","800m","Division II","2:13.76"
"Ohio","2015","Boys","800m","Division II","1:54.53"
"Ohio","2015","Girls","High Jump","Division II","5-07.00"
"Ohio","2015","Boys","High Jump","Division II","6-10.00"
"Ohio","2015","Girls","Pole Vault","Division II","12-08.00"
"Ohio","2015","Boys","Pole Vault","Division II","16-06.25"
"Ohio","2015","Girls","100m","Division III","12.20"
"Ohio","2015","Boys","100m","Division III","10.55"
"Ohio","2015","Girls","1600m","Division III","4:58.87"
"Ohio","2015","Boys","1600m","Division III","4:17.78"
"Ohio","2015","Girls","800m","Division III","2:16.07"
"Ohio","2015","Boys","800m","Division III","1:54.02"
"Ohio","2015","Girls","High Jump","Division III","5-08.00"
"Ohio","2015","Boys","High Jump","Division III","6-08.00"
"Ohio","2015","Girls","Pole Vault","Division III","12-04.00"
"Ohio","2015","Boys","Pole Vault","Division III","15-08.00"
"Ohio","2016","Girls","100m","Division I","11.87"
"Ohio","2016","Boys","100m","Division I","10.86"
"Ohio","2016","Girls","1600m","Division I","4:53.08"
"Ohio","2016","Boys","1600m","Division I","4:09.24"
"Ohio","2016","Girls","800m","Division I","2:07.42"
"Ohio","2016","Boys","800m","Division I","1:49.16"
"Ohio","2016","Girls","High Jump","Division I","5-07.00"
"Ohio","2016","Boys","High Jump","Division I","6-10.00"
"Ohio","2016","Girls","Pole Vault","Division I","13-04.00"
"Ohio","2016","Boys","Pole Vault","Division I","16-08.00"
"Ohio","2016","Girls","100m","Division II","11.98"
"Ohio","2016","Boys","100m","Division II","10.77"
"Ohio","2016","Girls","1600m","Division II","4:55.30"
"Ohio","2016","Boys","1600m","Division II","4:05.62"
"Ohio","2016","Girls","800m","Division II","2:09.76"
"Ohio","2016","Boys","800m","Division II","1:53.38"
"Ohio","2016","Girls","High Jump","Division II","5-07.00"
"Ohio","2016","Boys","High Jump","Division II","6-10.00"
"Ohio","2016","Girls","Pole Vault","Division II","11-09.00"
"Ohio","2016","Boys","Pole Vault","Division II","16-00.00"
"Ohio","2016","Girls","100m","Division III","12.26"
"Ohio","2016","Boys","100m","Division III","10.94"
"Ohio","2016","Girls","1600m","Division III","4:49.06"
"Ohio","2016","Boys","1600m","Division III","4:14.34"
"Ohio","2016","Girls","800m","Division III","2:10.67"
"Ohio","2016","Boys","800m","Division III","1:54.77"
"Ohio","2016","Girls","High Jump","Division III","5-10.00"
"Ohio","2016","Boys","High Jump","Division III","6-07.00"
"Ohio","2016","Girls","Pole Vault","Division III","12-04.00"
"Ohio","2016","Boys","Pole Vault","Division III","15-06.00"
"Ohio","2017","Girls","100m","Division I","11.61"
"Ohio","2017","Boys","100m","Division I","10.68"
"Ohio","2017","Girls","1600m","Division I","4:43.25"
"Ohio","2017","Boys","1600m","Division I","4:08.38"
"Ohio","2017","Girls","800m","Division I","2:07.47"
"Ohio","2017","Boys","800m","Division I","1:53.28"
"Ohio","2017","Girls","High Jump","Division I","5-08.00"
"Ohio","2017","Boys","High Jump","Division I","6-10.00"
"Ohio","2017","Girls","Pole Vault","Division I",NA
"Ohio","2017","Boys","Pole Vault","Division I","15-08.00"
"Ohio","2017","Girls","100m","Division II","11.98"
"Ohio","2017","Boys","100m","Division II","10.57"
"Ohio","2017","Girls","1600m","Division II","4:57.13"
"Ohio","2017","Boys","1600m","Division II","4:12.83"
"Ohio","2017","Girls","800m","Division II","2:09.11"
"Ohio","2017","Boys","800m","Division II","1:54.46"
"Ohio","2017","Girls","High Jump","Division II","5-08.00"
"Ohio","2017","Boys","High Jump","Division II","6-08.00"
"Ohio","2017","Girls","Pole Vault","Division II","12-09.00"
"Ohio","2017","Boys","Pole Vault","Division II","15-02.00"
"Ohio","2017","Girls","100m","Division III","12.09"
"Ohio","2017","Boys","100m","Division III","10.91"
"Ohio","2017","Girls","1600m","Division III","5:01.08"
"Ohio","2017","Boys","1600m","Division III","4:13.69"
"Ohio","2017","Girls","800m","Division III","2:13.12"
"Ohio","2017","Boys","800m","Division III","1:52.54"
"Ohio","2017","Girls","High Jump","Division III","5-09.00"
"Ohio","2017","Boys","High Jump","Division III","6-09.00"
"Ohio","2017","Girls","Pole Vault","Division III","11-10.00"
"Ohio","2017","Boys","Pole Vault","Division III","15-02.00"
"Ohio","2019","Girls","100m","Division I","11.93"
"Ohio","2019","Boys","100m","Division I","10.67"
"Ohio","2019","Girls","1600m","Division I","4:45.25"
"Ohio","2019","Boys","1600m","Division I","4:14.11"
"Ohio","2019","Girls","800m","Division I","2:08.60"
"Ohio","2019","Boys","800m","Division I","1:51.16"
"Ohio","2019","Girls","High Jump","Division I","5-09.00"
"Ohio","2019","Boys","High Jump","Division I","6-11.00"
"Ohio","2019","Girls","Pole Vault","Division I","13-07.00"
"Ohio","2019","Boys","Pole Vault","Division I","16-06.00"
"Ohio","2019","Girls","100m","Division II","11.97"
"Ohio","2019","Boys","100m","Division II","10.90"
"Ohio","2019","Girls","1600m","Division II","4:53.34"
"Ohio","2019","Boys","1600m","Division II","4:16.56"
"Ohio","2019","Girls","800m","Division II","2:13.12"
"Ohio","2019","Boys","800m","Division II","1:53.58"
"Ohio","2019","Girls","High Jump","Division II","5-05.00"
"Ohio","2019","Boys","High Jump","Division II","6-08.00"
"Ohio","2019","Girls","Pole Vault","Division II","12-02.00"
"Ohio","2019","Boys","Pole Vault","Division II","15-06.00"
"Ohio","2019","Girls","100m","Division III","12.38"
"Ohio","2019","Boys","100m","Division III","10.69"
"Ohio","2019","Girls","1600m","Division III","4:56.38"
"Ohio","2019","Boys","1600m","Division III","4:23.88"
"Ohio","2019","Girls","800m","Division III","2:10.53"
"Ohio","2019","Boys","800m","Division III","1:53.77"
"Ohio","2019","Girls","High Jump","Division III","5-07.00"
"Ohio","2019","Boys","High Jump","Division III","6-10.00"
"Ohio","2019","Girls","Pole Vault","Division III","13-00.25"
"Ohio","2019","Boys","Pole Vault","Division III","15-05.00"
