2007 Boys Track & Field State Champions,x,x,x
,,,
,,,
100 M Dash,,,
Class Name School  Time,,,
AAAAA Adrian Baca Rio Grande 11.12,,,
AAAA  Jeremy Duran  Artesia  11.10,,,
AAA Jacob Roper Raton 11.16,,,
AA Aaron Catona  East Mountain  11.46,,,
A Ryan Pena Springer 11.50,,,
,,,
200 M Dash,,,
Class Name School  Time,,,
AAAAA Adrian Baca Rio Grande 21.99,,,
AAAA  Curtis Beach Academy 22.02,,,
AAA Estevan Vigil Robertson 22.55,,,
AA Jordan Brock Estancia 23.21,,,
A Richard Vasquez San Jon 23.59,,,
,,,
400 M Dash,,,
Class Name School  Time,,,
AAAAA Scott Johnson  Eldorado 48.90,,,
AAAA  Curtis Beach Academy 49.26,,,
AAA Jonathan Gaco Laguna Acoma 50.47,,,
AA Colton Cobb Estancia 51.39,,,
A Brian Norris Hagerman 50.85,,,
,,,
800 M Dash,,,
Class Name School  Time,,,
AAAAA Corey De La Cruz Alamogordo 1:57.03,,,
AAAA  Kevin Burnett  St. Pius  1:57.96,,,
AAA Steven Johnson SFIS 1:58.19,,,
AA Ryan Nez Navajo Pine 2:02.92,,,
A Stephen Jochem Gallup  2:01.73,,,
,,,
1600 M Run,,,
Class Name School  Time,,,
AAAAA Matthew Everett La Cueva 4:23.56,,,
AAAA  Ben Johnson Academy 4:16.12,,,
AAA Steven Johnson SFIS 4:31.31,,,
AA Patrick Ortiz Pecos 4:34.72,,,
A Stephen Jochem Gallup  4:45.02,,,
3200 M Run,,,
Class Name,School,Time,
AAAAA Nico Barrea,Carlsbad,09:47.6,
AAAA  Ben Johnson,Academy,09:43.7,
AAA Dion Tony Sanchez,West Las Vegas,10:09.0,
AA Patrick Ortiz,Pecos,10:11.5,
A Stephen Jochem,Gallup,10:34.1,
,,,
110 M High Hurdles,,,
Class Name,School,Time,
AAAAA Cameron Flakes,Eldorado,14.74,
AAAA  Curtis Beach,Academy,14.95,
AAA Brandon Terhune,Hope Christian,15.81,
AA Brian Wilson,Estancia,15.33,
A Johnny Beltran,Carrizozo,15.76,
,,,
300 M Hurdles,,,
Class Name,School,Time,
AAAAA Kris King,Carlsbad,38.65,
AAAA  Curtis Beach,Academy,37.99,
AAA Austin Lutz,Bloomfield,40.47,
AA Brian Wilson,Estancia,42.34,
A Casey Jackson,Animas,42.86,
,,,
400 M Relay,,,
Class,School,Time,
AAAAA,Eldorado,42.24,
AAAA,Los Alamos,43.25,
AAA,Ruidoso,44.13,
AA,Estancia,44.47,
A,San Jon,45.99,
,,,
800 M Relay,,,
Class,School,Time,
AAAAA,La Cueva,01:28.6,
AAAA,Los Alamos,01:30.2,
AAA,Dexter,01:32.9,
AA,Estancia,01:33.7,
A,Carrizozo,01:35.6,
1600 M Relay Medley,,,
Class,School,Time,
AAAAA,Alamogordo,03:31.5,
AAAA,Piedra Vista,03:37.4,
AAA,Socorro,03:40.2,
AA,Capitan,03:40.4,
A,Springer,03:52.9,
,,,
1600 M Relay,,,
Class,School,Time,
AAAAA,Eldorado,03:21.3,
AAAA,Los Alamos,03:24.8,
AAA,Ruidoso,03:29.7,
AA,Estancia,03:34.6,
A,Fort Sumner,03:41.3,
,,,
Shot Put,,,
Class Name,School,Distance,
AAAAA Michael Gerber,Alamogordo,58’-01.00”,
AAAA  Alex Umstead,Los Alamos,54’-09.00”,
AAA Jaron Contreras,Socorro,45’-06.25”,
AA Tyler Cordova,Tucumcari,46’-10.00”,
A Bill Squire,Hagerman,48’-02.25”,
,,,
Discus,,,
Class Name,School,Distance,
AAAAA Jamil Wilson,Highland,155’-04.00”,
AAAA  Alex Umstead,Los Alamos,163’-03.00”,
AAA Jacob Brady,Portales,136’-09.00”,
AA Brian Lopez,Tucumcari,132’-04.00”,
A Bill Squire,Hagerman,139’-04.00”,
,,,
,,,
Long Jump,,,
Class Name,School,Distance,
AAAAA Morrecis Franklin,Hobbs,22’-05.50”,
AAAA  Curtis Beach,Academy,23’-00.25”,
AAA Chris Phillips,Robertson,21’-05.50”,
AA Justin Garrison,Texico,21’-01.50”,
A Toby Beltran,Carrizozo,19’011.50”,
High Jump,,,
Class Name,,School,Distance
AAAAA Marcus Williams,,Rio Rancho,6’-07.00”
AAAA  Diego Rosado,,Academy,6’-05.00”
AAA Jonathan Gaco,,Laguna-Acoma,6’-04.00”
AA Jake Meairs,,Santa Rosa,6’-00.00”
A Cass Dimitroff,,Fort Sumner,6’-00.00”
,,,
Triple Jump,,,
Class Name,,School,Distance
AAAAA Manuel Robles,,Clovis,47’-02.25”
AAAA  Taylor Allcorn,,Moriarty,44’-07.75”
AAA Austin Lutz,,Bloomfield,43’-07.75”
AA Jordan Brock,,Estancia,42’-09.50”
A Allen Pilley,,Hagerman,41’-04.25
,,,
Pole Vault,,,
Class Name,,School,Distance
AAAAA Daniel Gooris,,Cibola,14’-09.00”
AAAA  Chris McGovern,,Farmington,14’-06.00”
AAA Brandon Bourn,,NMMI,12’-00.00”
AA Isaac Ramos,,Jal,11’-06.00”
A K.C. Armstrong,,Magdalena,12’-00.00”
,,,
Javelin,,,
Class Name,,School,Distance
AAAAA Nick Jones,,Manzano,177’-08.00”
AAAA  D.J. Draper,,Moriarty,186’-09.00”
AAA Ben Sanchez,,Ruidoso,172’-05.00”
AA Justin Garrison,,Texico,160’-10.00”
A Michael Kendel,,San Jon,161’-01.00”
2008 Boys Track & Field State Champions,,,
,,,
,,,
100 M Dash,,,
Class Name School  Time,,,
AAAAA Thomas Trujillo Rio Rancho 10.70,,,
AAAA  Joshua Newsome Farmington 10.96,,,
AAA Tyler Anderson Portales 10.90,,,
AA Thomas Cruz Clayton 11.20,,,
A Mark LeBlanc  Carrizozo 11.29,,,
,,,
200 M Dash,,,
Class Name School  Time,,,
AAAAA Matt Valenzuela Cibola  21.72,,,
AAAA  Joshua Newsome Farmington 21.89,,,
AAA Estevan Vigil Robertson 22.18,,,
AA Thomas Cruz Clayton 22.92,,,
A Bryan Norris Hagerman 22.39,,,
,,,
400 M Dash,,,
Class Name School  Time,,,
AAAAA Matt Valenzuela  Cibola  48.56,,,
AAAA  Martin Romero Los Alamos 50.95,,,
AAA Estevan Vigil Robertson 49.94,,,
AA Mario Posada  Texico  51.82,,,
A Bryan Norris Hagerman 51.39,,,
,,,
800 M Dash,,,
Class Name School  Time,,,
AAAAA Gabe AragonValley  1:58.27,,,
AAAA  Kevin Burnett  St Pius X 2:00.30,,,
AAA Bronson Duran Sandia Prep 2:02.63,,,
AA Josh Wiklund  Cloudcroft 2:03.85,,,
A Skylar McMath Fort Sumner 2:01.96,,,
,,,
1600 M Run,,,
Class Name School  Time,,,
AAAAA Myles Klorer Sandia  4:23.27,,,
AAAA  Ben Johnson Albuquerque Academy 4:21.76,,,
AAA Ryan Fenton Hope Christian 4:29.84,,,
AA Randy Nez Navajo Pine 4:41.73,,,
A Chris Ellefson  Gallup Catholic 4:47.84,,,
3200 M Run,,,
Class Name,School,Time,
AAAAA Bryce Palmer,Eldorado,09:40.6,
AAAA  Kevin Burnett,St. Pius X,,
AAA Dion Tony Sanchez,West Las Vegas,09:49.5,
AA Randy Nez,Navajo Pine,10:22.4,
A Chris Ellefson,Gallup Catholic,10:41.9,
,,,
110 M High Hurdles,,,
Class Name,School,Time,
AAAAA Rolando Trammel,Highland,14.84,
AAAA  Curtis Beach,Albuquerque Academy,14.31,
AAA Tyler Anderson,Portales,15.55,
AA Michael Krell,Santa Fe Prep,16.38,
A Jacob West,Fort Sumner,16.45,
,,,
300 M Hurdles,,,
Class Name,School,Time,
AAAAA Rolando Trammel,Highland,37.29,
AAAA  Curtis Beach,Albuquerque Academy,38.82,
AAA Lance Dettmer,Ruidoso,40.81,
AA Ryan Morgan,Texico,42.6,
A Vincent Zamora,Mountainair,41.63,
,,,
400 M Relay,,,
Class,School,Time,
AAAAA,Rio Rancho,42.24,
AAAA,Aztec,42.4,
AAA,Lovington,44.13,
AA,Santa Fe Prep,44.81,
A,Hagerman,46.04,
,,,
800 M Relay,,,
Class,School,Time,
AAAAA,Cibola,01:29.2,
AAAA,Los Alamos,01:30.9,
AAA,Hope Christian,01:33.2,
AA,Clayton,01:33.6,
A,Hagerman,01:34.9,
1600 M Relay Medley,,,
Class,School,Time,
AAAAA,Mayfield,03:37.4,
AAAA,Belen,03:39.0,
AAA,Ruidoso,03:47.3,
AA,Clayton,03:47.3,
A,Hagerman,03:53.9,
,,,
1600 M Relay,,,
Class,School,Time,
AAAAA,Cibola,03:19.2,
AAAA,Farmington,03:24.3,
AAA,Hope Christian,03:27.4,
AA,Texico,03:37.5,
A,Hagerman,03:39.5,
,,,
Shot Put,,,
Class Name,School,Distance,
AAAAA Richard Chavez,Clovis,52’-06.50”,
AAAA  Ruben Martinez,Los Alamos,50’-09.00”,
AAA Jacob Brady,Portales,49’-07.50”,
AA Tyler Koch,Tucumcari,48’-03.50”,
A Bill Squire,Hagerman,51’-08.00”,
,,,
Discus,,,
Class Name,School,Distance,
AAAAA Marcus Oakley,Alamogordo,151’-00.00”,
AAAA  Paul Shay,Piedra Vista,145’-11.00”,
AAA Jacob Brady,Protales,140’-03.00”,
AA Tyler Koch,Tucumcari,132’-00.00”,
A Bill Squire,Hagerman,154’-01.00”,
,,,
,,,
Long Jump,,,
Class Name,School,Distance,
AAAAA Rolando Trammel,Highland,23’-05.50”,
AAAA  Curtis Beach,Albuquerque Academy,23’-01.00”,
AAA Dan Fuller,Dexter,22’-04.00”,
AA Michael Fazekas,Tucumcari,20’-02.75”,
A Jason Hardwick,Desert Academy,20’-01.25”,
High Jump,,,
Class Name,,School,Distance
AAAAA Brandon Simpson,,Cibola,6’-07.00”
AAAA  Curtis Beach,,Albuquerque Academy,6’-03.00”
AAA Matthew McCullough,,Hope Christian,6’-02.00”
AA David Ortiz,,Estancia,6’-00.00”
A Keeson Bell,,Clovis Christian,6’-02.00”
,,,
Triple Jump,,,
Class Name,,School,Distance
AAAAA Manuel Robles,,Clovis,48’-04.85”
AAAA  Kyle Ntiforo,,Belen,44’-03.75”
AAA Lance Dettmer,,Ruidoso,41’-10.25”
AA Josh Wiklund,,Cloudcroft,44’-06.50”
A Dustin Glover,,Melrose,42’-06.75”
,,,
Pole Vault,,,
Class Name,,School,Distance
AAAAA Daniel Gooris,,Cibola,16’-04.00”
AAAA  Chris Bever,,Artesia,13’-09.00”
AAA Billy Pinto,,Bloomfield,11’-06.00”
AA Issac Ramirez,,Jal,11’-06.00”
A KC Armstrong,,Magdalena,14’-00.00”
,,,
Javelin,,,
Class Name,,School,Distance
AAAAA John Mader,,Cibola,193’-01.00”
AAAA  Ruben Martinez,,Los Alamos,191’-10.00”
AAA Blake Young,,Lovington,169’-07.00”
AA Ben Faust,,Cloudcroft,164’-11.00”
A Matthew Chavez,,Mountainair,159’-06.00”
2009 Boys Track & Field State Champions,,,
,,,
,,,
100 M Dash,,,
Class Name School  Time,,,
AAAAA Derek Montoya Highland 11.35,,,
AAAA  Jason Reagor Los Alamos 11.27,,,
AAA Estevan Vigil Robertson 11.33,,,
AA Chris Simpson Cloudcroft 11.41,,,
A Mark LeBlanc  Carrizozo 11.44,,,
,,,
200 M Dash,,,
Class Name School  Time,,,
AAAAA Rolando Trammel Highland 22.22,,,
AAAA  Curtis Beach ABQ. Academy 21.84,,,
AAA Estevan Vigil Robertson 21.93,,,
AA Bryan Norris Hagerman 22.84,,,
A Mark LeBlanc  Carrizozo 23.44,,,
,,,
400 M Dash,,,
Class Name School  Time,,,
AAAAA Marcus Dowdican La Cueva 48.94,,,
AAAA  Curtis Beach ABQ. Academy 47.99,,,
AAA Bronson Duran Sandia Prep 49.32,,,
AA Bryan Norris Hagerman 49.35,,,
A Mark LeBlanc  Carrizozo 51.00,,,
,,,
800 M Dash,,,
Class Name School  Time,,,
AAAAA Gabe Aragon Valley  1:54.94,,,
AAAA  Gareth Gilna Los Alamos 1:56.13,,,
AAA Bronson Duran Sandia Prep 1:56.01,,,
AA Sam Miller Bosque School 2:01.09,,,
A Skylar McMath Fort Sumner 2:03.42,,,
,,,
1600 M Run,,,
Class Name School  Time,,,
AAAAA Zach Duran Highland 4:20.82,,,
AAAA  Gareth Gilna Los Alamos 4:12.60,,,
AAA Eric Fenton Hope Christian  4:27.34,,,
AA Thomas Martinez Navajo Pine 4:38.71,,,
A Daniel Hand Magdalena 4:42.23,,,
3200 M Run,,,
Class Name,School,Time,
AAAAA Bryce Palmer,Eldorado,09:43.6,
AAAA  Gareth Gilna,Los Alamos,09:27.4,
AAA Dustin Walthall,Thoreau,09:52.3,
AA Mario Armijo,Pecos,10:10.1,
A Reynaldo Balizan,Maxwell,11:02.0,
,,,
110 M High Hurdles,,,
Class Name,School,Time,
AAAAA Rolando Trammel,Highland,14.61,
AAAA  Curtis Beach,ABQ. Academy,14.53,
AAA Eric Myers,St. Michael’s,16.01,
AA Ilyas Seisov,Estancia,15.69,
A Berry Stinnett,Fort Sumner,15.64,
,,,
300 M Hurdles,,,
Class Name,School,Time,
AAAAA Charles Lewis,Highland,39.05,
AAAA  Garrett Nygren,ABQ. Academy,41,
AAA Skyler Evans,NMMI,39.84,
AA Ilyas Seisov,Estancia,41.14,
A Caleb West,Fort Sumner,42.08,
,,,
400 M Relay,,,
Class,School,Time,
AAAAA,Cibola,42.76,
AAAA,Los Alamos,43.65,
AAA,Lovington,44.34,
AA,Tucumcari,44.84,
A,Clovis Christian,45.48,
,,,
800 M Relay,,,
Class,School,Time,
AAAAA,La Cueva,01:30.1,
AAAA,Los Alamos,01:31.1,
AAA,Socorro,01:32.6,
AA,Hagerman,01:32.7,
A,Fort Sumner,01:32.5,
1600 M Relay Medley,,,
Class,School,Time,
AAAAA,La Cueva,03:32.5,
AAAA,ABQ. Academy,03:37.2,
AAA,Sandia Prep,03:44.5,
AA,Texico,03:47.0,
A,Magdalena,03:56.1,
,,,
1600 M Relay,,,
Class,School,Time,
AAAAA,La Cueva,03:23.3,
AAAA,Santa Teresa,03:28.2,
AAA,Sandia Prep,03:31.3,
AA,Capitan,03:30.9,
A,Mountainair,03:33.5,
,,,
Shot Put,,,
Class Name,School,Distance,
AAAAA Richard Chavez,Clovis,58-03.50,
AAAA  Kenny Howard,Farmington,51-11.50,
AAA Weston Tramell,Lovington,45-11.00,
AA Chris Sanchez,Santa Rosa,49-02.00,
A Carl Lueras,Carrizozo,51-08.00,
,,,
Discus,,,
Class Name,School,Distance,
AAAAA Richard Chavez,Clovis,171-05,
AAAA  Justin Mathewson,ABQ. Academy,133-11,
AAA Weston Tramell,Lovington,136-04,
AA Seth Lilly,Hagerman,133-06,
A Carl Lueras,Carrizozo,145-09,
,,,
,,,
Long Jump,,,
Class Name,School,Distance,
AAAAA Rolando Trammel,Highland,22-10.25,
AAAA  Victor Dana,Artesia,22-00.00,
AAA Estevan Vigil,Robertson,21-08.00,
AA Ilyas Seisov,Estancia,21-05.50,
A Ross Miller,Clovis Christian,21-04.00,
High Jump,,,
Class Name,,School,Distance
AAAAA Tim Young,,Onate,6-05.00
AAAA  Curtis Beach,,ABQ. Academy,6-07.00
AAA Christopher Ellis-Phillips,,West Las Vegas,6-02.00
AA Junior Caraza,,Eunice,6-04.00
A Ross Miller,,Clovis Christian,6-00.00
,,,
Triple Jump,,,
Class Name,,School,Distance
AAAAA Rolando Trammel,,Highland,46-02.75
AAAA  Kyle Ntiforo,,Belen,45-00.50
AAA Dominic Heuser,,Cuba,44-11.75
AA Junior Caraza,,Eunice,43-07.50
A Clint Barnard,,Melrose,40-10.50
,,,
Pole Vault,,,
Class Name,,School,Distance
AAAAA Dane Bevins,,Rio Rancho,13-09.00
AAAA  Curtis Beach,,ABQ. Academy,15-03.00
AAA Dominic Valdez,,St. Michael’s,12-06.00
AA Trevor Thompson,,Jal,13-00.00
A Barrett Williamson,,Fort Sumner,12-06.00
,,,
Javelin,,,
Class Name,,School,Distance
AAAAA Brian Richards,,La Cueva,173-04
AAAA  Austin Hilton,,Deming,165-00
AAA Blake Young,,Lovington,174-01
AA Ryan Diller,,Clayton,179-05
A Junior Hernandez,,Cliff,169-09
2010 Boys Track & Field State Champions,,,
,,,
,,,
100 M Dash,,,
Class Name School  Time,,,
AAAAA Charles Lewis  Highland  10.98,,,
AAAA  Joshua Newsome Farmington  11.31,,,
AAA Estevan Vigil Robertson  11.02,,,
AA Lucas Benavidez Tucumcari 11.43,,,
A Mike Urioste Clovis Christian 11.42,,,
,,,
200 M Dash,,,
Class Name School  Time,,,
AAAAA Taylor Weary  Alamogordo 21.90,,,
AAAA  Jake Espinoza  Aztec 22.31,,,
AAA Estevan Vigil Robertson 21.93,,,
AA Lucas Benavidez Tucumcari 23.35,,,
A Mike Urioste Clovis Christian 23.35,,,
,,,
400 M Dash,,,
Class Name School  Time,,,
AAAAA Taylor Weary  Alamogordo 48.37,,,
AAAA  Jake Espinoza  Aztec 48.85,,,
AAA Estevan Vigil Robertson 49.76,,,
AA Edgardo Meza  Texico  50.93,,,
A Skylar McMath Fort Sumner 51.15,,,
,,,
800 M Dash,,,
Class Name School  Time,,,
AAAAA Josh Garcia Alamogordo 1:54.86,,,
AAAA  Alex Herring Albuquerque Academy  1:54.58,,,
AAA John Cordova  Hope Christian 1:58.28,,,
AA Henrique Chavez Mora 2:00.56,,,
A Skylar McMath Fort Sumner 2:01.41,,,
,,,
1600 M Run,,,
Class Name School  Time,,,
AAAAA Caleb Rubalcaba Rio Rancho 4:26.02,,,
AAAA  Alex Herring Albuquerque Academy  4:23.57,,,
AAA Eric Fenton Hope Christian 4:32.75,,,
AA Henrique Chavez Mora 4:39.09,,,
A Daniel Hand Magdalena 4:48.94,,,
3200 M Run,,,
Class Name,School,Time,
AAAAA Christian Meyer,Sandia,09:33.9,
AAAA  Kyle Pittman,Los Alamos,09:19.6,
AAA Stephen Kersh,Sandia Prep,09:50.8,
AA Antonio Varela,Pecos,10:15.7,
A Reynaldo Balizan,Maxwell,10:49.7,
,,,
110 M Hurdles,,,
Class Name,School,Time,
AAAAA Charles Lewis,Highland,14.62,
AAAA  Riley McGovern,Farmington,15,
AAA Cody Small,Portales,15.58,
AA John Goodwin,Capitan,15.66,
A Kolter West,Fort Sumner,15.99,
,,,
300 M Hurdles,,,
Class Name,School,Time,
AAAAA Charles Lewis,Highland,38.25,
AAAA  Riley McGovern,Farmington,39.18,
AAA Cody Small,Portales,44.02,
AA Junior Caraza,Eunice,40.86,
A Lance Widner,Melrose,41.83,
,,,
400 M Relay,,,
Class,School,Time,
AAAAA,Rio Rancho,42.24,
AAAA,Aztec,42.91,
AAA,Lovington,44.03,
AA,Clayton,44.83,
A,Cliff,45.5,
,,,
800 M Relay,,,
Class,School,Time,
AAAAA,Cibola,01:27.7,
AAAA,Aztec,01:28.8,
AAA,Lovington,01:32.0,
AA,Tucumcari,01:33.7,
A,Tatum,01:36.2,
1600 M Relay Medley,,,
Class,School,Time,
AAAAA,Cibola,03:32.6,
AAAA,Los Alamos,03:34.7,
AAA,Lovington,03:42.2,
AA,Hagerman,03:53.3,
A,Fort Sumner,03:50.5,
,,,
1600 M Relay,,,
Class,School,Time,
AAAAA,Cibola,03:21.1,
AAAA,Farmington,03:24.0,
AAA,Robertson,03:30.1,
AA,Texico,03:33.7,
A,Fort Sumner,03:36.0,
,,,
Shot Put,,,
Class Name,School,Distance,
AAAAA Richard Chavez,Clovis,56’-04.50”,
AAAA  Adrian Trujillo,Volcano Vista,48’-05.75”,
AAA Michael Lamb,St. Michael’s,47’-04.00”,
AA Chris Sanchez,Santa Rosa,49’-10.00”,
A Colby Snellar,Melrose,43’-06.00”,
,,,
Discus,,,
Class Name,School,Distance,
AAAAA Richard Chavez,Clovis,176’-09.00”,
AAAA  Oliver Funsten,Los Alamos,162’-02.00”,
AAA David Robinson,Socorro,126’-05.00”,
AA Alex Hutchins,Tucumcari,143’.08.00”,
A Kenny Duong,Clovis Christian,124’-05.00”,
,,,
,,,
Long Jump,,,
Class Name,School,Distance,
AAAAA Larry Dupree,Rio Rancho,23’-08.75”,
AAAA  Dakarai McCoy,Albuquerque Academy,21’-02.25”,
AAA Estevan Vigil,Robertson,21’-11.75”,
AA Chris Simpson,Cloudcroft,21’-01.00”,
A Clint Barnard,Melrose,21’-07.00”,
High Jump,,,
Class Name,,School,Distance
AAAAA Brandon Garner,,Oñate,6’-08.00”
AAAA  Joe Kloeppel,,Bernalillo,6’-04.00”
AAA Saul Guevara,,Lovington,6’-02.00”
AA Junior Caraza,,Eunice,6’-04.00”
A Aaron Martinez,,Mosquero,5’-09.00”
,,,
Triple Jump,,,
Class Name,,School,Distance
AAAAA Warrick Campbell,,Highland,47’-06.75”
AAAA  Dakarai McCoy,,Albuquerque Academy,45’-04.50”
AAA Roy Tabor,,Lovington,42’-08.50”
AA Junior Caraza,,Eunice,42’-06.25”
A Clint Barnard,,Melrose,42’.07.50”
,,,
Pole Vault,,,
Class Name,,School,Distance
AAAAA Dave Bevins,,Rio Rancho,15’-06.00”
AAAA  David Feddema,,Albuquerque Academy,14”-00.00”
AAA Ricardo Antillon,,Lovington,12’-06.00”
AA Trevor Thompson,,Jal,13’-02.00”
A Kolter West,,Fort Sumner,10’-06.00”
,,,
Javelin,,,
Class Name,,School,Distance
AAAAA Matt Greer,,La Cueva,180’-08.00”
AAAA  Josh Houghtaling,,Artesia,172’-08.00”
AAA Estevan Vigil,,Robertson,155’-06.00”
AA Chris Sanchez,,Santa Rosa,172’.01.00”
A Junior Hernandez,,Cliff,173’-11.00”
2011 Boys Track & Field State Champions,,,
,,,
,,,
100 M Dash,,,
Class Name School  Time,,,
AAAAA Adren Britton  Cleveland 11.04,,,
AAAA  Nick Waterhouse Piedra Vista 11.37,,,
AAA CJ Berryman Pojoaque 11.22,,,
AA Wendell Hayes Lordsburg 11.14,,,
A Malik Anderson Jal 11.37,,,
,,,
200 M Dash,,,
Class Name School  Time,,,
AAAAA Jonathan Gallegos La Cueva 22.53,,,
AAAA  Nick Waterhouse Piedra Vista 22.80,,,
AAA CJ Berryman Pojoaque 23.42,,,
AA Wendell Hayes Lordsburg 22.79,,,
A Mike Urioste Clovis Christian 23.06,,,
,,,
400 M Dash,,,
Class Name School  Time,,,
AAAAA Chris Cline West Mesa 48.23,,,
AAAA  Andy Thoma Los Alamos 49.04,,,
AAA Patrick Martinez Taos 50.32,,,
AA Junior Caraza  Eunice  50.97,,,
A Malik Anderson Jal 50.25,,,
,,,
800 M Dash,,,
Class Name School  Time,,,
AAAAA Kendall McVey Cibola  1:55.92,,,
AAAA  Eduardo Lash  Gallup  1:56.90,,,
AAA Eric Fenton Hope Christian 1:56.33,,,
AA Sean Sanchez  Peñasco 2:01.68,,,
A Skylar McMath Fort Sumner 2:04.92,,,
,,,
1600 M Run,,,
Class Name School  Time,,,
AAAAA Luis Martinez  Cleveland 4:24.26,,,
AAAA  Tyler Saiz Del Norte 4:18.13,,,
AAA Eric Fenton Hope Christian 4:20.60,,,
AA Sean Sanchez  Peñasco 4:39.33,,,
A Donnie Roy Tatum  4:52.25,,,
3200 M Run,,,
Class Name,School,Time,
AAAAA Luis Martinez,Cleveland,09:39.3,
AAAA  Tim Warner,Los Alamos,09:45.9,
AAA Eric Fenton,Hope Christian,09:54.7,
AA Antonio Varela,Pecos,09:56.2,
A Donny Roy,Tatum,10:43.5,
,,,
110 M Hurdles,,,
Class Name,School,Time,
AAAAA Daniel Fuentes,Hobbs,15.31,
AAAA  Hector Chavez,Santa Fe,14.95,
AAA Daniel Martinez,Robertson,15.1,
AA John Woods,Magdalena,16.39,
A Kolter West,Fort Sumner,15.37,
,,,
300 M Hurdles,,,
Class Name,School,Time,
AAAAA Rigo Moreno,Mayfield,39.39,
AAAA  Aaron Gomez,Farmington,38.97,
AAA Daniel Martinez,Robertson,40.6,
AA Kenny Evans,Lordsburg,40.79,
A Kolter West,Fort Sumner,40.27,
,,,
400 M Relay,,,
Class,School,Time,
AAAAA,La Cueva,42.3,
AAAA,Los Alamos,42.75,
AAA,Lovington,43.71,
AA,Santa Fe Prep,44.35,
A,Jal,44.69,
,,,
800 M Relay,,,
Class,School,Time,
AAAAA,Cleveland,01:28.1,
AAAA,Los Alamos,01:29.9,
AAA,Lovington,01:31.7,
AA,Estancia,01:32.6,
A,Clovis Christian,01:35.8,
1600 M Relay Medley,,,
Class,School,Time,
AAAAA,La Cueva,03:35.7,
AAAA,Santa Teresa,03:36.1,
AAA,Lovington,03:43.4,
AA,Texico,03:41.4,
A,Tatum,03:50.8,
,,,
1600 M Relay,,,
Class,School,Time,
AAAAA,La Cueva,03:22.3,
AAAA,Los Alamos,03:26.8,
AAA,Robertson,03:27.4,
AA,Estancia,03:31.4,
A,Fort Sumner,03:35.5,
,,,
Shot Put,,,
Class Name,School,Distance,
AAAAA Kevin Fry,Hobbs,51’-06.50”,
AAAA  Chris Morales,Artesia,51’-03.50”,
AAA Kody Salcido,Sandia Prep,48’-07.00”,
AA Dathan McWhorter,Texico,49’-00.00”,
A Kenny Duong,Clovis Christian,45’-00.00”,
,,,
Discus,,,
Class Name,School,Distance,
AAAAA Willie Pounds,Eldorado,162’-10”,
AAAA  Jacob Newell,Albuquerque Academy,141’-05”,
AAA David Robinson,Socorro,143’-02”,
AA Dathan McWhoter,Texico,140’-10”,
A Junio Hernandez,Cliff,130’-09”,
,,,
,,,
Long Jump,,,
Class Name,School,Distance,
AAAAA Jonathan Woods,Gadsden,22’-00.00”,
AAAA  Brandon Branch,Albuquerque Academy,22’-06.00”,
AAA CJ Berryman,Pojoaque,21’-08.75”,
AA Steeler Jordan,Dexter,20’-09.00”,
A Junior Hernandez,Cliff,20’-05.75”,
High Jump,,,
Class Name,,School,Distance
AAAAA Shay Reimers,,Hobbs,6’-04.00”
AAAA  Carlos Hernandez,,Santa Teresa,7’-00.00”
AAA Jon Adams Dimas,,Robertson,6’-02.00”
AA Junior Caraza,,Eunice,6’-04.00”
A Joe Neal Harrison,,Mountainair,6’-04.00”
,,,
Triple Jump,,,
Class Name,,School,Distance
AAAAA Isaiah Lintz,,Hobbs,44’-04.75”
AAAA  Brandon Branch,,Albuquerque Academy,46’-01.00”
AAA Ryan Gonzales,,Silver,43’-01.75”
AA Junior Caraza,,Eunice,43’-10.25”
A Travis Mayberry,,Cliff,41’-11.50”
,,,
Pole Vault,,,
Class Name,,School,Distance
AAAAA Chris Petro,,Cleveland,14’-00.00”
AAAA  Kamron Cain,,Artesia,14’-00.00”
AAA Jordan Ashcraft,,Ruidoso,13’-06.00”
AA Caleb Uzzel,,Capitan,12’-00.00”
A Jordan Huey,,Corona,12’-00.00”
,,,
Javelin,,,
Class Name,,School,Distance
AAAAA Paul Jaramillo,,Rio Rancho,183’-10”
AAAA  Orey Feerer,,Valencia,181’-11”
AAA Brandon Reese,,Silver,165’-01”
AA Cody Ogden,,Loving,164’-08”
A Junior Hernandez,,Cliff,176’-11”
2012 Boys Track & Field State Champions,,,
,,,
,,,
100 M Dash,,,
Class Name School  Time,,,
AAAAA Romell Jordan  Cleveland 10.80,,,
AAAA  Mikey Loy Bloomfield  11.24,,,
AAA CJ BerrymanPojoaque 11.24,,,
AA Wendell Hayes Lordsburg 11.17,,,
A Kevin Naceanceno Clovis Christian  11.11,,,
,,,
200 M Dash,,,
Class Name School  Time,,,
AAAAA Devin Enslen Alamogordo 22.10,,,
AAAA  Richard Medrano Roswell 22.29,,,
AAA CJ Berryman Pojoaque 22.36,,,
AA Wendell Hayes Lordsburg 22.96,,,
A Kevin Naceanceno Clovis Christian 22.63,,,
,,,
400 M Dash,,,
Class Name School  Time,,,
AAAAA Chris Kline West Mesa 48.42,,,
AAAA  Josh Gonzales  Artesia  49.66,,,
AAA Tyler Brooks Sandia Prep 49.46,,,
AA Josh Jaquez Estancia 51.14,,,
A Kevin Naceanceno Clovis Christian 49.40,,,
,,,
800 M Dash,,,
Class Name School  Time,,,
AAAAA Randy Dias La Cueva 1:55.47,,,
AAAA  Jackson Thomas Del Norte 1:56.92,,,
AAA Andres Gonzales St. Michael’s 1:58.21,,,
AA Graham Thomas Dulce 2:01.59,,,
A Skylar McMath Fort Sumner 1:58.97,,,
,,,
1600 M Run,,,
Class Name School  Time,,,
AAAAA Zachary Castillo Volcano Vista  4:27.18,,,
AAAA  Sean Reardon  Los Alamos 4:23.51,,,
AAA Andres Gonzales St. Michael’s 4:34.31,,,
AA Alonzo Chavez Mora 4:22.79,,,
A Jesus Martinez Hondo Valley  4:48.94,,,
3200 M Run,,,
Class Name,School,Time,
AAAAA Luis Martinez,Cleveland,09:41.7,
AAAA  JacksonThomas,Del Norte,09:46.9,
AAA Herbert Beyale III,Shiprock,10:19.5,
AA Alonzo Chavez,Mora,09:51.8,
A Jesus Martinez,Hondo Valley,10:39.0,
,,,
110 M Hurdles,,,
Class Name,School,Time,
AAAAA Mac Shoaf,Alamogordo,15.06,
AAAA  Seth Booker,Bloomfield,14.77,
AAA Andrew Little,Silver,15.98,
AA John Woods,Magdalena,15.27,
A Kolter West,Fort Sumner,15.04,
,,,
300 M Hurdles,,,
Class Name,School,Time,
AAAAA Mustafa Mudada,Highland,38.55,
AAAA  Seth Booker,Bloomfield,38.8,
AAA Anthony Gonzales,Hope Christian,40.61,
AA John Woods,Magdalena,40.3,
A Austin Vincent,Des Moines,39.82,
,,,
400 M Relay,,,
Class  Name,School,Time,
AAAAA,Cleveland,41.86,
AAAA,Piedra Vista,43.12,
AAA,Silver,43.64,
AA,Lordsburg,43.81,
A,Fort Sumner,45.16,
,,,
800 M Relay,,,
Class  Name,School,Time,
AAAAA,Cleveland,01:27.3,
AAAA,Farmington,01:30.3,
AAA,Silver,01:32.1,
AA,Texico,01:32.5,
A,Gateway Christian,01:36.1,
1600 M Relay Medley,,,
Class Name,School,Time,
AAAAA,La Cueva,03:35.3,
AAAA,Moriarty,03:36.4,
AAA,Sandia Prep,03:41.5,
AA,Texico,03:40.6,
A,Fort Sumner,03:52.8,
,,,
1600 M Relay,,,
Class Name,School,Time,
AAAAA,Clovis,03:22.2,
AAAA,Los Alamos,03:28.5,
AAA,Socorro,03:29.1,
AA,Lordsburg,03:31.9,
A,Fort Sumner,03:29.8,
,,,
Shot Put,,,
Class Name,School,Distance,
AAAAA Alex Oluyitan,Rio Rancho,53’-00.25”,
AAAA  Troy Young,Piedra Vista,50’-01.00”,
AAA Jonathan Millar,Hope Christian,52’-06.75”,
AA Dakota Petago,Dulce,45’-07.00”,
A Kenny Duong,Clovis Christian,45’-04.25”,
,,,
Discus,,,
Class Name,School,Distance,
AAAAA Kenneth Betts,Clovis,148’-09.00”,
AAAA  Andrew Torres,ABQ. Academy,150’-09.00”,
AAA Jonathan Millar,Hope Christian,155’-05.50”,
AA Chris Otero,N.M.M.I.,127’-08.00”,
A Leonard Arias,Springer,128’-09.00”,
,,,
,,,
Long Jump,,,
Class Name,School,Distance,
AAAAA Isaiah Lintz,Hobbs,23’-01.75”,
AAAA  Brett Moss,Aztec,22’-01.50”,
AAA CJ Berryman,Pojoaque,21’-09.75”,
AA Joseph Jackson,Lordsburg,22’-07.00”,
A Jacob Benally,San Jon,20’-08.75”,
High Jump,,,
Class Name,,School,Distance
AAAAA Javon Brown,,Sandia,6’-04.00”
AAAA  Jacob Martin,,Bernalillo,6’-02.00”
AAA Arren Wells,,Hope Christian,6’-02.00”
AA Joseph Jackson,,Lordsburg,6’-02.00”
A Joe Neal Harrison,,Mountainair,6’-02.00”
,,,
Triple Jump,,,
Class Name,,School,Distance
AAAAA Isaiah Lintz,,Hobbs,45’-05.50”
AAAA  Brett Moss,,Aztec,45’-02.75”
AAA AdamPaz,,Socorro,43’-02.50”
AA Joseph Jackson,,Lordsburg,42’-07.00”
A Cordell Davis,,Cliff,42’-03.75”
,,,
Pole Vault,,,
Class Name,,School,Distance
AAAAA Andrew Keppler,,Oñate,14’-00.00”
AAAA  Connor Schmidt,,ABQ. Academy,13’-06.00”
AAA E.J. Stock,,Lovington,13’-00.00”
AA Kenny Evans,,Lordsburg,12’-00.00”
A Colton Draper,,Melrose,13’-00.00”
,,,
Javelin,,,
Class Name,,School,Distance
AAAAA Jason Fitzpatrick,,Rio Rancho,196’-09.00”
AAAA  Michael Aragon,,Espanola Valley,166’-09.00”
AAA Brandon Reese,,Silver,166’-02.00”
AA Jesus Rivera,,Texico,178’-05.00”
A Godfrey Cordova,,Mescalero Apache,159’03.00”
2013 Boys Track & Field State Champions,,,
,,,
,,,
100 M Dash,,,
Class Name School  Time,,,
AAAAA Devin Enslen Alamogordo 10.82,,,
AAAA  Zach Johnson  Piedra Vista 10.97,,,
AAA Owen Harrison Hot Springs 11.28,,,
AA Wendell Hayes Lordsburg 11.36,,,
A Adam Gurule Escalante 11.80,,,
,,,
200 M Dash,,,
Class Name School  Time,,,
AAAAA Devin Enslen Alamogordo 21.38,,,
AAAA  Zach Johnson  Piedra Vista 21.53,,,
AAA Isaac Gonzales Taos 22.39,,,
AA Wendell Hayes Lordsburg 22.83,,,
A Adam Gurule Escalante 23.02,,,
,,,
400 M Dash,,,
Class Name School  Time,,,
AAAAA Brandon Lawrence Cleveland 49.09,,,
AAAA  Jaden Torres Los Lunas 50.06,,,
AAA Isaac Gonzales Taos 50.00,,,
AA Kai Werner N.M.M.I. 50.26,,,
A Immanuel Neubauer N.M.S.D. 49.81,,,
,,,
800 M Dash,,,
Class Name School  Time,,,
AAAAA Randy Dias La Cueva 1:55.12,,,
AAAA  Steven Duran St. Pius X 1:56.66,,,
AAA AJ Beach Sandia Prep 1:59.17,,,
AA Alonzo Chavez Mora 1:58.24,,,
A Henry Sime Cimarron 2:00.13,,,
,,,
1600 M Run,,,
Class Name School  Time,,,
AAAAA Luis Martinez  Cleveland 4:11.66,,,
AAAA  Sean Reardon  Los Alamos 4:17.58,,,
AAA AJ Beach Sandia Prep 4:29.23,,,
AA Alonzo Chavez Mora 4:25.96,,,
A Henry Sime Cimarron 4:40.86,,,
3200 M Run,,,
Class Name,School,Time,
AAAAA Luis Martinez,Cleveland,09:27.6,
AAAA  Nick Hill,Los Alamos,09:46.6,
AAA Jereme Santistevan,Pojoaque,09:56.0,
AA Alonzo Chavez,Mora,09:46.0,
A Larramy Roberts,Logan,10:51.4,
,,,
100 M Hurdles,,,
Class Name,School,Time,
AAAAA Parker Jones,Cleveland,14.22,
AAAA  Noah Weig-Pickering,ABQ. Academy,14.76,
AAA Travis Mosher,Ruidoso,15.38,
AA Adrian Gomez,Texico,15.13,
A Korey Reese,Mountainair,16.15,
,,,
300 M Hurdles,,,
Class Name,School,Time,
AAAAA Mustafa Mudada,Highland,38.09,
AAAA  Jeremy Klepac,Farmington,40.28,
AAA Adrian Vigil,Bloomfield,40.17,
AA Adrian Gomez,Texico,40.07,
A Stephen Hawks,Cimarron,41.49,
,,,
400 M Relay,,,
Class School,,Time,
AAAAA Clovis,,42.32,
AAAA  Piedra Vista,,42.94,
AAA Silver,,44,
AA Tucumcari,,43.63,
A Cimarron,,45.18,
,,,
800 M Relay,,,
Class School,,Time,
AAAAA Alamogordo,,01:28.0,
AAAA  Farmington,,01:28.8,
AAA Taos,,01:30.8,
AA Laguna Acoma,,01:34.3,
A Logan,,01:34.7,
1600 M Relay Medley,,,
Class School,,Time,
AAAAA Cibola,,03:34.0,
AAAA  Moriarty,,03:34.8,
AAA Sandia Prep,,03:39.0,
AA Dexter,,03:40.1,
A Cimarron,,03:48.2,
,,,
1600 M Relay,,,
Class School,,Time,
AAAAA Cleveland,,03:18.0,
AAAA  Piedra Vista,,03:24.2,
AAA Taos,,03:28.1,
AA Dexter,,03:31.4,
A Cimarron,,03:37.8,
,,,
Shot Put,,,
Class Name,School,Distance,
AAAAA Chris Loidolt,La Cueva,54’-02.00”,
AAAA  Christian Mackey,Kirtland Central,54’-01.00”,
AAA Jonathon Millar,Hope Christian,55’-10.00”,
AA Shane Ferreira,Estancia,49’-10.25”,
A Brandyn Monahan,Menaul,45’-06.00”,
,,,
Discus,,,
Class Name,School,Distance,
AAAAA Mike Budick,Volcano Vista,155’-06.00”,
AAAA  Christian Mackey,Kirtland Central,156’-06.00”,
AAA Jonathon Millar,Hope Christian,168’-10.00”,
AA James Marley,Eunice,135’-09.00”,
A Michael Giannini,Fort Sumner,134’-09.50”,
,,,
,,,
Long Jump,,,
Class Name,School,Distance,
AAAAA Nainoa Biggs,Cleveland,21’-09.50”,
AAAA  Jermey Klepac,Farmington,21’-10.75”,
AAA Adam Paz,Socorro,21’-10.00”,
AA Wendell Hayes,Lordsburg,21’-02.00”,
A Marquis Mashak,Animas,20’-00.50”,
High Jump,,,
Class Name,,School,Distance
AAAAA Davonte Brown,,Hobbs,6’-06.00”
AAAA  Noah Weig-Pickering,,ABQ. Academy,6’-06.00”
AAA Ryan Thomas,,Lovington,6’-02.00”
AA Chance Brill,,Tularosa,6’-02.00”
A Layne Keller,,Reserve,5’-10.00”
Triple Jump,,,
Class Name,,School,Distance
AAAAA Nainoa Biggs,,Cleveland,44’-02.00”
AAAA  Kale Brown,,ABQ. Academy,46’-11.00”
AAA Adam Paz,,Socorro,45’-00.75”
AA Adolfo Rodriguez,,Eunice,42'-11.75”
A Cordell Davis,,Cliff,42’-04.50”
Pole Vault,,,
Class Name,,School,Distance
AAAAA Anthony King,,Highland ABQ.,14’-00.00”
AAAA  Connor Schmidt,,Academy,13’-06.00”
AAA Ryan Thomas,,Lovington,14’-00.00”
AA Arnolfo DeAnda,,Texico,11’-06.00”
A Colton Draper,,Melrose,13’-03.00”
Javelin,,,
Class Name,,School,Distance
AAAAA Tanner,,Eldorado,167’-10”
AAAA  Kattenhorn Beau,,Piedra Vista,179’-04”
AAA Clafton  Dakota,,Silver,155’-06”
AA Bencomo Matt,,Zuni,160’-02”
A Kallestewa Justin,,Cliff,156’-05”
Jenkins,,,
2014 Boys Track & Field State Champions,,,
,,,
,,,
100 M Dash,,,
Class Name School  Time,,,
AAAAA Kamal Cass Clovis  10.89,,,
AAAA  Joshua Burbank Valencia 10.92,,,
AAA Owen Harrison Hot Springs 11.06,,,
AA Koy Geary Clayton 11.35,,,
A Kase Parker Gateway Christian 11.38,,,
,,,
200 M Dash,,,
Class Name School  Time,,,
AAAAA Kamal Cass Clovis  21.99,,,
AAAA  Beau Clafton Piedra Vista 21.65,,,
AAA Isaac Gonzales Taos 22.23,,,
AA Koy Geary Clayton 22.88,,,
A Mark Chavez N.M.S.D. 22.03,,,
,,,
400 M Dash,,,
Class Name School  Time,,,
AAAAA Tyler Chavez Cleveland 47.99,,,
AAAA  Devin Hull Farmington 49.30,,,
AAA Armando Blea  St. Michael’s50.30,,,
AA Justin Rucker Texico  50.18,,,
A Kase Parker Gateway Christian 50.49,,,
,,,
800 M Dash,,,
Class Name School  Time,,,
AAAAA Samuel Carrasco Hobbs  1:53.39,,,
AAAA  Steven Duran St. Pius X 1:54.10,,,
AAA Roy Madrid Taos 1:58.27,,,
AA Alex Heffelfinger East Mountain  1:58.31,,,
A Jacob Subratie  Cimarron 1:59.47,,,
,,,
1600 M Run,,,
Class Name School  Time,,,
AAAAA Jared Mayoral  Cleveland 4:20.76,,,
AAAA  Colin Hemez Los Alamos 4:24.33,,,
AAA Jereme Santistevan Pojoaque 4:30.47,,,
AA Alex Heffelfinger East Mountain  4:30.60,,,
A Henry Sime  Cimarron 4:37.49,,,
3200 M Run,,,
Class Name,School,Time,
AAAAA Jared Mayoral,Cleveland,09:42.1,
AAAA  Colin Hemez,Los Alamos,09:40.6,
AAA Jereme Santistevan,Pojoaque,09:44.2,
AA Isaiah Kelsey,Laguna Acoma,09:57.5,
A Henry Sime,Cimarron,10:29.3,
,,,
110 M Hurdles,,,
Class Name,School,Time,
AAAAA Nathan Munoz,Cleveland,14.49,
AAAA  Noah Weig-Pickering,ABQ. Academy,14.82,
AAA Andrew Little,Silver,15.35,
AA Adrian Gomez,Texico,14.94,
A Cordell Davis,Cliff,16.21,
,,,
300 M Hurdles,,,
Class Name,School,Time,
AAAAA Matthew Jackson,Rio Rancho,38.71,
AAAA  Jonathan Myrick,Moriarty,39.68,
AAA Andrew Little,Silver,39.45,
AA Adrian Gomez,Texico,40.43,
A Cordell Davis,Cliff,41.17,
,,,
400 M Relay,,,
Class School,,Time,
AAAAA Cleveland,,42.09,
AAAA  Valencia,,42.54,
AAA Bloomfield,,43.63,
AA Clayton,,43.91,
A Logan,,45.06,
,,,
800 M Relay,,,
Class School,,Time,
AAAAA Volcano Vista,,01:27.3,
AAAA  Farmington,,01:29.3,
AAA Taos,,01:30.5,
AA Santa Rosa,,01:33.1,
A Logan,,01:34.3,
1600 M Relay Medley,,,
Class School,,Time,
AAAAA Albuquerque,,03:33.6,
AAAA  St. Pius X,,03:34.6,
AAA Taos,,03:41.2,
AA Dexter,,03:38.2,
A Cimarron,,03:46.3,
,,,
1600 M Relay,,,
Class School,,Time,
AAAAA Cleveland,,03:16.7,
AAAA  Los Alamos,,03:24.0,
AAA Taos,,03:24.0,
AA N.M.M.I.,,03:29.7,
A Cimarron,,03:33.3,
,,,
Shot Put,,,
Class Name,School,Distance,
AAAAA Mike Budick,Volcano Vista,60’-00.50”,
AAAA  Christian Mackey,Kirtland Central,57’-04.75”,
AAA Matthew Carr,Ruidoso,52’-07.50”,
AA John Gibbons,Ramah,48’-06.75”,
A Kenyon Aguilar,Mountainair,46’-07.00”,
,,,
Discus,,,
Class Name,School,Distance,
AAAAA Mike Budick,Volcano Vista,168’-03”,
AAAA  Christian Mackey,Kirtland Central,162’-02”,
AAA Mathias Hochanadel,St. Michael’s,150’-07”,
AA Caleb Ortiz,Estancia,141’-01”,
A Michael Giannini,Fort Sumner,145’-10”,
,,,
,,,
Long Jump,,,
Class Name,School,Distance,
AAAAA Matthew Jackson,Rio Rancho,23’-04.00”,
AAAA  Daryl Wiggins,Del Norte,22’-00.75”,
AAA Isaac Gonzales,Taos,22’-11.75”,
AA Barak Stephens,Magdalena,21’-06.75,
A Cordell Davis,Cliff,21’-06.75”,
High Jump,,,
Class Name,,School,Distance
AAAAA Isaiah McIntyre,,Las Cruces,6’-02.00”
AAAA  Avery Rasher,,Farmington,6’-04.00”
AAA Iram Lara,,Lovington,6’-02.00”
AA Marcus Meairs,,Santa Rosa,6’-04.00”
A Cordell Davis,,Cliff,5’-11.00”
,,,
Triple Jump,,,
Class Name,,School,Distance
AAAAA Kyle Petrey,,Cleveland,43’-08.00”
AAAA  Cassius Corley,,Grants,44’-04.50”
AAA Isiah Dominguez,,St. Michael’s,43’-10.50”
AA Dante Torello,,Santa Rosa,44’-05.50”
A Brendan Harlan,,Menaul,43’-11.25”
,,,
Pole Vault,,,
Class Name,,School,Distance
AAAAA Hayden Walker,,Manzano,13’-00.00”
AAAA  Jonathan Myrick,,Moriarty,13’-06.00”
AAA Jason Atencio,,Hope Christian,14’-00.00”
AA Chase Caughron,,Capitan,13’-00.00”
A Colton Draper,,Melrose,12’-06.00”
,,,
Javelin,,,
Class Name,,School,Distance
AAAAA Malik Matthew-Gordon,,Sandia,185’-01.00”
AAAA  Beau Clafton,,Piedra Vista,202’-10.00”
AAA Nicholas Gurule,,West Las Vegas,161’-08.00”
AA Roberto Zamora,,Santa Rosa,163’-05.00”
A Michael Giannini,,Fort Sumner,145’-07.00”
2015 Boys Track & Field State Champions,,,
,,,
,,,
100 M Dash,,,
Class Name School  Time,,,
6A Jordan Byrd Manzano 11.05,,,
5A Joshua Burbank Valencia 11.28,,,
4A Gabriel ChiefBloomfield 11.38,,,
3A Koy Geary Clayton 10.89,,,
2A Emilo Sursa Ft. Sumner 11.56,,,
1A Cody Dalton  Lake Arthur 11.64,,,
,,,
200 M Dash,,,
Class Name School  Time,,,
6A Jordan Byrd Manzano 21.60,,,
5A Joshua Burbank Valencia 22.61,,,
4A Isaac Martinez  Pojoaque 22.75,,,
3A Koy Geary Clayton 22.79,,,
2A Barak Stephens Magdalena 23.33,,,
1A Cody Dalton  Lake Arthur 23.70,,,
,,,
400 M Dash,,,
Class Name School  Time,,,
6A Abram Schaap  Volcano Vista  48.10,,,
5A Augustine Larranaga Capital  49.88,,,
4A Brandon Chavez Silver50.86,,,
3A Zachary Lopez Dexter  50.38,,,
2A Barak Stephens Magdalena 50.57,,,
1A Jacob Subratie  Cimarron  52.31,,,
,,,
800 M Dash,,,
Class Name School  Time,,,
6A Gilbert Ramirez Atrisco 1:54.10,,,
5A Steven Duran St. Pius X 1:55.13,,,
4A Alex Heffelfinger East Mountain  1:58.98,,,
3A Jakob Bernal Estancia 2:04.13,,,
2A James Espinoza Mesa Vista 2:05.83,,,
1A Jacob Subratie  Cimarron 2:01.91,,,
1600 M Run,,,
Class Name,School,Time,
6A Kevin Johnson,Carlsbad,04:33.3,
5A Niles Thomas,Miyamura,04:22.6,
4A Roy Madrid,Taos,04:30.5,
3A Ryan Sandoval,Pecos,04:43.6,
2A Isiah Rodarte,Penasco,04:46.9,
1A Thomas Gallegos,Cimarron,05:01.9,
,,,
,,,
3200 M Run,,,
Class Name,School,Time,
6A Thomas Salas,Onate,09:55.8,
5A Jordan Lesansee,ABQ. Academy,09:28.0,
4A Roy Madrid,Taos,09:57.5,
3A Jakob Bernal,Estancia,10:13.3,
2A James Espinoza,Mesa Vista,10:48.5,
1A Thomas Gallegos,Cimarron,10:53.1,
,,,
110 M Hurdles,,,
Class Name,School,Time,
6A Josh Foley,Cleveland,14.98,
5A Nick Slade,ABQ. Academy,15.03,
4A Stephen Moyer,Hope Christian,15.75,
3A Colby Bagwell,Clayton,16.31,
2A Barak Stephens,Magdalena,15.57,
1A Stefan Beauchamp,Quemado,15.81,
,,,
300 M Hurdles,,,
Class Name,School,Time,
6A Gus Swanson,La Cueva,38.13,
5A Avery Rasher,Farmington,38.68,
4A Adrian Vigil,Bloomfield,39.91,
3A Colby Bagwell,Clayton,41.6,
2A Raymond Drake,Ft. Sumner,42.46,
1A Stefan Beauchamp,Quemado,42.38,
400 M Relay,,,
Class School,,,Time
6A Volcano Vista,,,43.03
5A Artesia,,,42.87
4A Bloomfield,,,43.65
3A Clayton,,,45.43
2A Logan,,,46.41
1A Cimarron,,,47.14
,,,
800 M Relay,,,
Class School,,,Time
6A Volcano Vista,,,01:27.5
5A Farmington,,,01:30.6
4A Silver,,,01:32.7
3A Clayton,,,01:33.3
2A Logan,,,01:35.7
1A Grady,,,01:39.0
,,,
1600 M Relay Medley,,,
Class School,,,Time
6A Rio Rancho,,,03:38.9
5A Chaparral,,,03:35.8
4A Bloomfield,,,03:39.3
3A Pecos,,,03:48.2
2A Hagerman,,,03:51.8
1A Springer,,,03:55.8
,,,
1600 M Relay,,,
Class School,,,Time
6A Volcano Vista,,,03:23.5
5A Chaparral,,,03:28.8
4A St. Michael’s,,,03:31.7
3A Texico,,,03:34.8
2A Ft. Sumner,,,03:38.2
1A Cimarron,,,03:44.6
,,,
Shot Put,,,
Class Name,,School,Distance
6A Juan Pimentel,,Cibola,56’-07.50”
5A Jackson Morris,,ABQ. Academy,46’-01.25”
4A Gabriel Aguirre,,Bloomfield,48’-00.00”
3A James Moncayo,,Santa Rosa,45’-06.00”
2A Alfonso Arroyo,,McCurdy,41’-11.00”
1A Wade Cauzza,,Quemado,44’-06.25”
Discus,,,
Class Name,,School,Distance
6A Riley Finnegan,,Alamogordo,157’-08”
5A Jackson Morris,,ABQ. Academy,154’-02”
4A Gabriel Aguirre,,Bloomfield,134’-05”
3A Mark Thomas,,Lordsburg,135’-01”
2A Clay Adams,,Jal,129’-10”
1A Jace Jenkins,,Cliff,136’-10”
,,,
,,,
Long Jump,,,
Class Name,,School,Distance
6A Matthew Jackson,,Rio Rancho,23’-05.50”
5A Nick Slade,,ABQ. Academy,22’-07.75”
4A Daniel Isiah Babb,,Taos,21’-00.00”
3A Alexis Romo,,Academy Tech,22’-02.00”
2A Barak Stephens,,Magdalena,22’-01.00”
1A Heath Henderson,,Cliff,20’-03.75”
,,,
High Jump,,,
Class Name,,School,Distance
6A Zach Marshall,,Hobbs,6’-06.00”
5A Avery Rasher,,Farmington,6’-04.00”
4A Caleb Meyer-Hagen,,Hope Christian,6’-06.00”
3A Ian Anderson,,Santa Fe Prep,6’-02.00”
2A Brandal Padilla,,Magdalena,6’-00.00”
1A Tyger Parkey,,Cliff,6’-02.00”
,,,
Triple Jump,,,
Class Name,,School,Distance
6A Nicholas Horton,,Highland,44’-05.25”
5A Elias Limon,,St.Pius,44’-04.25”
4A Ben Kocurek,,Hope Christian,44’-10.50”
3A Dante Torello,,Santa Rosa,44’-11.50”
2A Donavan Radcliff,,Tatum,41’-11.00”
1A Stefan Beauchamp,,Quemado,39’-04.00”
,,,
Pole Vault,,,
Class Name,,School,Distance
6A Kane Bender,,Clovis,13’-06.00”
5A Nathan Burnett,,Del Norte,14’-00.00”
4A Jason Atencio,,Hope Christian,14’-00.00”
3A Colby Bagwell,,Clayton,12’-00.00”
2A Mike Estrada,,Logan,13’-06.00”
1A Efrain Acosta,,Cimarron,12’-00.00”
,,,
Javelin,,,
Class,Name,School,Distance
6A,Malik Matthew-Gordon,Sandia,178’-09.00”
5A,Jackson Morris,ABQ. Academy,170’-01.00”
4A,Nicholas Gurule,West Las Vegas,178’-09.00”
3A,Robert Zamora Jr.,Santa Rosa,169’-11.00”
2A,Chris Lovato,Mountainair,152’-06.00”
1A,Ivan Davila,Santa Fe Waldorf,153’-07.00”
2016 Boys Track & Field State Champions,,,
,,,
,,,
100 M Dash,,,
Class Name School  Time,,,
6A Jordan Byrd Manzano 10.77,,,
5A Mister McGriff Del Norte 11.16,,,
4A Jeremiah Burke Silver 11.17,,,
3A Alexis Romero ATC 11.23,,,
2A Jace White Melrose 12.00,,,
1A Antonio Valdez Mosquero 11.92,,,
,,,
200 M Dash,,,
Class Name School  Time,,,
6A Alejandro Goldston Volcano Vista  21.54,,,
5A Jacob Lash Belen 22.33,,,
4A Jonah Vigil Taos 22.57,,,
3A Alexis Romero ATC 22.48,,,
2A Damien Lowery Logan  23.65,,,
1A Antonio Valdez Mosquero 23.40,,,
,,,
400 M Dash,,,
Class Name School  Time,,,
6A Abram Schaap Volcano Vista  47.43,,,
5A Augustine Larranaga Capital  48.28,,,
4A Brandon Chavez Silver 49.38,,,
3A Josh Haynes NACA  50.90,,,
2A Damien Lowery Logan  52.13,,,
1A Isaiah Garcia Springer 52.19,,,
,,,
800 M Dash,,,
Class Name School  Time,,,
6A Gavin Sleeter Eldorado 1.52.87,,,
5A Steven Duran St. Pius X 1:53.67,,,
4A Christian Padilla NMMI  1:57.25,,,
3A Ryan Sandoval Pecos 1:59.62,,,
2A Isaiah Rodarte  Penasco 1:58.35,,,
1A Isaiah Garcia Springer 2:03.27,,,
1600 M Run,,,
Class Name,School,Time,
6A Harrison Smith III,Eldordao,04:31.1,
5A Jordan Lesansee,ABQ. Academy,04:20.1,
4A Alex Heffelfinger,East Mountain,04:24.2,
3A Ryan Sandoval,Pecos,04:36.1,
2A Isaiah Rodarte,Penasco,04:30.6,
1A Austin Luksich,Cimarron,05:01.2,
,,,
,,,
3200 M Run,,,
Class Name,School,Time,
6A Devin Paredes,Rio Rancho,09:40.8,
5A Jordan Lesansee,ABQ. Academy,09:36.5,
4A Alex Heffelfinger,East Mountain,09:38.9,
3A Josh DeHerrera,Pecos,10:25.5,
2A Isaiah Rodarte,Penasco,09:49.5,
1A Emmit Falcon,Elida,11:00.8,
,,,
110 M Hurdles,,,
Class Name,School,Time,
6A Josh Foley,Rio Rancho,14.84,
5A Lindsey Larabee,Aztec,15.99,
4A Adrian Gibson,Shiprock,15.79,
3A Gustavo Macias,Dexter,17.29,
2A Raymond Drake,Fort Sumner,15.89,
1A Levi Smith,Cimarron,15.85,
,,,
300 M Hurdles,,,
Class Name,School,Time,
6A Veto Virgin,Cleveland,37.53,
5A Justin Black,Aztec,40.5,
4A Daniel Isiah Babb,Taos,38.99,
3A Mason Cast,Santa Rosa,42.66,
2A Raymond Drake,Fort Sumner,42.53,
1A Christian Mendez,Vaughn,41.96,
400 M Relay,,,
Class School,,,Time
6A Cleveland,,,42.18
5A Farmington,,,43.16
4A Silver,,,43.72
3A Santa Fe Prep,,,45.24
2A Logan,,,45.65
1A Reserve,,,46.75
,,,
800 M Relay,,,
Class School,,,Time
6A Volcano Vista,,,01:27.5
5A Farmington,,,01:29.7
4A Taos,,,01:31.1
3A Dexter,,,01:34.3
2A Fort Sumner,,,01:35.0
1A Reserve,,,01:37.7
,,,
1600 M Relay Medley,,,
Class School,,,Time
6A Eldorado,,,03:30.3
5A St. Pius X,,,03:32.2
4A St. Michael’s,,,03:41.7
3A NACA,,,03:43.9
2A Melrose,,,03:49.4
1A Corona,,,04:05.2
,,,
1600 M Relay,,,
Class School,,,Time
6A Volcano Vista,,,03:18.3
5A Piedra Vista,,,03:25.4
4A Taos,,,03:25.9
3A Estancia,,,03:34.4
2A Logan,,,03:37.9
1A Reserve,,,03:39.3
,,,
Shot Put,,,
Class Name,,School,Distance
6A Demetry Rodriguez,,Cleveland,54’-04.75”
5A Jackson Morris,,ABQ. Academy,51’-03.75”
4A Gabriel Aguirre,,Bloomfield,52’-01.75”
3A Vidal Torres,,Texico,46’-07.50”
2A Joel Legg,,Cloudcroft,42’-11.75”
1A Wade Cauzza,,Quemado,47’-06.75”
Discus,,,
Class Name,,School,Distance
6A Riley Finnegan,,Alamogordo,176’-05”
5A Jackson Morris,,ABQ. Academy,169’-09”
4A Gabriel Aguirre,,Bloomfield,151’-07”
3A Caleb Ortiz,,Estancia,145’-03”
2A Chris Cooke-Lovato,,Mountainair,134’-11”
1A Ivan Davila,,SF Waldorf,131’-07”
,,,
,,,
Long Jump,,,
Class Name,,School,Distance
6A Alejandro Goldston,,Volcano Vista,23’-01.00”
5A Jacob Lash,,Belen,21’-08.00”
4A Jonah Vigil,,Taos,21’-07.25”
3A Alexis Romo,,ATC,21’-08.25”
2A Cade Barnard,,Melrose,20’-02.50”
1A Antonio Valdez,,Mosquero,20’-10.00”
,,,
High Jump,,,
Class Name,,School,Distance
6A Zach Marshall,,Hobbs,6’-08.00”
5A Trystan Baker,,Lovington,6’-02.00”
4A Dainel Isiah Babb,,Taos,6’-04.00”
3A Blane Ferbrache,,Eunice,6’-02.00”
2A Jonathan Hammons,,Jal,5’-10.00”
1A Antonio Valdez,,Mosquero,6’-00.00”
,,,
Triple Jump,,,
Class Name,,School,Distance
6A Oscar Orozco,,Atrisco Heritage,45’-06.25”
5A Jake Flaming,,Moriarty,43’-06.00”
4A Daniel Isiah Babb,,Taos,46’-02.75”
3A Gabino Rodriguez,,Dexter,42’-09.00”
2A Kindell Kelly,,Magdalena,40’-05.00”
1A Jacob Thurman,,San Jon,40’-04.75”
,,,
Pole Vault,,,
Class Name,,School,Distance
6A Burgin Foster,,Clovis,14’-00.00”
5A Nathan Burnett,,Del Norte,15’-03.25”
4A Jeremiah Burke,,Silver,13’-09.00”
3A Stephen Sanchez,,Santa Rosa,12’-06.00”
2A Mike Estrada,,Logan,13’-00.00”
1A Oran Pierson,,Quemado,12’-00.00”
Javelin,,,
Class,Name,School,Distance
6A,Carter Phillips,Sandia,166’-05.00”
5A,Jackson Morris,ABQ. Academy,180’-08.00”
4A,Nicholas Gurule,W. Las Vegas,177’-08.00”
3A,Oliver Schultz,Capitan,160’-07.00”
2A,Chris Cooke-Lovato,Mountainair,154’-02.00”
1A,Ivan Davila,SF Waldorf,147’-01.00”
2017 Boys Track & Field State Champions,,,
,,,
,,,
100 M Dash,,,
Class Name School  Time,,,
6A Jordan Byrd Manzano 10.58,,,
5A Omaury Samuels Los Lunas 11.22,,,
4A Jonah VigilTaos 11.38,,,
3A Patrick BoydSF Prep 11.16,,,
2A Nathan Toddy  Cloudcroft11.69,,,
1A Joseph Benavidez San Jon 11.77,,,
,,,
200 M Dash,,,
Class Name School  Time,,,
6A Jordan Byrd Monzano  21.31,,,
5A Devon Sparkman Valencia 22.38,,,
4A LaVaughn Smooth Ruidoso 22.55,,,
3A Patrick BoydSF Prep 23.92,,,
2A Waylon Hinds  Escalante 24.34,,,
1A Joseph Benavidez San Jon 23.93,,,
,,,
400 M Dash,,,
Class Name School  Time,,,
6A Abram Schaap Volcano Vista  48.53,,,
5A George Kennedy St. Pius X 49.58,,,
4A Jonah VigilTaos 49.24,,,
3A Alejandro Trujillo Capitan 51.35,,,
2A Frankie OrtizMesa Vista 52.09,,,
1A Isiac Johnston  Reserve 52.78,,,
,,,
800 M Dash,,,
Class Name School  Time,,,
6A Harrison Smith III Eldorado 1.56.07,,,
5A Aric Kedge ABQ. Academy1:56.13,,,
4A Miguel CocaWest Las Vegas 2:02.46,,,
3A Ryan Bowekaty Zuni 1:57.59,,,
2A Jude Segura Fort Sumner 2:01.43,,,
1A Jared Lee Melrose 2:03.13,,,
1600 M Run,,,
Class Name,School,Time,
6A Jericho Cleveland,Volcano Vista,04:17.5,
5A Jordan Lesansee,ABQ. Academy,04:19.1,
4A Isiah Padilla,East Mountain,04:24.5,
3A Julian Garcia,Pecos,04:40.9,
2A Martin Flores,Hagerman,04:47.1,
1A Jared Lee,Melrose,04:49.3,
,,,
,,,
3200 M Run,,,
Class Name,School,Time,
6A Jericho Cleveland,Volcano Vista,09:30.5,
5A Jordan Lesansee,ABQ. Academy,09:31.2,
4A Miguel Coca,West Las Vegas,10:01.6,
3A Julian Garcia,Pecos,10:16.2,
2A Martin Flores,Hagerman,10:15.6,
1A Jared Lee,Melrose,10:36.8,
,,,
110 M Hurdles,,,
Class Name,School,Time,
6A Daniel Johnson,Cleveland,15.2,
5A Chase Thompson,Artesia,15.47,
4A Adrian Gibson,Shiprock,15.5,
3A Seth Martinez,Tucumcari,15.85,
2A Freddy Carrillo,Jal,15.93,
1A Job Sarellano,Animas,17.13,
,,,
300 M Hurdles,,,
Class Name,School,Time,
6A Veto Virgin,Cleveland,38.16,
5A Alex Alton,Alamogordo,39.5,
4A Arjay Ortiz,Robertson,39.77,
3A Seth Martinez,Tucumcari,41.01,
2A Julian Vidrio,Logan,40.92,
1A Job Sarellano,Animas,40.78,
400 M Relay,,,
Class School,,,Time
6A Volcano Vista,,,41.56
5A Los Lunas,,,42.89
4A Silver,,,44.02
3A Academy Tech/Classics,,,44.7
2A Lordsburg,,,45.53
1A Melrose,,,45.79
,,,
800 M Relay,,,
Class School,,,Time
6A Monzano,,,01:27.5
5A Los Lunas,,,01:28.8
4A Portales,,,01:32.8
3A McCurdy,,,01:33.9
2A Cloudcroft,,,01:35.7
1A Melrose,,,01:34.5
,,,
1600 M Relay Medley,,,
Class School,,,Time
6A Cleveland,,,03:32.5
5A Farmington,,,03:36.3
4A East Mountain,,,03:38.2
3A Capitan,,,03:45.8
2A Fort Sumner,,,03:50.5
1A Elida,,,03:56.1
,,,
1600 M Relay,,,
Class School,,,Time
6A Cleveland,,,03:16.2
5A Alamogordo,,,03:26.3
4A Taos,,,03:28.5
3A Texico,,,03:31.0
2A Cloudcroft,,,03:49.2
1A Melrose,,,03:42.8
,,,
Shot Put,,,
Class Name,,School,Distance
6A Forrest McKee,,Onate,57’-02.75”
5A Jackson Morris,,ABQ. Academy,58’-06.00”
4A Trenton Small,,Portales,50’-09.50”
3A Kobe Leal,,Clayton,48’-00.00”
2A Jerome Earle,,Logan,47’-10.00”
1A Wade Cauzza,,Quemado,46’-05.00”
Discus,,,
Class Name,,School,Distance
6A Grayson Hertrich,,Eldorado,163’-00”
5A Jackson Morris,,ABQ. Academy,179’-00”
4A Trenton Small,,Portales,139’-09”
3A Sam Cooksey,,Loving,135’-10”
2A Logan Franklin,,Hagerman,128’-00”
1A Deven Thompson,,NMSD,127’-09”
,,,
,,,
Long Jump,,,
Class Name,,School,Distance
6A Austin Atencio,,Carlsbad,22’-01.75”
5A Brandon Perez,,Roswell,22’-02.00”
4A Marvin Encinias,,Moriarty,22’-00.00”
3A Keiran Freeman,,Cottonwood,21’-04.75”
2A Joe Gonzales,,Lordsburg,20’-07.75”
1A Joseph Benavidez,,San Jon,20’-07.00”
,,,
High Jump,,,
Class Name,,School,Distance
6A Zach Marshall,,Hobbs,7’-00.00”
5A Lucas McNatt,,Captial,6’-00.00”
4A Arjay Ortiz,,Robertson,6’-02.00”
3A Andrew Corley,,Laguna Acoma,6’-00.00”
2A Tyson Hughes,,Cloudcroft,6’-02.00”
1A Brenden Goetz,,Reserve,6’-02.00”
,,,
Triple Jump,,,
Class Name,,School,Distance
6A Miles Brinson,,Cibola,45’-11.00”
5A Lucas Jepsen,,ABQ. Academy,46’-02.00”
4A Alejandro Salazar,,Taos,43’-04.75”
3A Stephen Sanchez,,Santa Rosa,42’-00.00”
2A Caleb May,,Lordsburg,40’-10.75”
1A Joseph Benevidez,,San Jon,40’-06.50”
,,,
Pole Vault,,,
Class Name,,School,Distance
6A Burgin Foster,,Clovis,14’-00.00”
5A Liam Johnson,,Los Alamos,15’-00.00”
4A Aaron Murphy,,Moriarty,12’-06.00”
3A Stephen Sanchez,,Santa Rosa,13’-00.00”
2A Steven Coronado,,Logan,13’-00.00”
1A Oran Pierson,,Quemado,13’-00.00”
Javelin,,,
Class,Name,School,Distance
6A,Gabriel Sidwell,Onate,183’-07.00”
5A,Jackson Morris,ABQ. Academy,195’-10.00”
4A,Gabe Pedraza,Cobre,158’-04.00”
3A,Xavier Garcia,Tucumcari,164’-11.00”
2A,Isaac Morales,Hagerman,148’-08.00”
1A,Kaull Burton,Elida,155’-11.00”
2018 Boys Track & Field State Champions,,,
,,,
,,,
100 M Dash,,,
Class Name School  Time,,,
6A Jordan Byrd Manzano 10.50,,,
5A Caezar Chavez Deming 10.76,,,
4A Jonah VigilTaos 11.05,,,
3A Gustavo MaciasDexter  11.34,,,
2A Frankie Ortiz Mesa Vista 11.86,,,
1A DJ Mathis Quemado 11.62,,,
,,,
200 M Dash,,,
Class Name School  Time,,,
6A Jordan Byrd Manzano  21.67,,,
5A Chamar Norman Alamogordo 22.37,,,
4A Jonah VigilTaos 21.91,,,
3A Gustavo MaciasDexter  22.78,,,
2A Brant West Fort Sumner 23.09,,,
1A DJ Mathis Quemado 23.33,,,
,,,
400 M Dash,,,
Class Name School  Time,,,
6A Isaac Cole Manzano 48.59,,,
5A Zakarri Fields  Gallup  49.44,,,
4A Jonah VigilTaos 47.01,,,
3A Wyatt Lawrence Capitan 51.04,,,
2A Brant West Fort Sumner 49.97,,,
1A Billy Baca Reserve 51.48,,,
,,,
800 M Dash,,,
Class Name School  Time,,,
6A Jericho Cleveland Volcano Vista  1:52.59,,,
5A Elijah Velasquez Los Alamos 1:56.70,,,
4A Miguel CocaWest Las Vegas 1:56.18,,,
3A Tyler Gibson Cottonwood Classical  1:58.43,,,
2A Martin Flores Hagerman 1:59.32,,,
1A Will Haley Elida 2:03.40,,,
1600 M Run,,,
Class Name,School,Time,
6A Jericho Cleveland,Volcano Vista,04:12.5,
5A Kashon Harrison,Kirtland Central,04:22.9,
4A Miguel Coca,West Las Vegas,04:24.5,
3A Tyler Gibson,Cottonwood Classical,04:33.2,
2A Martin Flores,Hagerman,04:31.6,
1A Ryan Johnson,Roy,04:50.7,
,,,
,,,
3200 M Run,,,
Class Name,School,Time,
6A Jericho Cleveland,Volcano Vista,09:45.2,
5A Kashon Harrison,Kirtland Central,09:48.8,
4A Miguel Coca,West Las Vegas,09:51.8,
3A Isaiah Armijo,Pecos,10:11.2,
2A Martin Flores,Hagerman,10:03.1,
1A Emitt Falcon,Elida,10:36.0,
,,,
110 M Hurdles,,,
Class Name,School,Time,
6A Noah Fay,Rio Rancho,14.57,
5A Kale Mauritsen,Artesia,14.89,
4A Vince Quezada,Hope Christian,15.32,
3A Martin Madrid,Santa Rosa,15.47,
2A Kasey Reese,Mountainair,15.95,
1A Devon Bailey,Melrose,16.26,
,,,
300 M Hurdles,,,
Class Name,School,Time,
6A Noah Fay,Rio Rancho,38.45,
5A Kale Mauritsen,Artesia,38.28,
4A Arjay Ortiz,Robertson,39.24,
3A Seth Martinez,Tucumcari,40.01,
2A Kasey Reese,Mountainair,40.74,
1A Devon Bailey,Melrose,42.32,
,,,
400 M Relay,,,
Class School,,,Time
6A Manzano,,,41.47
5A Chaparral,,,42.42
4A Taos,,,43.71
3A Eunice,,,44.12
2A Fort Sumner,,,45.49
1A Reserve,,,46.36
,,,
800 M Relay,,,
Class School,,,Time
6A Manzano,,,01:27.1
5A Artesia,,,01:31.4
4A St. Michael’s,,,01:30.5
3A Dexter,,,01:32.7
2A Fort Sumner,,,01:33.5
1A Melrose,,,01:36.8
,,,
1600 M Relay Medley,,,
Class School,,,Time
6A Eldorado,,,03:32.7
5A Aztec,,,03:41.8
4A Silver,,,03:41.1
3A Cottonwood Classical,,,03:38.9
2A Fort Sumner,,,03:52.8
1A Elida,,,03:54.5
,,,
1600 M Relay,,,
Class School,,,Time
6A Rio Rancho,,,03:21.2
5A Academy,,,03:23.5
4A Taos,,,03:26.4
3A Tucumcari,,,03:30.5
2A Fort Sumner,,,03:35.1
1A Reserve,,,03:36.6
,,,
Shot Put,,,
Class Name,,School,Distance
6A Michael Honigmann,,Hobbs,57’-01.25”
5A Jonathan Flores,,Goddard,52’-03.75”
4A Tyler McClendon,,Ruidoso,50’-01.50”
3A Kobe Leal,,Clayton,51’-06.75”
2A Alex Moyer,,Fort Sumner,41’-07.50”
1A Deven Thompson,,N.M.S.D.,46’-04.25”
,,,
Discus,,,
Class Name,,School,Distance
6A Michael Honigmann,,Hobbs,160’-04”
5A Jonathan Flores,,Goddard,148’-00”
4A Chris Cruz,,Silver,143’-07”
3A Kobe Leal,,Clayton,129’-09”
2A Alex Moyer,,Fort Sumner,116’-06”
1A Deven Thompson,,NMSD,130’-02”
,,,
,,,
Long Jump,,,
Class Name,,School,Distance
6A Ryan Allin,,La Cueva,22’-07.50”
5A Lucas Jepsen,,ABQ. Academy,22’-10.25”
4A Jonah Vigil,,Taos,23’-02.75”
3A Gustavo Macias,,Dexter,22’-09.00”
2A Andres Blea,,Escalante,20’-02.75”
1A Isiac Johnston,,Reserve,20’-02.50”
,,,
High Jump,,,
Class Name,,School,Distance
6A Jackson Kinney,,Hobbs,6’-08.00”
5A Jasia Reese,,Roswell,6’-00.00”
4A Arjay Ortiz,,Robertson,6’-02.00”
3A Sean Coles,,Santa Fe Prep,6’-02.00”
2A Osbaldo Najera,,Hagerman,5’-10.00”
1A Ben Fletcher,,Reserve,6’-04.00”
,,,
Triple Jump,,,
Class Name,,School,Distance
6A Chris Mar-yuen,,Mayfield,45’-00.25”
5A Lucas Jepsen,,ABQ. Academy,45’-01.00”
4A Caleb Flaming,,Moriarty,44’-02.75”
3A Sam Sparks,,Santa Fe Prep,42’-02.25”
2A Jordan Evans,,Logan,40’-02.75”
1A Ryan Johnson,,Roy,42’-04.50”
,,,
Pole Vault,,,
Class Name,,School,Distance
6A Burgin Foster,,Clovis,14’-06.00”
5A Kale Mauritsen,,Artesia,13’-00.00”
4A Aiden Cabeldue,,Portales,13’-00.00”
3A Gustavo Macias,,Dexter,13’-00.00”
2A Steven Coronado,,Logan,13’-00.00”
1A Kaull Burton,,Elida,12’-06.00”
Javelin,,,
Class,Name,School,Distance
6A,Garrett Wade,Cleveland,180’-01.00”
5A,Teagun Glenn,ABQ. Academy,190’-01.00”
4A,Darren Salazar,Silver,180’-08.00”
3A,Paden McDermid,Texico,163’-03.00”
2A,Jude Segura,Fort Sumner,149’-07.00”
1A,Kaull Burton,Elida,150’-10.00”
2019 Boys Track & Field State Champions,,,
,,,
,,,
100 M Dash,,,
Class Name School  Time,,,
5A Montez Wright Clovis  10.69,,,
4A Jonah Vigil Taos 10.51,,,
3A Jalil Brown NMMI  11.22,,,
2A Ahbedoh White Eagle  ATC 11.15,,,
1A Dyson Day Logan  11.31,,,
,,,
200 M Dash,,,
Class Name School  Time,,,
5A Montez Wright Clovis  21.60,,,
4A Jonah Vigil Taos 21.30,,,
3A Sam Sparks Santa Fe Prep  22.49,,,
2A Ahbedoh White Eagle  ATC 22.64,,,
1A Jantzen Paris Logan  23.28,,,
,,,
400 M Dash,,,
Class Name School  Time,,,
5A Anthony Bisetti Cleveland 49.01,,,
4A Jonah Vigil Taos 47.75,,,
3A Hayden Lee St. Michael’s 50.75,,,
2A Wyatt Lowrance Capitan 50.50,,,
1A Jantzen Paris Logan  50.62,,,
,,,
800 M Dash,,,
Class Name School  Time,,,
5A Jerrick Maldonado Clovis  1:55.27,,,
4A Julian Garcia ABQ Academy 1:56.66,,,
3A Isaiah Paiz West Las Vegas 1:58.84,,,
2A Martin Flores Hagerman 1:58.59,,,
1A Jude Segura Fort Sumner 2:00.46,,,
,,,
1600 M Run,,,
Class Name School  Time,,,
5A TJ Gregg Clovis  4:26.05,,,
4A Kashon Harrison Kirtland Central 4:21.32,,,
3A Epherem Zerai Sandia Prep 4:30.12,,,
2A Martin Flores Hagerman 4:33.31,,,
1A Ryan Johnson  Roy 4:53.44,,,
3200 M Run,,,
Class Name,School,Time,
5A Stevie Salas,La Cueva,09:44.2,
4A Kashon Harrison,Kirtland Central,09:26.4,
3A Chris Humetewa,Santa Fe Indian,09:54.6,
2A Galvin Curley,Navajo Pine,09:37.8,
1A Ryan Johnson,Roy,10:35.8,
,,,
110 M Hurdles,,,
Class Name,School,Time,
5A Tommy Lopez,Cleveland,14.56,
4A Kale Mauritsen,Artesia,14.77,
3A Seth Martinez,Tucumcari,15.69,
2A Martin Madrid,Santa Rosa,15.64,
1A Devon Bailey,Melrose,15.73,
,,,
300 M Hurdles,,,
Class Name,School,Time,
5A Connor O’Toole,La Cueva,38.36,
4A Kale Mauritsen,Artesia,38.35,
3A Seth Martinez,Tucumcari,40.12,
2A Andres Blea,Escalante,40.32,
1A Devon Bailey,Melrose,41.39,
,,,
400 M Relay,,,
Class School,,Time,
5A Cleveland,,42.03,
4A Los Alamos,,43.3,
3A St. Michael’s,,44.1,
2A ATC,,44.44,
1A Fort Sumner,,45.8,
,,,
800 M Relay,,,
Class School,,Time,
5A Volcano Vista,,01:28.1,
4A Artesia,,01:29.7,
3A St. Michael’s,,01:31.8,
2A Eunice,,01:33.2,
1A Logan,,01:36.1,
1600 M Medley Relay,,,
Class School,,Time,
5A Clovis,,03:33.6,
4A Los Alamos,,03:39.4,
3A St. Michael’s,,03:43.0,
2A Mesa Vista,,03:49.2,
1A Fort Sumner,,03:57.6,
,,,
1600 M Relay,,,
Class School,,Time,
5A Cleveland,,03:20.2,
4A Taos,,03:19.4,
3A St. Michael’s,,03:26.9,
2A Capitan,,03:34.1,
1A Logan,,03:37.8,
,,,
Shot Put,,,
Class Name,School,Distance,
5A Konner Babb,Hobbs,51’-07.5”,
4A Teagun Glenn,ABQ Academy,53’-09”,
3A Juan Chairez,Hatch Valley,45’-10”,
2A Kobe Leal,Clayton,48’-01”,
1A Deven Thompson,NMSD,49’-06.5”,
,,,
Discus,,,
Class Name,School,Distance,
5A Andre Romero,Cleveland,147’-00”,
4A Chris Cruz,Silver,167’-02”,
3A DeShaun Garcia,Thoreau,135’-05”,
2A Kobe Leal,Clayton,120’-02”,
1A Cory Terrell,Fort Sumner,128’-04”,
,,,
Long Jump,,,
Class Name,School,Distance,
5A Austin Atencio,Carlsbad,23’-01.75”,
4A Jonah Vigil,Taos,22’-10.25”,
3A Samuel Montanez,Dexter,21’-07.25”,
2A Stephen Sanchez,Santa Rosa,20’-06”,
1A Dustin Bryant,San Jon,20’-01”,
High Jump,,,
Class Name,,School,Distance
5A Owen Olney,,Rio Rancho,6’-06”
4A Adam Giron,,Valley,6’-06”
3A Derek McQuiston,,St. Michael’s,6’-02”
2A Avante Stevens,,Eunice,5’-08”
1A Aron Sakelaris,,Des Moines,5’-10”
,,,
Triple Jump,,,
Class Name,,School,Distance
5A Brad Thomas,,La Cueva,46’-04”
4A Lucas Jepsen,,ABQ Academy,45’-04.75”
3A Sam Sparks,,Santa Fe Prep,42’-10.25”
2A Cameron Santa Cruz,,Eunice,42’-06.25”
1A Adrian Lackey,,Quemado,42’-03”
,,,
Pole Vault,,,
Class Name,,School,Distance
5A Holden Mueller,,La Cueva,13’-06”
4A Aiden Cabeldue,,Portales,14’-00”
3A Gustavo Macias,,Dexter,11’-06”
2A Brian Walker,,Estancia,12’-06”
1A Owen Burton,,Springer,12’-00”
,,,
Javelin,,,
Class Name,,School,Distance
5A Dylan Tucker,,Roswell,172’-07”
4A Zach Jaramillo,,ABQ Academy,188’-10”
3A Dominic Morgan,,St. Michael’s,154’-04”
2ACruz Moreno,,Estancia,158’-02”
1A Jude Segura,,Fort Sumner,165’-07”
