,,10
,2A,"Houston McTear, Baker, 10.0"
,A,"Theryl Brown, Liberty County (Bristol), 10.8"
1977,4A,"Cyril Wyatt, Oak Ridge (Orlando), 09.6"
,3A,"Ron Nelson, Rockledge, 09.9"
,2A,"Leroy Love, Pahokee, 10.0"
,A,"Charles Weaver, FAMU (Tallahassee), 10.3"
1978,4A,"Javaro Sims, Lake Worth, 09.6"
,3A,"Donald Frost, Shanks (Quincy), 09.8"
,2A,"Sam McIver, Taylor (Pierson), 10.3"
,A,"Chris Corbett, Moore Haven, 10.5"
1979,4A,"Walter Monroe, Robinson (Tampa), 09.7"
,3A,"Richard Ryles, North Shore (West Palm"
,,"Beach), 09.9"
,2A,"Julius Hamilton, Frostproof, 09.8"
,A,"Chris Corbett, Moore Haven, 10.51"
1980,4A,"Walter Monroe, Robinson (Tampa), 09.94"
,3A,"Ollie Anderson, Bayshore (Bradenton),"
,,09.76
,2A,"Claude Magee, Clermont, 10.45"
,A,"Leon Hamilton, Frostproof, 10.53"
1981,4A,"Fred Johnson, Ribault (Jacksonville), 09.8"
,3A,"Robert Leach, Godby (Tallahassee), 09.9"
,2A,"Keith Ross, Newberry, 10.1"
,A,"Dexter Bovie, Greensboro, 10.1"
1982,4A,"Ernest Polk, Sarasota, 09.8"
,3A,"Edwin Williams, Lake Wales, 09.8"
,2A,"Keith Ross, Newberry, 10.0"
,A,"Anthony Coleman, Hastings, 10.4"
1983,4A,"Emerson Williams, Mainland (Daytona"
,,"Beach), 09.6"
,3A,"Brent Fullwood, St. Cloud, 09.9"
,2A,"Carlton Scott, Chiefland, 10.0"
,A,"James Aldrich, Mount Dora Bible, 10.2"
1984,4A,"Sam Smith, Apopka, 09.7"
,3A,"Arthur Blake, Haines City, 09.5"
,2A,"Raymond Green, P.K. Yonge (Gainesville),"
,,10.1
,A,"Kenneth Perry, FAMU (Tallahassee), 09.9"
1985,4A,"Stacy Simmons, Dunedin, 09.6"
,3A,"Walter Watkins, St. Thomas Aquinas (Fort"
,,"Lauderdale), 09.7"
,2A,"Derrick Williams, Havana, 09.9"
,A,"Garrett Williams, Lakeland Christian, 09.8"
100-Meter Dash,,
1986,4A,"James Flemings, Miami Edison, 10.56"
,3A,"Walter Watkins, St. Thomas Aquinas (Fort"
,,"Lauderdale), 10.39"
,2A,"Raymond Irvin, Father Lopez (Daytona"
,,"Beach), 10.84"
,A,"Garrett Williams, Lakeland Christian, 10.90"
1987,4A,"Kenneth Brokenburr, Winter Haven, 10.7"
,3A,"Keith Strong, Lake Gibson (Lakeland), 10.47"
,2A,"Patrick Williams, Santa Fe (Alachua), 10.85"
,A,"Amir Rasul, FAMU (Tallahassee), 11.02"
1988,4A,"Shannon Baker, Lakeland, 10.69"
,3A,"William Jackson, Lake Wales, 10.72"
,2A,"Curtis Johnson, Palmetto, 10.70"
,A,"Renee Smith, Moore Haven, 10.5"
1989,4A,"Shannon Baker, Lakeland , 10.7"
,3A,"Desi Patterson, Raines (Jacksonville), 10.65"
,2A,"Frederick Fields, DeSoto County (Arcadia),"
,,10.57
,A,"Fred James, Hawthorne, 10.95"
1990,4A,"Robert Scott, Winter Haven, 10.41"
,3A,"Frederick Fields, DeSoto County (Arcadia),"
,,10.42
,2A,"Curtis Johnson, Palmetto, 10.41"
,A,"Frederick James, Hawthorne, 10.81"
1991,4A,"Jonathan Carter, Dillard (Fort Lauderdale),"
,,10.83
,3A,"Derrick Whitehurst, Escambia (Pensacola),"
,,10.68
,2A,"Craig Jackson, Clay (Green Cove Springs),"
,,10.7
,A,"Vincent White, Chattahoochee, 11.1"
1971,2A,"Ernest Pough, New Stanton (Jacksonville),"
,,09.7
,A,"Lyle Lattimore, DeSoto County (Arcadia),"
,,09.9
,B,"John Davidson, St. Cloud, 09.7"
,C,"Carl Brown, Graceville, 10.3"
1972,4A,"Jessie Forbes, Leon (Tallahassee), 09.8"
,3A,"Walter Arnold, Haines City, 10.0"
,2A,"Anthony Stroman, DeSoto County"
,,"(Arcadia), 10.0"
,A,"George Shuler, FAMU (Tallahassee), 10.2"
1973,4A,"Jessie Forbes, Leon (Tallahassee), 09.6"
,3A,"Willie Wilder, Haines City, 09.6"
,2A,"Houston McTear, Baker, 09.7"
,A,"George Shuler, FAMU (Tallahassee), 09.8"
1974,4A,"James Brown, Mainland (Daytona Beach),"
,,09.8
,3A,"John Jackson, Oviedo, 10.1"
,2A,"Houston McTear, Baker, 10.1"
,A,"Eddie Davis, FAMU (Tallahassee), 10.2"
1975,4A,"James Brown, Mainland (Daytona Beach),"
,,09.2
,3A,"Derrick Harris, Jones (Orlando), 09.7"
,2A,"Houston McTear, Baker, 09.0"
,A,"Alberto Gonzales, Oak Hall (Gainesville),"
,,10.1
1976,4A,"Calvin Raley, Raines (Jacksonville), 09.4"
,3A,"Cris Collinsworth, Astronaut (Titusville),"
1992,4A,"Larry Barther, Raines (Jacksonville), 10.67"
,3A,"Tony McCall, Forest (Ocala), 10.61"
,2A,"Gilbert Grantlin, Glades Central (Belle"
,,"Glade), 10.74"
,A,"Vincent White, Chattahoochee, 11.0"
1993,4A,"Willie Brown, Kathleen (Lakeland), 10.76"
,3A,"Tony McCall, Forest (Ocala), 10.38"
,2A,"Jim Turner, Bishop Kenny (Jacksonville),"
,,10.61
,A,"Vincent Brown, Chattahoochee, 10.93"
1994,5A,"Trevor Rush, Mosley (Lynn Haven), 10.54"
,4A,"Terry Sams, Buchholz (Gainesville), 10.64"
,3A,"Eric Hodges, Ribault (Jacksonville), 10.53"
,2A,"Marcus Bullock, Pensacola Catholic, 10.85"
,A,"Matthew Estevez, Keswick Christian (St."
,,"Petersburg), 11.01"
1995,6A,"Trevor Rush, Mosley (Lynn Haven), 10.64"
,5A,"Bobby Williams, Buchholz (Gainesville),"
,,10:48
,4A,"James Stanislas, Shanks (Quincy), 10.87"
,3A,"Marcus Bullock, Pensacola Catholic, 10.71"
,2A,"Leroy Myers, Moore Haven, 11.11"
1996,6A,"Travis McNichols, Hialeah Miami Lakes,"
,,10.71
,5A,"Jarrish Outlaw, Boca Ciega (Gulfport), 10.89"
,4A,"Richardo Shaw, Shanks (Quincy), 10.40"
,3A,"David Ford, Cardinal Newman (West Palm"
,,"Beach), 10.89"
,2A,"Mike White, Cottondale, 10.94"
1997,6A,"Gerald Wright, Apopka, 10.74"
,5A,"Gary White, Wolfson (Jacksonville), 10.66"
,4A,"John Capel, Hernando (Brooksville), 10.46"
,3A,"Bennie Alexander, Union County (Lake"
,,"Butler), 10.83"
,2A,"Devin Pierce, Westminster Academy (Fort"
,,"Lauderdale), 11.05"
1998,6A,"Dematrius Ivey, Miami Southridge, 10.52"
,5A,"Tim Carter, Lakewood (St. Petersburg),"
,,10.49
,4A,"Brian Smith, Booker (Sarasota), 10.54"
,3A,"Markie Jackson, Taylor County (Perry),"
,,10.95
,2A,"C. Edwards, Lake Highland Prep (Orlando),"
,,11.21
1999,6A,"Luther Huggins, Miami Jackson, 10.62"
,5A,"Cols Colas, South Plantation, 10.70"
,4A,"Johnnie Mullins, Glades Central (Belle"
,,"Glade), 10.85"
,3A,"Markie Jackson, Taylor County (Perry),"
,,10.98
,2A,"Taylor Jacobs, FAMU (Tallahassee), 11.05"
2000,4A,"Mike Frater, Boyd Anderson (Lauderdale"
,,"Lakes), 10.79"
,3A,"Justin Gatlin, Woodham (Pensacola), 10.69"
,2A,"Jason Cannon, Astronaut (Titusville), 10.83"
,A,"Jeff Miller, Trinity Prep (Winter Park), 11.22"
2001,4A,"Dwight Ellick, Wharton (Tampa), 10.84"
,3A,"Frederick Robinson, Glades Central (Belle"
,,"Glade), 10.79"
,2A,"Willie Lewis, Astronaut (Titusville), 10.97"
,A,"Reggie Quinn, Port St. Joe, 10.97"
2002,4A,"Travarous Bain, Miami Northwestern, 10.74"
,3A,"Fredrick Robinson, Glades Central (Belle"
,,"Glade), 10.65"
,2A,"Demetrice Hankerson, Bradford (Starke),"
,,10.85
,A,"Kareem Edwards, Dade Christian (Miami),"
,,10.75
2003,4A,"Walter Dix, Coral Springs, 10.46"
,3A,"Xavier Carter, Palm Bay (Melbourne), 10.59"
,2A,"McIntosh Nicolas, Immokalee, 10.83"
,A,"Reginald Knox, Havana Northside, 10.82"
2004,4A,"Walter Dix, Coral Springs, 10.38"
,3A,"Xavier Carter, Palm Bay (Melbourne), 10.56"
,2A,"Brandon Bass, Bradford (Starke), 10.91"
,1A,"Ronnie Jackson, Chattahoochee, 11.02"
2005,4A,"Teddy Poole, Lakeland, 10.89"
,3A,"O.J. Murdock, Middleton (Tampa), 10.66"
,2A,"Jacoby Ford, Cardinal Newman (West Palm"
,,"Beach), 10.32"
,1A,"Lavaris Edwards, Bay Point (Miami), 10.92"
2006,4A,"Harry Adams, Dillard (Fort Lauderdale),"
,,10.31
,3A,"Jeremy Hall, Wolfson (Jacksonville), 10.44"
,2A,"C.J. Spiller, Union County (Lake Butler),"
,,10.95
,1A,"Bernard Scott, Admiral Farragut (St."
,,"Petersburg), 10.86"
2007,4A,"Harold Howell, Mandarin (Jacksonville),"
,,10.72
,3A,"Leonardo Seymore, Dwyer (Palm Beach"
,,"Gardens), 10.82"
,2A,"Jeffery Demps, South Lake (Groveland),"
,,10.37
,1A,"Onterio McCalebb, Fort Meade, 10.93"
2008,4A,"Dentarius Locke, Chamberlain (Tampa),"
,,10.72
,3A,"Jeffery Demps, South Lake (Groveland),"
,,10.4
,2A,"Jasmin Parker, Raines (Jacksonville), 10.74"
,1A,"Jonathan Woodbine, Florida Christian"
,,"(Miami), 11.13"
2009,4A,"Dentarius Locke, Chamberlain (Tampa),"
,,10.32
,3A,"John Little, Eastside (Gainesville), 10.53"
,2A,"Derrick Hopkins, Monsignor Pace (Miami),"
,,10.64
,1A,"Serge Trezy, Agape Christian (Orlando),"
,,11.41
2010,4A,"Marvin Bracy, Boone (Orlando), 10.19"
,3A,"Michael Bellamy, Charlotte (Punta Gorda),"
,,10.51
,2A,"Jerimy Strainge, North Broward Prep"
,,"(Coconut Creek), 10.66"
,1A,"Lee Williams, Maclay (Tallahassee), 10.99"
2011,4A,"Marvin Bracy, Boone (Orlando), 10.39"
,3A,"Tyler Osorio, Celebration, 10.54"
,2A,"Levonte Whitfield, Jones (Orlando), 10.69"
,1A,"Lee Williams, Maclay (Tallahassee), 10.90"
2012,4A,"Marvin Bracy, Boone (Orlando), 10.52"
,3A,"Kendal Williams, Stanton (Jacksonville),"
,,10.49
,2A,"Levonte Whitfield, Jones (Orlando), 10.49"
,1A,"Lee Williams, Maclay (Tallahassee), 10.80"
2013,4A,"Amir Rasul, Columbus (Miami), 10.81"
,3A,"Trayvon Bromell, Gibbs (St. Petersburg),"
,,10.45
,2A,"Wilkerson Myrtil, Jones (Orlando), 10.63"
,1A,"Kwadarius Smith, First Academy (Orlando),"
,,10.55
2014,4A,"Terry Jernigan, East Ridge (Clermont), 10.51"
,3A,"Kendal Williams, Stanton (Jacksonville),"
,,10.33
,2A,"Nigel Bethel II, Washington (Miami), 10.73"
,1A,"Michael Timpson Jr., First Academy"
,,"(Orlando), 11.01"
2015,4A,"Isaiah Taylor, West Broward, 10.48"
,3A,"Devin Quinn, Charlotte, 10.58"
,2A,"Chauncey Gardner, Cocoa, 10.38"
,1A,"Kiande Phillips, Foundation A, 10.77"
2016,4A,"Bryand Rincher, Piper, 10.67"
,3A,"Marcus Reaves, Pine Forest, 10.92"
,2A,"Anthony Schwartz, American Heritage,"
,,10.68
,1A,"Alex Gray, Admiral Farragut (St."
,,"Petersburg), 11.12"
2017,4A,"Lavonte Valentine, East Ridge, 10.61"
,3A,"Chauncy Smart, Auburndale, 10.56"
,2A,"Tyson Campbell, American Heritage"
,,"(Plantation), 10.76"
,1A,"Owen Clanahan, Bishop McLaughlin, 11.03"
2018,4A,"Terrence Horne Jr., Miramar, 10.48"
,3A,"Jaquez Stuart, Miami Northwestern, 10.53"
,2A,"Anthony Schwartz, American Heritage"
,,"(Plantation), 10.07"
,1A,"Evan Miller, Zephyrhills, 10.75"
2019,4A,"Taylor Banks, Miramar, 10.69"
,3A,"Marcus Fleming, Miami Northwestern,"
,,10.62
,2A,"Milledge Seneca, Dunbar (Fort Myers),"
,,10.55
,1A,"Kesean Brown, Oak Hall (Gainesville), 10.74"
,A,"Frank Ogles, Niceville, 1:55.8"
,B,"David Price, Florida High (Tallahassee),"
,,02:01.0
,C,"Billy Brinson, Liberty County (Bristol), 2:02.0"
1972,4A,"LeRoy Bell, Miami Killian, 1:53.3"
,3A,"N. Prinz, Bishop Barry (St. Petersburg),"
,,01:56.2
,2A,"Carl Henry, Jefferson County (Monticello),"
,,01:55.7
,A,"G. Mills, John Carroll (Fort Pierce), 2:04.1"
1973,4A,"Robert Dixon, Brandon, 1:54.5"
,3A,"Keith Lee, Crestview, 1:54.2"
,2A,"Doug Garcia, Santa Fe (Alachua), 1:59.5"
,A,"Robin Pauley, Bunnell, 2:02.1"
1974,4A,"Wayne Embree, Largo, 1:54.4"
,3A,"Glen Kettenacker, Astronaut (Titusville),"
,,01:53.4
,2A,"Earl Caruthers, St. Petersburg Catholic,"
,,01:55.8
,A,"Ronald Maloy, Frostproof, 2:04.5"
1975,4A,"Tommy Curtis, Brandon, 1:53.6"
,3A,"Henry Stanley, Lake Brantley (Altamonte"
,,"Springs), 1:55.6"
,2A,"Doug Garcia, Santa Fe Catholic (Lakeland),"
,,01:54.1
,A,"Bruce DeVane, Indian River Academy (Fort"
,,"Pierce), 2:00.7"
1976,4A,"Rob Gomez, Boca Ciega (Gulfport), 1:52.9"
,3A,"Earl Hill, Buchholz (Gainesville), 1:52.8"
,2A,"Alphonse Williams, Avon Park, 1:59.5"
,A,"Robert Fleck, Westminster Academy (Fort"
,,"Lauderdale), 2:01.0"
1977,4A,"Carlos Carrilo, Titusville, 1:52.4"
,3A,"Earl Hill, Buchholz (Gainesville), 1:55.3"
,2A,"Alphonso Williams, Avon Park, 1:58.6"
,A,"Bobby Wilson, Freeport, 2:02.8"
1978,4A,"Rob Gomez, Boca Ciega (Gulfport), 1:53.3"
,3A,"Travis Keltner, Lely (Naples), 1:54.8"
,2A,"Mark Jacob, Crescent City, 1:57.2"
,A,"Paul McNulty, Trinity Prep (Winter Park),"
,,01:59.9
1979,4A,"William Gower, Pinellas Park (Largo), 1:54.4"
,3A,"Thor Bendickson, Tampa Catholic, 1:58.1"
,2A,"Scott Scheffler, Clewiston, 1:57.6"
,A,"Paul McNulty, Trinity Prep (Winter Park),"
,,02:00.2
1980,4A,"William Gower, Pinellas Park (Largo),"
,,01:52.7
,3A,"Thor Bendickson, Tampa Catholic, 1:57.19"
,2A,"Bill Burgstiner, Episcopal (Jacksonville),"
,,02:01.7
,A,"John Godwin, Freeport, 1:58.71"
1981,4A,"Victor Shine, Sandalwood (Jacksonville),"
,,01:55.7
,3A,"Paul Mason, Astronaut (Titusville), 1:57.2"
,2A,"Gregory Jones, Union County (Lake Butler),"
,,02:00.4
,A,"Dan McQuaig, Montverde Academy, 2:03.6"
1982,4A,"Joseph Goldstein, Leto (Tampa), 1:54.4"
,3A,"George Tyson, Bishop Moore (Orlando),"
,,01:55.4
,2A,"William Convey, Ransom Everglades"
,,"(Miami), 1:58.6"
,A,"Tony Nogueras, St. John Lutheran (Ocala),"
,,01:59.5
1983,4A,"Ben Squaire, Forrest (Jacksonville), 1:53.4"
,3A,"Eric Enholm, Milton, 1:55.3"
,2A,"Nate Bryant, Groveland, 1:59.7"
,A,"Kevin Cantrell, Mount Dora Bible, 2:01.2"
1984,4A,"George Gardner, Oak Ridge (Orlando),"
,,01:53.6
,3A,"Reggie Sampson, Rickards (Tallahassee),"
,,01:56.1
,2A,"Jeff Frost, Pahokee, 1:56.6"
,A,"William Lang, Berkeley Prep (Tampa), 1:58.9"
1985,4A,"William Banks, Lake Gibson (Lakeland),"
,,01:55.0
,3A,"Scott Woodman, Venice, 1:54.4"
,2A,"Jeff Frost, Pahokee, 1:58.8"
,A,"William Lang, Berkeley Prep (Tampa), 1:57.5"
1986,4A,"William Lang, Chamberlain (Tampa),"
1971,2A,"Randy Russell, Wolfson (Jacksonville),"
,,01:54.3
,,01:54.7
,3A,"William Banks, Lake Gibson (Lakeland),"
,,01:56.0
,2A,"Kristin Smith, Admiral Farragut (St."
,,"Petersburg), 1:57.91"
,A,"Clinton Thompson, Palmer (Miami), 1:59.85"
1987,4A,"Edel Fonseca, Miami Sunset, 1:55.52"
,3A,"Stephen Adderly, Atlantic (Delray Beach),"
,,01:54.0
,2A,"John Ackerman, Naples, 2:00.52"
,A,"Mike Musick, Lakeland Christian, 2:01.89"
1988,4A,"Don Zondervan, Dunedin, 1:55.67"
,3A,"Scott Peters, Gainesville, 1:54.3"
,2A,"Walter Burns, Chiefland, 1:59.18"
,A,"Kay Rance, St. John Lutheran (Ocala), 1:56.6"
1989,4A,"Antonio Martel, Boyd Anderson"
,,"(Lauderdale Lakes), 1:53.4"
,3A,"Stephen Adderly, Atlantic (Delray Beach),"
,,01:52.6
,2A,"Archie Clements, Flagler Palm Coast,"
,,01:57.5
,A,"Stephen Pearson, Pensacola Christian,"
,,02:00.8
800-Meter Run,,
1990,4A,"Jose Parrilla, South Dade (Homestead),"
,,01:50.6
,3A,"Stephen Adderly, Atlantic (Delray Beach),"
,,01:53.3
,2A,"Walter Burns, Chiefland, 1:55.23"
,A,"Michael Musick, Lakeland Christian, 1:57.63"
1991,4A,"Andy James, Dillard (Fort Lauderdale),"
,,01:51.4
,3A,"Mike Cruz, St. Cloud, 1:53.7"
,2A,"John Weiskircher, Bishop Kenny"
,,"(Jacksonville), 1:58.1"
,A,"Michael Musick, Lakeland Christian, 1:54.5"
1992,4A,"Davidson Gill, Dillard (Fort Lauderdale),"
,,01:54.3
,3A,"Chris Rogers, Mandarin (Jacksonville),"
,,01:55.7
,2A,"John Weiskircher, Bishop Kenny"
,,"(Jacksonville), 1:54.54"
,A,"Amil Aljasir, Admiral Farragut (St."
,,"Petersburg), 2:00.67"
1993,4A,"Davidson Gill, Dillard (Fort Lauderdale),"
,,01:51.8
,3A,"Martin Calvillo, Southeast (Bradenton),"
,,01:53.2
,2A,"John Weiskircher, Bishop Kenny"
,,"(Jacksonville), 1:59.28"
,A,"Reid Montini, Benjamin (North Palm"
,,"Beach), 2:04.26"
1994,5A,"Danny Smith, Oak Ridge (Orlando), 1:54.97"
,4A,"Martin Calvillo, Southeast (Bradenton),"
,,01:54.5
,3A,"Roland Pezino, Haines City, 1:59.99"
,2A,"Zyris Hill, Port St. Joe, 1:59.46"
,A,"William Strawbridge, Lakeland Christian,"
,,02:02.6
1995,6A,"Yohanee Haynes, Miami Central, 1:52.24"
,5A,"Joseph Richardson, Wolfson (Jacksonville),"
,,01:55.3
,4A,"Brian McKean, Bishop Kenny (Jacksonville),"
,,01:57.4
,3A,"Stephen Bramlett, North Florida Christian"
,,"(Tallahassee), 2:00.68"
,2A,"Daryl Stalzer, St. John Neumann (Naples),"
,,02:00.7
1996,6A,"Moses Washington, Miami Carol City,"
,,01:54.2
,5A,"Joseph Richardson, Wolfson (Jacksonville),"
,,01:53.9
,4A,"Kenlord Davis, Cypress Lake (Fort Myers),"
,,01:58.0
,3A,"Darrin Miller, Tampa Catholic, 1:59.73"
,2A,"Luke Taunton, Wewahitchka, 1:58.88"
1997,6A,"Moses Washington, Miami Carol City,"
,,01:53.3
,5A,"Thomas Tyler, Estero, 1:56.02"
,4A,"William Jeffries, Lake Wales, 1:56.64"
,3A,"Marcus Tanner, Chiefland, 1:57.76"
,2A,"Caleb Connor, Maclay (Tallahassee), 2:00.48"
1998,6A,"Moses Washington, Miami Carol City,"
,,01:50.1
,5A,"Jorge Tugnon, Boca Raton, 1:55.67"
,4A,"Mario Williams, Raines (Jacksonville),"
,,01:54.4
,3A,"Kevin Quencer, Ransom Everglades"
,,"(Miami), 1:54.05"
,2A,"Joseph Taunton, Wewahitchka, 1:55.36"
1999,6A,"Jean Balon, Miami Central, 1:53.74"
,5A,"Antonio Martin, Seminole (Sanford),"
,,01:56.7
,4A,"Mario Williams, Raines (Jacksonville),"
,,01:56.3
,3A,"Kelly Basinger, Bolles (Jacksonville), 1:58.51"
,2A,"Aldo Gonzalez, Benjamin (North Palm"
,,"Beach), 1:55.63"
2000,4A,"David Freeman, Hialeah, 1:52.84"
,3A,"Theo Esson, Northeast (Oakland Park),"
,,01:52.5
,2A,"Daniel Soule, Pensacola Catholic, 1:57.16"
,A,"Aldo Gonzalez, Benjamin (North Palm"
,,"Beach), 1:55.83"
2001,4A,"Paul Cross, Flanagan (Pembroke"
,,"Pines),1:54.78"
,3A,"Ryan Albertson, Pine Forest (Pensacola),"
,,01:54.7
,2A,"Daniel Soule, Pensacola Catholic, 1:54.36"
,A,"Christopher Walkes, Upperroom Christian"
,,"(Lauderhill), 1:55.58"
2002,4A,"Paul Cross, South Plantation, 1:50.19"
,3A,"Sam Vazquez, Flagler Palm Coast, 1:51.48"
,2A,"Andrew Martin, Gulliver Prep (Miami),"
,,01:55.3
,A,"Omar Osbourne, Upperroom Christian"
,,"(Lauderhill), 1:56.57"
2003,4A,"Davon Johnson, Homestead, 1:52.01"
,3A,"Sam Vazquez, Flagler Palm Coast, 1:50.77"
,2A,"Erick Ward, Suncoast (Riviera Beach),"
,,01:54.5
,A,"Patrick Weaver, St. Johns Country Day"
,,"(Jacksonville), 1:52.79"
2004,4A,"Chauncey Thompkins, Miami"
,,"Northwestern, 1:53.55"
,3A,"Timothy Harris, Miami Washington, 1:49.75"
,2A,"Sam Secord, St. Petersburg Catholic,"
,,01:54.9
,1A,"Justin Taylor, St. Joseph (St. Augustine),"
,,01:52.4
2005,4A,"Mikal Ebanks, Miami Norland, 1:54.58"
,3A,"Chris Thomas, Fort Lauderdale, 1:55.52"
,2A,"Joseph Franklin, Godby (Tallahassee),"
,,01:55.9
,1A,"Justin Taylor, St. Joseph (St. Augustine),"
,,01:55.5
2006,4A,"Justin Harbor, Flagler Palm Coast, 1:55.10"
,3A,"Mikail Ebanks, Hallandale, 1:53.53"
,2A,"Joseph Franklin, Godby (Tallahassee),"
,,01:53.5
,1A,"Fidel Betancourt, Dade Christian (Miami),"
,,01:57.5
2007,4A,"Terri Charles, Evans (Orlando), 1:53.54"
,3A,"Brandon Harris, Washington (Miami),"
,,01:54.3
,2A,"Joseph Franklin, Godby (Tallahassee),"
,,01:54.3
,1A,"Whitney Strickland, North Florida Christian"
,,"(Tallahassee), 1:56.86"
2008,4A,"Charles Lockhart, Flagler Palm Coast,"
,,01:52.2
,3A,"Hamilton Boykin, Navarre, 1:56.27"
,2A,"Joseph Franklin, Godby (Tallahassee),"
,,01:54.5
,1A,"Whitney Strickland, North Florida Christian"
,,"(Tallahassee), 1:56.55"
2009,4A,"John Mitchell, Durant (Plant City), 1:52.93"
,3A,"Sean Obinwa, Wharton (Tampa), 1:53.56"
,2A,"Darrin Gibson, Robinson (Tampa), 1:53.38"
,1A,"Whitney Strickland, North Florida Christian"
,,"(Tallahassee), 1:55.67"
2010,4A,"Cameron Davis, Fleming Island, 1:55.43"
,3A,"Matthew Bevil, Fort Walton Beach, 1:52.82"
,2A,"Terrell Bryant, Godby (Tallahassee), 1:54.93"
,1A,"Robert Hussey, Mount Dora Bible, 1:58.54"
2011,4A,"Ricy Brown, Countryside (Clearwater),"
,,01:53.5
,3A,"Isaiah Smith, Lake Weir (Ocala), 1:52.58"
,2A,"Marcus Martinez, Ponte Vedra, 1:55.01"
,1A,"Evan Rosenberg, Trinity Prep (Winter Park),"
,,01:57.3
2012,4A,"Otniel Teixeira, Lake Brantley (Altamonte"
,,"Springs), 1:51.43"
,3A,"Ryan Schnulle, Charlotte (Punta Gorda),"
,,01:53.2
,2A,"Nicholas Palermo, North Broward Prep"
,,"(Coconut Creek), 1:54.40"
,1A,"Mario Ojeda, Northside Christian (St."
,,"Petersburg), 1:56.10"
2013,4A,"Andres Arroyo, Colonial (Orlando), 1:54.09"
,3A,"Jonathan Moore, Jefferson (Tampa), 1:55.21"
,2A,"Chris Jackson, Dunnellon, 1:55.42"
,1A,"Connor Cureton, St. Petersburg Catholic,"
,,01:56.1
2014,4A,"Kyren Hollis, Olympia (Orlando), 1:54.49"
,3A,"Avery Bartlett, Chiles (Tallahassee), 1:52.27"
,2A,"John Decker, Pine Crest (Fort Lauderdale),"
,,01:55.0
,1A,"Daniel Welch, Holy Trinity (Melbourne),"
,,01:57.0
2015,4A,"Humberto Freire, Columbus, 1:53.03"
,3A,"Avery Barlett, Chiles (Tallahassee),"
,,01:53.1
,2A,"Vaquan Small, Washington (Miami), 1:57.03"
,1A,"Chris Robin, Calvary Christian, 1:57.23"
2016,4A,"Justin Pacifico, Flagler Palm, 1:52.91"
,3A,"Joseph Jac Storey, Creekside, 1:56.03"
,2A,"Deandre Petty, Andrew Jackson, 1:56.69"
,1A,"Luke Peterson, Shorecresh Prep, 1:56.76"
2017,4A,"Jon Rivera, Lakewood Ranch, 1:53.16"
,3A,"Jospeh Storey, Creekside, 1:53.26"
,2A,"Danny Ferro, Calvary Christian (Fort Lau-"
,,"derdale), 1:54.07"
,1A,"Justin Bridgewater, The King's Academy,"
,,01:55.1
2018,4A,"Sukeil Foucha, Piper (Sunrise), 1:55.13"
,3A,"Hugh Brittenham, Estero, 1:52.40"
,2A,"Danny Ferro, Calvary Christian (Fort"
,,"Lauderdale), 1:52:12"
,1A,"Trevor Foley, Citrus Park, 1:55.27"
2019,4A,"Sukeil Foucha, Piper (Sunrise), 1:51.00"
,3A,"Hugh Brittenham, Estero, 1:52.95"
,2A,"Chase Rivera, Bolles (Jacksonville), 1:51.93"
,1A,"Junious Brown, Maclay (Tallahassee),"
,,01:55.3
,"A Paul McNulty, Trinity Prep (Winter Park),",
,04:22.4,
1981,"4A Bart Sellers, Largo, 4:12.4",
,"3A James Hickey, Rockledge, 4:20.1",
,"2A Paul Dinkler, P.K. Yonge (Gainesville), 4:29.7",
,"A Dan McQuaig, Montverde Academy, 4:31.9",
1982,"4A Brian Jaeger, Winter Park, 4:09.3",
,"3A Kenneth Milliken, Jupiter, 4:19.1",
,"2A William Convey, Ransom Everglades",
,"(Miami), 4:17.8",
,"A Gary Smith, Pensacola Christian, 4:33.0",
1983,"4A Ken Cheeseman, Lake Howell (Winter Park),",
,04:08.5,
,"3A Kurt Backman, Buchholz (Gainesville),",
,04:18.2,
,"2A William Convey, Ransom Everglades",
,"(Miami), 4:13.2",
,"A Kevin Cantrell, Mount Dora Bible, 4:29.6",
1984,"4A Ken Cheeseman, Lake Howell (Winter Park),",
,04:09.3,
,"3A Thomas Tissell, North Fort Myers, 4:27.8",
,"2A Jeff Wright, Cocoa Beach, 4:26.0",
,"A William Calhoun, Tampa Prep, 4:25.2",
1985,"4A Wilburn Penick, Seminole (Sanford), 4:18.0",
,"3A Thomas Tissell, North Fort Myers, 4:22.0",
,"2A Larry Abele, Florida High (Tallahassee),",
,04:20.1,
,"A Michael Claeys, Westminster Academy (Fort",
,"Lauderdale), 4:29.9",
1986,"4A Lemuel McEachin, Wolfson (Jacksonville),",
,04:17.4,
,"3A Anthony Bombassaro, Fort Myers, 4:23.97",
,"2A Kristin Smith, Admiral Farragut (St.",
,"Petersburg), 4:22.7",
,"A Michael Reynolds, Palmer (Miami), 4:30.86",
1987,"4A Michael Levalle, Boyd Anderson",
,"(Lauderdale Lakes), 4:15.3",
,"3A Sean Tooze, Crystal River, 4:20.88",
,"2A Thomas Cunningham, Naples, 4:25.83",
,"A Roger Dobson, Jay, 4:31.20",
1988,"4A Patrick McDonough, Largo, 4:15.29",
,"3A Scott Peter, Gainesville, 4:16.1",
,"2A James Knucles, Lemon Bay (Englewood),",
,04:27.2,
,"A Michael Reynolds, Palmer (Miami), 4:30.7",
1989,"4A Ted Mitchell, Lyman (Longwood), 4:15.3",
,"3A Christopher Wilson, Niceville, 4:17.70",
,"2A Herschel Johnson, P.K. Yonge (Gainesville),",
,04:25.2,
,"A Kyle Klomp, Santa Fe Catholic (Lakeland),",
,04:27.8,
1600-Meter Run,,
1990,"4A Christopher Wilson, Niceville, 4:11.18",
,"3A Stephen Adderly, Atlantic (Delray Beach),",
,04:17.4,
,"2A Joseph Maselter, Bishop Verot (Fort Myers),",
,04:22.3,
,"A Lucas Theophilus, Berkshire (Homestead),",
,04:28.6,
1991,"4A Danny Harrell, Miami Jackson, 4:13.01",
,"3A Thomas Mayes, Raines (Jacksonville),",
,04:12.9,
,"2A Brennan O’Brien, Bishop Kenny",
,"(Jacksonville), 4:23.7",
,"A Sean Lyden, Westminster Academy (Fort",
,"Lauderdale), 4:30.0",
1992,"4A Luis Prestes, Miami Beach, 4:17.54",
,"3A Martin Calvillo, Southeast (Bradenton),",
,04:27.9,
,"2A Samuel Graves, Marianna, 4:23.27",
,"A Christopher Malfant, Admiral Farragut (St.",
,"Petersburg), 4:31.27",
1993,"4A Brian Good, Washington (Pensacola),",
,04:19.2,
,"3A Martin Calvillo, Southeast (Bradenton),",
,04:18.2,
,"2A John Weiskircker, Bishop Kenny",
,"(Jacksonville), 4:18.99",
,"A Reid Montini, Benjamin (North Palm",
,"Beach), 4:31.50",
1971,2A,"Allan Rosenblum, Hialeah, 4:19.5"
,A,"Dennis Skelton, Chaminade (Hollywood),"
,,04:13.2
,B,"Earl Jonas, Union County (Bristol), 4:35.2"
,C,"Ernest Beckwith, Liberty County (Bristol),"
,,04:36.2
1972,4A,"Don Waters, Largo, 4:17.7"
,3A,"Ricky Golden, Palatka South, 4:22.9"
,2A,"David Whitmire, Gulf Breeze, 4:30.8"
,A,"John Adair, Trinity Prep (Winter Park), 4:35.0"
1973,4A,"Don Waters, Largo, 4:16.2"
,3A,"K. Holzwart, Bishop Barry (St. Petersburg),"
,,04:16.6
,2A,"Jason Brown, Avon Park, 4:26.2"
,A,"John Rowan, Greensboro, 4:31.3"
1974,4A,"Don Cook, Winter Park, 4:14.5"
,3A,"Cliff Betts, Fort Myers, 4:22.2"
,2A,"James Brown, Avon Park, 4:27.9"
,A,"Malory McCray, Lafayette (Mayo), 4:26.1"
1975,4A,"Tommy Curtis, Brandon, 4:15.9"
,3A,"Richard Henton, Shanks (Quincy), 4:15.6"
,2A,"Thad McNulty, Trinity Prep (Winter Park),"
,,04:22.8
,A,"Mabry McCray, Lafayette (Mayo), 4:21.6"
1976,4A,"Tommy Herron, Lyman (Longwood), 4:10.4"
,3A,"Doug Overfelt, Astronaut (Titusville), 4:20.2"
,2A,"Thad McNulty, Trinity Prep (Winter Park),"
,,04:20.2
,A,"Willie Huggins, Greenville, 4:34.8"
1977,4A,"Dennis Sweet, Miami Jackson, 4:17.9"
,3A,"Doug Overfelt, Astronaut (Titusville), 4:14.0"
,2A,"Alphonso Williams, Avon Park, 4:19.5"
,A,"Sam Fead, Greenville, 4:34.7"
1978,4A,"Herbert Jackson, Brandon, 4:16.2"
,3A,"Jeffery Warrick, Bayshore (Bradenton),"
,,04:15.2
,2A,"Scott Scheffler, Clewiston, 4:14.7"
,A,"Paul McNulty, Trinity Prep (Winter Park),"
,,04:25.0
1979,4A,"John Cull, Columbus (Miami) (Miami),"
,,04:13.1
,3A,"Jeffery Warrick, Bayshore (Bradenton),"
,,04:13.5
,2A,"Scott Scheffler, Clewiston, 4:13.9"
,A,"Paul McNulty, Trinity Prep (Winter Park),"
,,04:32.8
1980,4A,"Basil Magee, Largo, 4:08.98"
,3A,"Jeffery Warrick, Bayshore (Bradenton),"
,,04:16.8
,2A,"Jose Rodriguez, LaSalle (Miami), 4:26.65"
1994,5A,"Brian Good, Washington (Pensacola),"
,,04:16.6
,4A,"Martin Calvillo, Southeast (Bradenton),"
,,04:22.7
,3A,"Adam Spater, Lecanto, 4:23.8"
,2A,"Rhett Russenberger, Pensacola Catholic,"
,,04:29.1
,A,"William Strawbridge, Lakeland Christian,"
,,04:33.7
1995,6A,"Matt Sisk, Manatee (Bradenton), 4:18.18"
,5A,"Jorge Tugnon, Boca Raton, 4:27.68"
,4A,"Adam Spater, Lecanto, 4:22.51"
,3A,"Marcus Tanner, Chiefland, 4:27.95"
,2A,"Luis Delfin, Admiral Farragut (St."
,,"Petersburg), 4:36.80"
1996,6A,"Robert Evans, Lyman (Longwood), 4:16.55"
,5A,"Matthew Whaley, Estero, 4:21.84"
,4A,"Eric Montalvo, Belen Jesuit (Miami), 4:18.55"
,3A,"Darrin Miller, Tampa Catholic, 4:21.83"
,2A,"Luke Taunton, Wewahitchka, 4:30.97"
1997,6A,"Courtney Chambers, Boyd Anderson"
,,"(Lauderdale Lakes), 4:20.8"
,5A,"Justin Insco, Rutherford (Springfield),"
,,04:18.8
,4A,"William Jeffries, Lake Wales, 4:19.12"
,3A,"Marcus Tanner, Chiefland, 4:14.44"
,2A,"David Thornton, Upperroom Christian"
,,"(Lauderhill), 4:29.24"
1998,6A,"Moise Joseph, Miami Central, 4:15.12"
,5A,"Thomas Kunish, Woodham (Pensacola),"
,,04:21.5
,4A,"Charles Lee, Lecanto, 4:20.71"
,3A,"Ben Kozyak, Ransom Everglades (Miami),"
,,04:30.1
,2A,"Joseph Taunton, Wewahitchka, 4:23.91"
1999,6A,"Moise Joseph, Miami Central, 4:13.4"
,5A,"Alexander L’Heureux, Palm Beach Gardens,"
,,04:15.6
,4A,"Brian Major, Hernando (Brooksville), 4:23.81"
,3A,"Giscard Titus, Cardinal Newman (West Palm"
,,"Beach), 4:23.45"
,2A,"Roderick Givens, Port St. Joe, 4:25.18"
2000,4A,"Moise Joseph, Miami Central, 4:10.85"
,3A,"Matthew Ciancuilli, Flagler Palm Coast,"
,,04:16.6
,2A,"Daniel Soule, Pensacola Catholic, 4:19.27"
,A,"Rolf Steier, Berkeley Prep (Tampa), 4:19.74"
2001,4A,"John Jefferson, Atlantic (Delray Beach),"
,,04:13.1
,3A,"Matthew Cianciulli, Flagler Palm Coast,"
,,(Bunnell) 4:12.42
,2A,"Daniel Soule, Pensacola Catholic, 4:17.30"
,A,"Rolf Steier, Berkeley Prep (Tampa), 4:18.08"
2002,4A,"Kevin Hicks, Miami Central, 4:12.69"
,3A,"Sam Vazquez, Flagler Palm Coast, 4:09.44"
,2A,"Andrew Martin, Gulliver Prep (Miami),"
,,04:17.8
,A,"Omar Osbourne, Upperroom Christian"
,,"(Lauderhill), 4:12.45"
2003,4A,"Paul Cross, South Plantation, 4:16.35"
,3A,"Sam Vazquez, Flagler Palm Coast, 4:12.68"
,2A,"Jose Garcia, Belen Jesuit (Miami), 4:15.99"
,A,"Ross McMillan, Maclay (Tallahassee),"
,,04:22.3
2004,4A,"Coleman Hoover, Winter Park, 4:16.23"
,3A,"Scott Hans, Ridgeview (Orange Park),"
,,04:16.5
,2A,"Andy Biladeau, Jesuit (Tampa), 4:17.44"
,1A,"Justin Taylor, St. Joseph (St. Augustine),"
,,04:21.3
2005,4A,"Coleman Hoover, Winter Park, 4:20.18"
,3A,"Scott Mackley, Kathleen (Lakeland), 4:15"
,2A,"Andy Biladeau, Jesuit (Tampa), 4:11.63"
,1A,"Justin Taylor, St. Joseph (St. Augustine),"
,,04:18.2
2006,4A,"Justin Harbor, Flagler Palm Coast, 4:15.22"
,3A,"Steven Bell, Land O'Lakes, 4:17.09"
,2A,"Joseph Franklin, Godby (Tallahassee),"
,,04:21.3
,1A,"Ryan Harris, Oak Hall (Gainesville), 4:23.40"
2007,4A,"Alex Wills, Colonial (Orlando), 4:18.44"
,3A,"James Grantham, North Port, 4:18.47"
,2A,"Joseph Franklin, Godby (Tallahassee),"
,,04:08.8
,1A,"Michael Anderson, P.K. Yonge (Gainesville),"
,,04:19.4
2008,4A,"John Mitchell, Durant (Plant City), 4:21.63"
,3A,"Johnathan Esteban, Robert E. Lee"
,,"(Jacksonville), 4:22.03"
,2A,"Joseph Franklin, Godby (Tallahassee),"
,,04:15.6
,1A,"Ryan Harris, Oak Hall (Gainesville), 4:26.64"
2009,4A,"Armando Del Valle, Columbus (Miami),"
,,04:17.4
,3A,"Matt Mizereck, Leon (Tallahassee), 4:17.71"
,2A,"Connor Revord, Jesuit (Tampa), 4:21.51"
,1A,"Taylor Peliska, St. John Neumann (Naples),"
,,04:21.6
2010,4A,"Ryan Pickering, John I. Leonard"
,,"(Greenacres), 4:11.77"
,3A,"Matt Mizereck, Leon (Tallahassee), 4:15.13"
,2A,"Colin Barker, Bishop Kenny (Jacksonville),"
,,04:18.1
,1A,"David Kilgore, Holy Trinity (Melbourne),"
,,04:27.0
2011,4A,"Armando Del Valle, Columbus (Miami),"
,,04:09.5
,3A,"Tyler Cardillo, Charlotte (Punta Gorda),"
,,04:11.3
,2A,"Bert Irigoyen, Ransom Everglades (Miami),"
,,04:22.2
,1A,"David Kilgore, Holy Trinity (Melbourne),"
,,04:21.5
2012,4A,"Andres Arroyo, Colonial (Orlando), 4:14.06"
,3A,"Ryan Schnulle, Charlotte (Punta Gorda),"
,,04:16.5
,2A,"Bert Irigoyen, Ransom Everglades (Miami),"
,,04:19.6
,1A,"Ryan Gousse, Trinity Prep (Winter Park),"
,,04:17.2
2013,4A,"Andres Arroyo, Colonial (Orlando), 4:15.50"
,3A,"Nicholas Morken, Niceville, 4:23.79"
,2A,"David Yarborough, Bishop Kenny"
,,"(Jacksonville), 4:20.89"
,1A,"Alex Brown, Holy Trinity (Melbourne),"
,,04:25.8
2014,4A,"Jack Guyton, Plant (Tampa), 4:11.86"
,3A,"Sukhi Khosla, Leon (Tallahassee), 4:05.96"
,2A,"Gaby Correa, Ransom Everglades (Miami),"
,,04:21.4
,1A,"Franco Martins, Windermere Prep, 4:22.33"
2015,4A,"Carlin Berryhill, Coral Reef, 4:16.91"
,3A,"Avery Bartlett, Chiles (Tallahassee), 4:12.76"
,2A,"Connor Vaughan, Wolfson, 4:19.42"
,1A,"Franco Martins, Windermere Prep, 4:20.39"
2016,4A,"Timothy Doyle, Freedom, 4:15.42"
,3A,"Steven Cross, Merritt Island, 4:22.33"
,2A,"Trevor Foley, Hernando, 4:18.98"
,1A,"Luke Peterson, Shorecrest Prep, 4:31.06"
2017,4A,"Timothy Doyle, Freedom, 4:21.45"
,3A,"Matthew Clark, Creekside, 4:17.16"
,2A,"Caleb Pottorff, Lincoln Park, 4:16.21"
,1A,"Chase Hyland, The Pine School, 4:28.74"
2018,4A,"Timothy Doyle, Freedom (Orlando), 4:15.42"
,3A,"Michael Phillips, Chiles (Tallahassee),"
,,04:08.2
,2A,"Paul Stafford, Lake Wales, 4:12.70"
,1A,"Trevor Foley, Citrus Park, 4:21.34"
2019,4A,"Angel Vicioso, Oviedo, 4:15.93"
,3A,"Hugh Brittenham, Estero, 4:14.73"
,2A,"Charles Hicks, Bolles (Jacksonville), 4:13.47"
,1A,"Junious Brown, Maclay (Tallahassee),"
,,04:20.9
,2A,"Lewis McDonald, Fort Meade, 6’0”"
,A,"Gary Beach, Branford, 5’10”"
1973,4A,"Ellis Miller, Stranahan (Fort Lauderdale), 6’8"
,,1/2”
,3A,"M. Stuckey, Cocoa, 6’6”"
,2A,"Dwight Floyd, Florida High (Tallahassee),"
,,6’0”
,A,"Peter Jordan, Westminster Christian"
,,"(Miami), 6’4”"
1974,4A,"James Hall, Robinson (Tampa), 6’6 1/4”"
,3A,"Steve Drawdy, Vanguard (Ocala), 6’2”"
,2A,"Bill Balanag, LaSalle (Miami), 6’7”"
,A,"Charles Barrineau, Pensacola Christian,"
,,5’10”
1975,4A,"Andrew Jones, Miami Killian, 6’3”"
,3A,"Calvester Brightman, Eastside (Gainesville),"
,,6’4”
,2A,"Ken Burley, Avon Park, 6’2”"
,A,"John Gratton, Westminster Christian"
,,"(Miami), 6’4”"
1976,4A,"John Burch, Mainland (Daytona Beach), 6’6”"
,3A,"Richard Crane, Cocoa Beach, 6’8”"
,2A,"Carlos Abavnza, LaSalle (Miami), 6’3”"
,A,"Carl Robinson, St. Joseph (St. Augustine),"
,,5’10”
1977,4A,"John Burch, Mainland (Daytona Beach),"
,,6’10”
,3A,"Kenneth Gibson, Apopka, 6’6”"
,2A,"Gary Gassett, Santa Fe (Alachua), 6’7”"
,A,"Carl Robinson, St. Joseph (St. Augustine),"
,,6’0”
1978,4A,"Robert Haley, Brandon, 6’11”"
,3A,"Alfonzo Stoutamire, Baker County (Glen St."
,,"Mary), 6’8”"
,2A,"Doxey Alston, Florida High (Tallahassee),"
,,6’5”
,A,"Terrance Hinson, FAMU (Tallahassee), 6’7”"
1979,4A,"Carlos Leonard, Oak Ridge (Orlando), 7’0”"
,3A,"Clarence Conyers, Haines City, 6’6”"
,2A,"Vito McKeever, Dunnellon, 6’8 1/4”"
,A,"Terrance Hinson, FAMU (Tallahassee), 6’8”"
1980,4A,"Jerry Smith, Mainland (Daytona Beach), 6’8”"
,3A,"Albert Peacock, Crestview, 6’6”"
,2A,"Vito McKeever, Dunnellon, 6’4”"
,A,"Willie Harper, Frostproof, 6’6 1/2”"
1981,4A,"Moe Johnson, American (Hialeah), 6’6”"
,3A,"Michael Rosamila, Titusville, 6’8 1/4”"
,2A,"Michael Beal, Pace, 6’4”"
,A,"Kenneth Moore, Mount Dora Bible, 6’2”"
1982,4A,"David Etheridge, Winter Haven, 6’8”"
,3A,"Michael Rosamila, Titusville, 6’10”"
,2A,"Bobby Parrish, Jefferson County"
,,"(Monticello), 6’4”"
,A,"Dwight Dodd, Munroe (Quincy), 6’5”"
1983,4A,"David Etheridge, Winter Haven, 7’0”"
,3A,"Sonny Williams, Glades Central (Belle"
,,"Glade), 7’0”"
,2A,"Albernard Walker, Pahokee, 6’6”"
,A,"Kenny Moore, Mount Dora Bible, 6’6”"
1984,4A,"Jay Singleton, Miami Central, 6’10”"
,3A,"Steven Harris, Vanguard (Ocala), 6’10”"
,2A,"Gerald White, Tampa Catholic, 6’4”"
,A,"Alvin Harper, Frostproof, 6’6”"
1985,4A,"Ralph Philpott, Lyman (Longwood), 6’10”"
,3A,"Steven Harris, Vanguard (Ocala), 6’8”"
,2A,"Gerald White, Tampa Catholic, 6’6”"
,A,"Alvin Harper, Frostproof, 6’11”"
1986,4A,"Ralph Philpott, Lyman (Longwood), 6’10”"
,3A,"Billy Wade, Glades Central (Belle Glade),"
,,6’10”
,2A,"Derrick Berry, Pahokee, 6’4”"
,A,"Alvin Harper, Frostproof, 6’6”"
1987,4A,"Darran Morgan, Evans (Orlando), 6’8”"
,3A,"Freenas Harris, Vanguard (Ocala), 6’8”"
,2A,"Greg Smith, Bolles (Jacksonville), 6’6”"
,A,"Cliff Scott, Sneads, 6’2”"
1988,4A,"Eric Hannah, Dunedin, 7’1”"
,3A,"Walter Hopson, Seminole (Sanford), 6’8”"
,2A,"Ken Leeks, Marianna, 6’6”"
,A,"Thomas Mason, Lakeland Christian, 6’4”"
1989,4A,"Horace Copeland, Evans (Orlando), 6’10”"
1971,2A,"Clarence Tate, Washington (Pensacola), 6’6”"
,A,"Patrick Osborne, Boca Raton, 6’2”"
,B,"Don Berg, Ransom (Miami), 6’0”"
,C,"William Moody, Greensboro, 6’4 3/4”"
1972,4A,"Jeff Nedimeyer, Titusville, 6’8”"
,3A,"Zach Perkins, Crestview, 6’2”"
,3A,"Eddie Roberts, Dillard (Fort Lauderdale),"
,,6’10”
,2A,"Wayne Clements, Flagler Palm Coast, 6’8"
,,1/2”
,A,"Tommy Montgomery, Florida School for"
,,"the Deaf (St. Augustine), 6’6”"
1990,4A,"Eric Matthews, Santaluces (Lantana), 6’8”"
,3A,"Juan Thomas, Deerfield Beach, 6’10”"
,2A,"Jason Johnson, Pahokee, 6’8”"
,A,"Tommy Montgomery, Florida School for"
,,"the Deaf (St. Augustine), 6’8”"
1991,4A,"Thomas Jarosik, Lyman (Longwood), 6’10”"
,3A,"Percell Gaskins, Seabreeze (Daytona"
,,"Beach), 7’0”"
,2A,"Preston Jarvis, Pahokee, 6’6”"
,A,"Jason Costner, Lakeland Christian, 6’10”"
1992,4A,"Willie Gosha, Choctawhatchee (Fort Walton"
,,"Beach), 6’8”"
,3A,"Issac Hill, New Smyrna Beach, 7’0”"
,2A,"Michael Bowman, Interlachen, 6’8”"
,A,"Hunter Glaum, Shorecrest (St. Petersburg),"
,,6’8”
1993,4A,"Donald Bates, Buchholz (Gainesville), 6’10”"
,3A,"Darren Grant, Pasco (Dade City), 6’8”"
,2A,"Jeremy Ladley, Umatilla, 6’10”"
,A,"Terrence Williams, FAMU (Tallahassee), 6’8”"
1994,5A,"Tim James, Miami Northwestern, 7’2”"
,4A,"Charles Griffin, Gainesville, 7’0”"
,3A,"John Navrati, Osceola (Seminole), 6’8”"
,2A,"Antwione Allen, Port St. Joe, 6’10”"
,A,"Terrence Williams, FAMU (Tallahassee), 6’6”"
1995,6A,"Tim James, Miami Northwestern, 6’10”"
,5A,"Derrick Robinson, First Coast (Jacksonville),"
,,6’8”
,4A,"Tony Robinson, Shanks (Quincy), 6’6”"
,3A,"Antwione Allen, Port St. Joe, 7’0 1/4”"
,2A,"Thomas Mehegan, Father Lopez (Daytona"
,,"Beach), 6’2”"
1996,6A,"Shawn Brown, Bloomingdale (Valrico), 6’8”"
,5A,"Cameron Ankele, St. Thomas Aquinas (Fort"
,,"Lauderdale), 6’8”"
,4A,"Arnold Jackson, Andrew Jackson"
,,"(Jacksonville), 6’10”"
,3A,"Marco Givens, Port St. Joe, 6’6”"
,2A,"Brad Barnes, Lakeland Christian, 6’6”"
1997,6A,"Shawn Brown, Bloomingdale (Valrico),"
,,6’10”
,5A,"Jay Reckenwald, Clearwater, 6’10”"
,4A,"Darell Johnson, Rockledge, 6’8”"
,3A,"Michael Cannon, Walton (DeFuniak"
,,"Springs), 6’6”"
,2A,"Randall Jones, Moore Haven, 6’8”"
1998,6A,"Mathew Vincent, Martin County (Stuart),"
,,6’10”
,5A,"Jay Rockenweld, Clearwater, 6’8”"
,4A,"Marcus Johnson, Rockledge, 6’8”"
,3A,"Tony Williams, Hamilton County (Jasper),"
,,6’8”
,2A,"Brad Barnes, Lakeland Christian, 6’6”"
1999,6A,"Matt Vincent, Martin County (Stuart), 7’0”"
,5A,"Kevin Rose, Merritt Island, 6’10”"
,4A,"Roderick Henry, Jones (Orlando), 6’8”"
,3A,"Leevan Sands, Florida Air Academy"
,,"(Melbourne), 6’8”"
,2A,"Andre Cross, Broward Christian"
,,"(Plantation), 6’4”"
2000,4A,"Eric Rodriguez, Winter Park, 6’8”"
,3A,"Jimmy Baxter, Boca Ciega (Gulfport), 7’2”"
,2A,"Corey Harper, Bayside (Palm Bay), 6’6”"
,A,"Andre Cross, Broward Christian"
,,"(Plantation), 6’6”"
2001,4A,"Wenbos Mukubu, Miami Beach, 6’10”"
,3A,"Gary Mays, Woodham (Pensacola), 6’6”"
,2A,"Terrance McClain, Hamilton County"
,,"(Jasper), 7’0”"
,A,"Craig McClure, Maclay (Tallahassee), 6’6”"
2002,4A,"Tony Collins, John I. Leonard (Greenacres),"
,,"6'10"""
,3A,"DeWayne Jenkins, Flagler Palm Beach"
,,"(Bunnell), 6'10"""
,2A,"Terrance McClain, Hamilton County"
,,"(Jasper), 7'0"""
,A,"Dennis Allen, Seven Rivers Christian"
,,"(Lecanto), 6'6"""
2003,4A,"Jermaine Moreira, Dwyer (Palm Beach"
,,"Gardens), 6'8"""
,3A,"Dempsey Josinvil, Glades Central (Belle"
,,"Glade), 7'01"""
,2A,"Roy Jossfolk, Chaminade (Hollywood), 6'6"""
,A,"Marcus Edwards, Lafayette (Mayo), 6'6"""
2004,4A,"Shawn Aronson, Boone (Orlando), 6'6"""
,3A,"Erroll Blackmon, Washington (Pensacola),"
,,"6'10"""
,2A,"Dempsey Josinvil, Glades Central (Belle"
,,"Glade), 6'10"""
,1A,"Marcus Edwards, Lafayette (Mayo), 6'8"""
2005,4A,"Jamal Whitted, Oak Ridge (Orlando), 6'8"""
,3A,"Machel Hunter, Wharton (Tampa), 6'8"""
,2A,"Micky Gilyard, Crescent City, 6'8"""
,1A,"James Hughes, Graceville, 6'8"""
2006,4A,"Mike Edwards, Poinciana (Kissimmee), 6'8"""
,3A,"Bryan Turner, Eastside (Gainesville), 6'10"""
,2A,"Mike Kursteiner, Nature Coast (Brooksville),"
,,10-Jun
,1A,"Jose Obregon, Dade Christian (Miami), 6'4"""
2007,4A,"Kevin Elliot, Colonial (Orlando), 6'8"""
,3A,"Bryan Turner, Eastside (Gainesville), 6'8"""
,2A,"Ronnie Baldner, Crystal River, 6'10"""
,1A,"Frank DeSalvo, Community School"
,,"(Naples), 6'6"""
2008,4A,"Brian Knight, Miami Southridge, 7'0"""
,3A,"Marquis Mack, Booker (Sarasota), 6'10"""
,2A,"Fred Miller, Raines (Jacksonville), 6'10"""
,1A,"Antwonne McCloud, Moore Haven, 6'4"""
2009,4A,"Jordan Clark, Wekiva (Apopka), 6'8"""
,3A,"Sharif Hudson, Washington (Pensacola),"
,,"6'10"""
,2A,"Jarvis Davis, Golden Gate (Naples), 6'8"""
,1A,"Bryan Kilts, Mount Dora Bible, 6'6"""
2010,4A,"Antron Jackson, Miami Carol City, 7'0"""
,3A,"Hercules Stancil, Bartow, 6'8"""
,2A,"Jarvis Davis, Golden Gate (Naples), 6'8"""
,1A,"James Anderson, FAMU (Tallahassee), 6'4"""
2011,4A,"Willie Bromell, American (Hialeah), 6'7"""
,3A,"Chase Meyers, Charlotte (Punta Gorda), 6'8"""
,2A,"Alphonso Legree, Fort White, 6'10"""
,1A,"Gemikal Prude, Holy Trinity (Melbourne),"
,,"6'8"""
2012,4A,"Yephni Adelphonse, Park Vista (Lake"
,,"Worth), 6'5"""
,3A,"Donavon White, Sebring, 6'6"""
,2A,"Darius World, Rockledge, 6'10"""
,1A,"Justin Jack, Orlando Christian Prep, 6'8"""
2013,4A,"Christian Williams, American (Hialeah), 6'6"""
,3A,"Bobby Harris, Springstead (Spring Hill), 6'2"""
,2A,"Terrell Campbell, Walton (DeFuniak"
,,"Springs), 6'4"""
,1A,"Marquis Haynes, University Christian"
,,"(Jacksonville), 6'8"""
2014,4A,"Christian Williams, American (Hialeah), 6'6"""
,3A,"Chris Rogers, Pine Forest (Pensacola), 6'8"""
,2A,"Corion Knight, Wakulla (Crawfordville), 6'4"""
,1A,"Terrel Phillips, Westminster Academy (Fort"
,,"Lauderdale), 6'2"""
2015,4A,"Raymond Nellom, Seminole (Sanford), 6'8''"
,3A,"John Burt, Lincoln, 6'6''"
,2A,"Tristan Schultheis, Astronaut, 6'8''"
,1A,"Kevin McClain, Hamilton County (Jasper),"
,,6'4''
2016,4A,"Triaten Elmore, Oviedo, 6'6''"
,3A,"Cal Dermody, Gulf Breeze, 6'4''"
,2A,"Tristan Schultheis, Astronaut, 6'10''"
,1A,"Hamp Cheevers, Trenton, 6'6''"
2017,4A,"Jaasiel Torres, Sarasota, 2.05m"
,3A,"Donald Chaney, Belen Jesuit (Miami),"
,,2.03m
,2A,"Israel Diaz, Citrus (Inverness), 2.00m"
,1A,"Berrick Jean Louis, Canterbury School (St."
,,"Petersburg), 2.05m"
2018,4A,"Jaasiel Torres, Sarasota, 2.14m"
,3A,"Donald Chaney, Belen Jesuit (Miami),"
,,2.02m
,2A,"Bryson Kirksey, Bolles (Jacksonville), 2.02m"
,1A,"Berrick Jean Louis, Canterbury School (St."
,,"Petersburg), 2.02m"
2019,4A,"Travis Joseph, Taravella (Coral Springs),"
,,"6'9.5"""
,3A,"Donald Chaney, Belen Jesuit (Miami), 6'7.5"""
,2A,"Caleb Snowden, Dunbar (Fort Myers),"
,,"6'11.5"""
,1A,"Brandon Pottinger, Florida Christian"
,,"(Miami), 6'3.5"""
1989,4A,"Steve Cox, Clearwater, 14’6”"
,3A,"Jason Rector, Naples, 15’0”"
,2A,"Fernando Bustamante, Admiral Farragut"
,,"(St. Petersburg), 14’0 1/4”"
,A,"David Baldwin, Montverde Academy, 13’6”"
1990,4A,"Kenneth Stissell, Winter Park, 15’0”"
,3A,"Joel Nunag, Springstead (Spring Hill), 15’0”"
,2A,"William Helms, Santa Fe (Alachua), 13’0”"
,A,"Fernando Bustamante, Admiral Farragut"
,,"(St. Petersburg), 14’6”"
1991,4A,"Kenneth Stissell, Winter Park, 15’8”"
,3A,"James Campbell, South Fork (Stuart), 14’0”"
,2A,"Stacey Daigneau, Crystal River, 13’6”"
,A,"Fernando Bustamante, Admiral Farragut"
,,"(St. Petersburg), 14’0”"
1992,4A,"Jimmy Owens, Miami Palmetto, 14’6”"
,3A,"James Campbell, South Fork (Stuart), 15’0”"
,2A,"Jose Cernuda, LaSalle (Miami), 13’6”"
,A,"David Habibe, Admiral Farragut (St."
,,"Petersburg), 11’6”"
1993,4A,"Brian Till, Osceola (Kissimmee), 14’6”"
,3A,"Hector Garcia, Belen Jesuit (Miami), 14’6”"
,2A,"Shannon Savant, Clewiston, 11’6”"
,A,"David Guilfoyle, Montverde Academy, 13’0”"
1994,5A,"Gregory Walden, Orange Park, 14’0”"
,4A,"John Kruse, Bayshore (Bradenton), 13’6”"
,3A,"Tony Marcum, Sebring, 13’6”"
,2A,"Travis Tedder, Florida High (Tallahassee),"
,,12’3”
,A,"Sam Freas, Westminster Academy (Fort"
,,"Lauderdale), 13’6”"
1995,6A,"Stefan Carpenter, Hillsborough (Tampa),"
,,13’6”
,5A,"Jason Sopher, St. Cloud, 13’0”"
,4A,"Nathan Hamann, Poinciana (Kissimmee),"
,,14’7”
,3A,"Travis Tedder, Florida High (Tallahassee),"
,,13’0”
,2A,"Mark Johnson, Northside Christian (St."
,,"Petersburg), 14’0”"
1996,6A,"David Riverbark, Hillsborough (Tampa),"
,,13’6”
,5A,"Joseph Sullivan, Gulf Breeze, 14’0”"
,4A,"Andrew Pitts, Winter Haven, 14’6”"
,3A,"Jarrod Hickman, Florida High (Tallahassee),"
,,14’0”
,2A,"Mark Johnson, Northside Christian (St."
,,"Petersburg), 15’0”"
1997,6A,"Chad Sweetser, Riverview (Sarasota), 14’6”"
,5A,"Jason Dean, Clearwater, 15’0”"
,4A,"Adam Edgington, South Lake (Groveland),"
,,14’0”
,3A,"Jarrod Hickman, Florida High (Tallahassee),"
,,13’6”
,2A,"Mark Johnson, Northside Christian (St."
,,"Petersburg), 14’6”"
1998,6A,"Sefried, Barron Collier (Naples), 15’0”"
,5A,"Patrick Gerberich, South Lake (Groveland),"
,,14’6”
,4A,"Aaron Porter, Sebastian River (Sebastian),"
,,14’0”
,3A,"Paul Condron, Clearwater Central Catholic,"
,,12’6”
,2A,"Joshua Todd, Port St. Joe, 12’6”"
1999,6A,"Jared Sweetster, Riverview (Sarasota), 14’6”"
,5A,"Brooks Weber, South Lake (Groveland),"
,,14’0”
,4A,"Jeffery Atkinson, Cardinal Gibbons (Fort"
,,"Lauderdale), 15’9”"
,3A,"Matt Cull, Bishop Verot (Fort Myers), 13’6”"
,2A,"Eddie McNicholas, Trinity Prep (Winter"
,,"Park), 14’0”"
2000,4A,"Mark Holmes, Niceville, 13’6”"
,3A,"Daniel Shaffer, South Lake (Groveland),"
,,15’0”
,2A,"Tyson Leider, Astronaut (Titusville), 14’0”"
,A,"Eddie McNicholas, Trinity Prep (Winter"
,,"Park), 15’0”"
2001,4A,"Garrett Penton, South Lake (Groveland),"
,,15’3”
,3A,"Ryan Hoff, Naples, 14’6”"
,A,"Lee Hatch, Branford, 11’6”"
1974,4A,"Tom Kaminer, Winter Park, 14’0 1/2”"
,3A,"Glenn Lewis, Fort Myers, 13’0”"
,2A,"David Swinston, Baker, 12’6”"
,A,"Marvin Jackson, Greenville, 12’0”"
1975,4A,"Tom Kaminer, Winter Park, 14’6”"
,3A,"Mike Bush, Tampa Catholic, 13’6”"
,2A,"David Swinston, Baker, 14’6 1/4”"
,A,"Marvin Jackson, Greenville, 13’8”"
1976,4A,"John Stewart, John I. Leonard (Lake Worth),"
,,15’4”
,3A,"Mike Bush, Tampa Catholic, 13’6”"
,2A,"Henry Willis, Fort Meade, 12’6”"
,A,"Richard Brown, Liberty County (Bristol),"
,,11’0”
1977,4A,"Donald Bailey, Oak Ridge (Orlando), 15’6”"
,3A,"Gordon Cousins, Tampa Catholic, 14’6”"
,2A,"Henry Willis, Fort Meade, 13’6”"
,A,"Jeffrie Brubaker, St. Joseph (St. Augustine),"
,,12’0”
1978,4A,"Steve Austin, Satellite (Satellite Beach),"
,,14’6”
,3A,"Mark Ranstadler, Venice, 13’6”"
,2A,"Terry Wright, Frostproof, 12’6”"
,A,"Jeremiah Manning, Florida School for the"
,,"Deaf (St. Augustine), 13’9”"
1979,4A,"Lee Baker, Lyman (Longwood), 14’6”"
,3A,"Mike Jasczsak, Astronaut (Titusville), 13’0”"
,2A,"George Clemons, Crescent City, 13’0”"
,A,"William Gay, Freeport, 12’0”"
1980,4A,"Todd Postlmayr, Edgewater (Orlando), 15’7"
,,1/2”
,3A,"Dan North, Cypress Lake (Fort Myers), 13’6”"
,2A,"George Clemons, Crescent City, 14’1 1/4”"
,A,"Adam Asquith, St. John Lutheran (Ocala),"
,,14’0 1/4”
1981,4A,"Kenneth Bookhart, Satellite (Satellite"
,,"Beach), 15’0”"
,3A,"Frederick McKinnon, Palatka, 14’6”"
,2A,"Dwayne Duke, Pace, 13’6”"
,A,"Andrew Asquith, St. John Lutheran (Ocala),"
,,12’6”
1982,4A,"Mike Woodruff, Winter Park, 15’0”"
,3A,"Paul Maurer, Okeechobee, 13’10 3/4”"
,2A,"William Figlesthaler, Cardinal Mooney"
,,"(Sarasota), 13’0”"
,A,"Andrew Asquith, St. John Lutheran (Ocala),"
,,12’8 1/2”
1983,4A,"Mike Arant, Orange Park, 15’4 1/4”"
,3A,"Karl Kihlander, Melbourne, 14’6”"
,2A,"Keith Kreger, Cardinal Mooney (Sarasota),"
,,13’0”
,A,"Daryl Jones, St. John Lutheran (Ocala), 11’6”"
1984,4A,"Gerald Flowers, Hialeah Miami Lakes, 15’0”"
,3A,"Steve Ott, Lake Weir (Ocala), 15’1”"
,2A,"Keith Kreger, Cardinal Mooney (Sarasota),"
,,13’6”
,A,"Daniel Webb, St. John Lutheran (Ocala),"
,,12’0”
1985,4A,"Lawrence Carr, Wolfson (Jacksonville), 15’0”"
,3A,"David Hall, Lake Weir (Ocala), 14’6”"
,2A,"Keith Sibo, Ridgewood (New Port Richey),"
,,12’6”
,A,"Michael Holloway, Lake Highland Prep"
,,"(Orlando), 13’6”"
1986,4A,"Michael Holloway, Edgewater (Orlando),"
,,14’6”
,3A,"Robert Haeck, Leesburg, 14’0”"
,2A,"John Pierce, Naples, 13’0”"
,A,"John Meadows, Lake Highland Prep"
,,"(Orlando), 13’0”"
1987,4A,"Mike Holloway, Edgewater (Orlando), 15’6”"
,3A,"Robert Haeck, Leesburg, 15’5”"
,2A,"Michael Austin, Eustis, 13’6”"
,A,"John Meadows, Lake Highland Prep"
,,"(Orlando), 14’0”"
1988,4A,"Joe Bierlein, Clearwater, 14’0”"
,3A,"Sean Davis, Barron Collier (Naples), 14’0”"
,2A,"William Breedlove, Lecanto, 13’6”"
,A,"John Meadows, Lake Highland Prep"
,,"(Orlando), 15’6”"
1971,2A,"Dan Mattox, Edgewater (Orlando), 14’6”"
,A,"Steven DeSherlia, Rickards (Tallahassee),"
,,14’0”
,B,"Donald Berg, Ransom (Miami), 13’6”"
,C,"Clinton Jacobs, Mount Dora Bible, 11’9”"
1972,4A,"Bruce Ward, Evans (Orlando), 14’8 3/4”"
,3A,"Philip Ledford, Apopka, 14’8 3/4”"
,2A,"Merl Akins, South Sumter (Bushnell), 12’6”"
,A,"Tom Wardenga, Westminster Christian"
,,"(Miami), 12’0”"
1973,4A,"Phares Rolle, Winter Park, 15’3 1/4”"
,3A,"Jesse Joiner, Haines City, 13’6”"
,2A,"Dennis Campbell, Fort Meade, 12’6”"
,2A,"Patrick Johnson, Santa Fe (Alachua), 13’0”"
,A,"Wesley Willoughby, Dade Christian (Miami),"
,,14’0”
2002,4A,"Jon Miller, Bloomingdale (Valrico), 15'3"""
,3A,"Shawn Turk, Rutherford (Springfield), 14'0"""
,2A,"Robert Burris, Lemon Bay (Englewood),"
,,"13'6"""
,A,"Danny Pelligrino, Maclay (Tallahassee), 15'9"
,,"1/4"""
2003,4A,"Christopher Sienko, Winter Springs, 13'6"""
,3A,"Kurt Lee, Central (Brooksville), 15'0"""
,2A,"Casey McGinn, Lake Highland Prep"
,,"(Orlando), 14'6"""
,A,"Stephen Gaddis, Port St. Joe, 14'0"""
2004,4A,"Ben Dickens, Douglas (Parkland), 15'9.5"""
,3A,"Justin Semeyn, Plant (Tampa), 15'0"""
,2A,"Casey McGinn, Lake Highland Prep"
,,"(Orlando), 15'0"""
,1A,"Erik Anderson, Northside Christian (St."
,,"Petersburg), 13'0"""
2005,4A,"Justin Shepherd, Vero Beach, 14'0"""
,3A,"Grant Scelzi, Largo, 15'0"""
,2A,"Brett Miller, Crystal River, 14'6"""
,1A,"Stirling VanWinkle, Maclay (Tallahassee),"
,,"14'6"""
2006,4A,"Christopher Bridgeman, Lyman"
,,"(Longwood), 14'0"""
,3A,"Eric Foran, St. Thomas Aquinas (Fort"
,,"Lauderdale), 15'0"""
,2A,"Lavon Downs, Godby (Tallahassee), 14'6"""
,1A,"Maximilian Lang, Maclay (Tallahassee),"
,,"13'6"""
2007,4A,"Joseph Davis, Riverview (Sarasota), 15'10"""
,3A,"Riley Egan, St. Thomas Aquinas (Fort"
,,"Lauderdale), 15'0"""
,2A,"Hunter Pontalivo, Key West, 15'6"""
,1A,"Noah Thompson, Coral Springs Christian,"
,,"14'0"""
2008,4A,"Andrew LaHaye, Lake Brantley (Altamonte"
,,"Springs), 16'1"""
,3A,"Riley Egan, St. Thomas Aquinas (Fort"
,,"Lauderdale), 16-7"
,2A,"Andrew Deleo, Archbishop McCarthy (Fort"
,,"Lauderdale), 14'0"""
,1A,"Noah Thompson, Coral Springs Christian,"
,,"14'0"""
2009,4A,"John Kennedy, Boone (Orlando), 15'0"""
,3A,"Mike Vani, Merritt Island, 16'8"""
,2A,"Anthony Amodio, Archbishop McCarthy"
,,"(Southwest Ranches), 14'0"""
,1A,"Parker Harris, Port St. Joe, 14'0"""
2010,4A,"David Shepherd, St. Thomas Aquinas (Fort"
,,"Lauderdale), 15'6"""
,3A,"Alex Kazanski, Wiregrass Ranch (Wesley"
,,"Chapel), 14'0"""
,2A,"Anthony Amodio, Archbishop McCarthy"
,,"(Southwest Ranches), 15'6"""
,1A,"Gem Runyan, Admiral Farragut (St."
,,"Petersburg), 14'6"""
2011,4A,"Brian Baird, Plant (Tampa), 15'0"""
,3A,"Andrew Bales, Mitchell (New Port Richey),"
,,"14'9"""
,2A,"Garrett Scantling, Episcopal (Jacksonville),"
,,"15'0"""
,1A,"Conner Canatsey, Circle Christian (Orlando),"
,,"14'6"""
2012,4A,"Nicolas Shepherd, St. Thomas Aquinas (Fort"
,,"Lauderdale), 14'0"""
,3A,"Josh McDaniel, Lakeland, 15'6"""
,2A,"Shelton McLean, Merritt Island, 14'0"""
,1A,"Brian Ullrich, St. John Neumann (Naples),"
,,"14'0"""
2013,4A,"Clayton Washburn, Olympia (Orlando) and"
,,"Cayman Ellis, St. Petersburg, 14'6"""
,3A,"David Akins, Celebration, 14'6"""
,2A,"Nick Catchur, Jesuit (Tampa), 14'6"""
,1A,"Kyle Weaver, Maclay (Tallahassee), 15'0"""
2014,4A,"Sean Clarke, Lyman (Longwood), 14'3"""
,3A,"Devon Jerothe, River Ridge (New Port"
,,"Richey), 14'0"""
,2A,"Harry Glasser, Bolles (Jacksonville), 16'0"""
,1A,"Drew McMichael, Evangelical Christian"
,,"(Fort Myers), 14'6''"
2015,4A,"Sean Clarke, Lyman, 15'0''"
,3A,"Cole Colozzo, South Fork, 15'0''"
,2A,"David Bell, Bishop Kenny (Jacksonville),"
,,16'1''
,1A,"Drew McMichael, Evangelical Christian,"
,,16'2''
2016,4A,"Sean Clarke, Lyman, 15'9''"
,3A,"Cole Colozzo, South Fork, 15'0''"
,2A,"Noah Mumme, Satellite (Satellite Beach),"
,,"14'6"""
,1A,"Kane Aldrich, Community School (Naples),"
,,"14'6"""
2017,4A,"Gregory Skage, Winter Park, 4.70m"
,3A,"Carter Palasti, Gaither, 4.68m"
,2A,"Noah Mumme, Satellite, 4.68m"
,1A,"Kane Aldrich, Community School (Naples),"
,,4.40m
2018,4A,"Austin Thompson, Timber Creek (Orlando),"
,,4.65m
,3A,"Stone Baker, River Ridge (New Port Richey),"
,,5.09
,2A,"Noah Mumme, Satellite, 4.80m"
,1A,"Kane Aldrich, Community School (Naples),"
,,4.50m
2019,4A,"Noah St. Pierre, Lake Mary, 14'9"""
,3A,"Kobe Babin, Niceville, 15'9"""
,2A,"James Nutt, Cardinal Gibbons (Fort"
,,"Lauderdale), 14'9"""
,1A,"Blake Rimmer, Pensacola Christian, 14'9"""
